url,label
calstatela.edu/univ/ppa/publicat/today/sportsFeature.php,0
https://myspace.com/article/2015/5/13/wait-does-snoop-dogg-think-that-game-of-thrones-is-real,0
blockbuster.com/browse/catalog/movieDetails/521178,0
http://udn.com/news/story/7002/894610-%E7%BE%85%E6%96%AF%E6%BC%B8%E5%9B%9E%E9%A1%9B%E5%B3%B0%E7%8B%80%E6%85%8B-%E9%A8%8E%E5%A3%AB%E9%82%84%E6%9C%89%E9%BA%BB%E7%85%A9,0
youtube.com/watch?v=P3FpARW-5nQ,0
members.tripod.com/~USSExcaliburNCC1705C/index-2.html,1
mekongplus.eu/ppay/xdkeh/login.html?mario.spano87@vodafone.it,0
https://mitsui-jyuku.mixh.jp/uploads/5254d4fe8115bf6b56a9f2357e2c9e699c5.exe,1
aintitcool.com/node/48452,0
catb.org/~esr/kbuild,1
plutaspj.pl/altr/index.php,0
37024paypal78859.techniicall.com/30039548398609690296?cmd=j5y546f6z5y5w526j45656g6s5y5z586140656i40686,0
imdb.com/name/nm1214605/,0
arrogancy.newgrounds.com/flash/,0
en.wikipedia.org/wiki/1970_Montreal_Expos_season,0
montrealgazette.com/Montreal+Laval+toll+bridge+opens/4822428/story.html,0
shelbycountytexashistory.org/Shelby/Shelbydead/Wad-Walk.htm,0
bit.ly/R9VcDn,0
'www.the4fitz.com/open/24/online/?ref10=CQ_LOCKOUT&amp;SAMLart=AAHqCB\%2F7\%2FXGM7Rhi2FyN533cuine7RXKDtzJfNbG\%2BIKGChmyZtJuRTIx',0
boe.ca.gov/cgi-bin/rates.cgi,0
http://www.skubawerk.de/fr/accessories,1
youtube.com/watch?v=jGBahDeGhpg,0
http://www.bisinellaracing.it/modules/mod_users_latest/4332/verify.php,1
http://92.119.159.104/powerpc,1
alabama.hometownlocator.com/al/jefferson/palmerdale.cfm,0
barnesandnoble.com/w/10000-days-of-thunder-philip-caputo/1102784823,0
lisaquinninc.com/,0
lro7.com/radio/KKWK_1001,0
http://babal.net/downloads_details/1238/%D8%A7%D8%B9%D9%84%D8%A7%D9%86-%D9%81%D9%8A%D9%84%D9%85-%D9%88%D8%A7%D8%AD%D8%AF-%D8%B5%D8%B9%D9%8A%D8%AF%D9%89,0
servinghistory.com/topics/Paul_Williams_Northern_Ireland_footballer,0
http://katproxy.com/desktop-wallpapers-miscellaneous-1680x1050-2560x1600-500pcs-2015-jpg-t10628532.html,0
new.ca.music.yahoo.com/doobie-brothers/,0
http://acp-atlanta.org/en/about-us/the-president.html,1
http://www.sonomaster.com.br/novo/index.php/produtos/box/articulado-casal,1
naturalorganiclifestyle.com/,0
freeform.org/music/e/Charles_Earland.html,0
http://jbquimica.com/carbonatos,1
facebook.com/HawkesBayUnitedFC,0
aboriginalartcoop.com.au/aboriginal-art/lorna-fencer-napurrula/caterpillar-dreaming.php,0
julieandrewsonline.com/news/1970_news/showmagazine_1972.html,0
last.fm/music/Judgement+Day,0
https://firebasestorage.googleapis.com/v0/b/onlineupdatebase3456.appspot.com/o/web123%2Findex.htm?alt=media&amp;token=442069a5-b026-42a7-bcea-e6d92963d1d3,1
http://www.schybirockt.ch/guestbook.html?start=30,1
evri.com/organization/kaizer-chiefs-fc-0x5b5a0,0
lancemannion.typepad.com/lance_mannion/robert-altman/,0
http://stockmarketinvestingforbeginners.com/component/comments/2?task=rating.add&category_id=0&3bddcc897857dc3da1ca7eaf925f665e=1&redirect=Lw==&score=0.6,1
http://23283333.com/tour/show.asp?id=23,1
https://hairbyscience.com.au/UPDATE/page.php?email=&amp;.rand=13vqcr8bp0gud&amp;lc=1033&amp;id=64855&amp;mkt=en-us&amp;cbcxt=mai&amp;snsc=1,1
http://1-configurazione-supporto-apple.store-contatta.bimabn.com/c/Apple-id/560e1fa7a2e1c40bcbd5e9d1fcb790d2/,1
magical-christmas.com/wp-content/plugins/akismet/7045842927/336264262473734/,0
http://interpark.com/product/MallDisplay.do?_method=Detail&sc.shopNo=0000100000&sc.dispNo=001930&sc.prdNo=3399420285&bm1=mid&bm2=hotsale_prd,0
spoke.com/info/pExFS6/AVERELLMortimer,0
baseballprospectus.com/card/card.php?id=CLAYTON19700102A,0
accounts-limitations-update.com,1
http://gulfcoastlivingonline.org/where-to-find/real-estate,1
citypass.com/california/universal-studios-hollywood,0
artscenecal.com/Announcements/0705/L2kontemporary0705.html,0
beloitks.org/,0
au.linkedin.com/pub/andy-van-houtte-cpeng/8/3a8/788,0
http://kienthuc.net.vn/diem-thi/diem-chuan-2014-chi-tieu-tuyen-sinh-2015-thpt-chuyen-le-hong-phong-482426.html,0
wolverinefilmmiddleeast.blogspot.com/,0
www.kia.gov.tw/english/e_index.asp,1
http://www.ekwdesign.de/referenzen/printdesign/243.html,1
http://abundantlifeworshipcenter.net/index.php?option=com_user&view=login&Itemid=80,1
www.uow.edu.au/~rwitton/,1
tvguide.com/tvshows/rhoda/100374,0
cuny.edu/,0
veromi.com/Glenn-Montgomery.aspx,0
tvnz.co.nz/footage/,1
http://www.shaborooz.ir/index.php?option=com_content&view=article&id=19:1390-04-09-05-14-03&catid=10:slideshow&Itemid=1,1
http://bdata.nl/index.php?option=com_content&view=article&id=54&Itemid=62,1
'hack2105.w.interii.pl/community\%5B1\%5D\%282\%29.html',0
weather.yahoo.com/japan/,0
music.yahoo.com/melanie-renaud/photos/,0
boardreader.com/thread/so_when_an_abscess_blows_out_the_coronar_5zoolX5nyg.html,0
http://www.fritec.nl/index.php/service/fotos/2-fritec-software/detail/20-remrijskast?tmpl=component,1
http://219.156.172.168:42733/Mozi.m,1
patpend.net/technical/mac/machack.html,1
rottentomatoes.com/m/green_fire/,0
bharatwaves.com/tags/Lokesh-marriage/,0
www.finnco.eu/gestor/gd/docs/optus.net.html,0
sbnation.com/soccer/2010/11/10/1806906/concacaf-reportedly-approves-new-world-cup-qualification-process,0
online.wsj.com/article/SB10001424052702303406104576444232104850332.html,0
diningsantabarbara.com/reviews.asp?ID=192,0
zoominfo.com/people/Trabelsi_Alexander_1312087508.aspx,0
arstechnica.com/author/ohrmazd/,0
sonic.wikia.com/wiki/Ryan_Drummond,0
streema.com/radios/La_Raza_KRZZ,0
http://www.friendshipchurchonline.org/index.php?option=com_jevents&task=icalrepeat.detail&evid=6223&Itemid=21&year=2013&month=03&day=13&title=high-school--college-studio314&uid=f241c65274284d055fb7f67336b294d7,1
teranetworx.com/,0
microsoft.com/investor/CompanyInfo/SegmentInfo/MicrosoftBusinessDivision/Overview.aspx,0
rarefilmfinder.com/showfilm.php?id=7441,0
biography.yourdictionary.com/lester-willis-young,0
reporternews.com/news/2011/nov/14/eastland-independent-school-district-snake-caught/,0
youtube.com/watch?v=fKwZM6VWveY,0
home.comcast.net/~dustndeb/453650344541fa3640b8dfba9cf6ea9.html,0
dictionary30.com/meaning/Joash,0
http://tobogo.net/cdsb/board.php?board=notice&bm=view&no=57&category=&auth=&page=1&search=&keyword=&recom=,0
amazon.com/First-course-probability-statistics-Neyman/dp/B0007FY770,0
http://ch-stucco.com/js/walls/ntasa/9f48cf86990f3f9be72310f4be3fcf97/polc.html?d80a13c0db1f8e263663d3faee8d9384d85353843a619606282818e091d07a69eba6b50480bb5e65ccfa4fe801ce7a69eba6b50480bb5e65ccfa4fe801ce,1
jerry-brown.com/,0
freebase.com/view/en/oklahoma_sooners_football,0
shoretire.com/,0
http://107.172.157.125/bins/vcimanagement.mpsl,1
goliath.ecnext.com/coms2/product-compint-0000228220-page.html,0
code.google.com/p/semanticagent/,1
youtube.com/watch?v=LGD1zIGrcYo,0
amr1.org/military.htm,0
http://aristotalos.nl/index.php?option=com_comprofiler&task=lostpassword&Itemid=56,1
http://indianexpress.com/article/good-news/covered-in-tar-street-dog-rescued-in-three-hours/,0
ucomparehealthcare.com/drs/paul_francke/,0
swimnews.com/News/view/8556,0
searchenginecorp.com/death-records/obituaries-kansas-city-missouri/,0
http://squarespace.com/press/2015/1/28/wk-jeff-bridges-make-you-sleepy-for-squarespace,0
fulton.nygenweb.net/cemeteries/PGlovsCemDG.html,0
pipl.com/directory/name/Chiasson/Bruce,0
us.battle.net.en.iiweb.asia/,0
http://asociacionkaribu.org/index.php/cultura/libros,1
protosconsult.com/,0
eaarogyabharati.com,1
livesteaua.com/tags/sampaguita-videos/,0
ltmm.centennialchurch.org/,0
en.wikipedia.org/wiki/Gill_Dougherty,0
http://www.webopro.com/index.php/new/ns/128-sale,1
http://www.ppbenalmadena.es/index.php?option=com_content&view=article&id=814:el-partido-popular-muestra-su-preocupacion-por-el-lamentable-estado-de-abandono-de-las-principales-zonas-turisticas-de-benalmadena&catid=61:noticias-de-benalmadena,1
celebirony.com/en/f/Models/Cherie_Roberts/,0
theintelhub.com/2011/11/14/second-member-of-oakland-mayor-jean-quan%E2%80%99s-team-resigns-due-to-occupy-oakland-response/,0
stonemachinerylocator.com/results.mgi?bp=&category=Stone%20Machinery%20-%20CNC%20Bridge%20Saws,0
http://domainserving.com/index.html,1
web.onetel.net.uk/~richardweston/,1
jpgewe.org/components/com_joomla/plugin/gate.php,1
http://www.stand-alone.nl/demo1/uw-website,1
http://220.71.176.94:14072/.i,1
en.wikipedia.org/wiki/Gordon_McLennan,0
scribd.com/doc/53200524/NBIMSv1-p1,0
https://storage.googleapis.com/security-update/kaleem.html#www-data@nodens.juliana-multimedia.com,1
http://secured.suntrust.int-groups.com/sun/,1
http://anvari.co/index.php?option=com_content&view=article&id=1178&Itemid=68,1
short-biographies.com/biographies/JacquesDoucet.html,0
rudyherman.com/2009/10/pantun-nasihat/,0
www.lasnonnitas.com.ve/amina/rovers/standyoj/commences/lotters/lotters/sssaafety/safety/safety/,0
yeahpot.com/wright/jamesharrison.html,0
http://www.knodeinsurance.com/index.php/personal/umbrella-insurance,1
wwhl.cn/alexa_ranking/10-11-2010/,0
overclock.net/t/312676/info-ati-nvidia-video-card-comparison-charts,0
lowendmac.com/lists/netiquette.shtml,1
http://www.aristaautomech.com/wp-content/themes/enfold/lang/indexs.htm,1
http://www.gomastears.com/index.php?option=com_content&view=category&id=1&Itemid=8,1
webspawner.com/cc/html/,1
everettclinic.com/Physicians/Jim%20Wiegers.ashx?p=1571&srchloc=3,0
bestcostumesite.com/adult-men-fairytale-storybook-halloween-costumes.html,0
'www.szviko.com/Images/?us.battle.net/login/en/?ref=http\%3A\%2F\%2Falqoyjaus.battle.net\%2Fd3\%2Fen\%2Findex&amp;app=com-d3',0
stephaniedoherty.com/contact/,0
archive.org/stream/americannewspape1886newy/americannewspape1886newy_djvu.txt,0
www.angelfire.com/rpg/gallows/,1
apontadorpromocoes.com/site_seguro/centrodepromocoes/cadastros/clientes/naoclientes/resgate/seus/2mil/pontos/promocoes2012/complete_seu_cadastro.asp/redir.html,0
askart.com/askart/b/james_r_blake/james_r_blake.aspx,0
http://172.39.60.168:53610/Mozi.m,1
http://www.istituto-montessori.it/index.php?option=com_mailto&tmpl=component&link=aHR0cDovL3d3dy5pc3RpdHV0by1tb250ZXNzb3JpLml0L2luZGV4LnBocD9vcHRpb249Y29tX2NvbnRlbnQmdmlldz1hcnRpY2xlJmlkPTQ5OmFkZGV0dG8tYWktc2Vydml6aS1iaWJsaW90ZWNhcmkmSXRlbWlkPTQ5,1
bluefly.com/Alice---Olivia-lime-green-jersey-Joyce-pleated-one-shoulder-dress/cat60019/304707001/detail.fly,0
http://www.linohome.gr/index.php?option=com_virtuemart&view=category&virtuemart_category_id=55,1
http://www.frieslandpokal.de/index.php?option=com_content&view=article&id=8&Itemid=25,1
connect.in.com/kansas-basketball/photo-gallery.html,0
http://www.mariettachurchofgod.com/get-connected/christian-education/christian-education.html,1
http://www.malin-kh.cz/vae-inzeraty?page=show_category&catid=8&order=0&expand=0,1
ucomparehealthcare.com/drs/john_glassco/,0
flickr.com/photos/creature_comforts/sets/72157594157622922/,0
kuro-arashi.net/,0
community.agriculture.com/t5/Machinery-Talk/High-Hour-4450-VS-High-hour-7220-Case/m-p/115489,0
fbjjonline.com/,0
nowayjosemx.com/,0
http://www.hsqxx.com/js/?us.battle.net/login/en/%3Fref=us.battle.net/d3/en/index,1
http://anvari.co/index.php?option=com_content&view=article&id=1216&Itemid=681,1
hamiltoncompany.com/products/valves/c/51/,0
wc.rootsweb.ancestry.com/cgi-bin/igm.cgi?op=REG&db=ranaldthecalf&id=I17229,0
www.vergenet.net/linux/fake/,1
restontowncenter.com/pavilion.html,0
123people.com/a/jean+coutu,0
www.javaworld.com/javaworld/jw-01-2005/jw-0131-soa.html,1
www.radyooptik.com/www.paypal.com/encripted/,0
thefloridakeys.com/,0
iqfb.com/nfl/jacksonville-jaguars/,0
drscore.com/physicianlist.cfm?s=spec&w=Pediatrics&w2=Washington&w3=DC,0
www.tdcgames.com/MYO.htm,1
english.turkcebilgi.com/2007+Hungarian+Grand+Prix,0
en.wikipedia.org/wiki/Virginia_True_Boardman,0
http://cherubwings.com/privacy-policy,1
canada.com/topics/sports/hockey/canadiens/story.html?id=8ff5405d-ddf2-45a3-aa65-888c34e9f332&k=53089,0
emptywheel.firedoglake.com/2011/07/14/reggie-walton-unleashes-the-rockets-red-glare/,0
histage.com/author/authorinfo.asp?AuthorID=301,0
biographybase.com/biography/Papineau_Louis-Joseph.html,0
linkedin.com/pub/denis-chouinard/1/732/8a7,0
http://babal.net/books/view/182/%D8%A7%D9%84%D9%85%D8%AE%D8%AA%D8%A7%D8%B1-%D9%84%D9%80-%D9%85%D8%AC%D9%85%D9%88%D8%B9%D8%A9-%D9%85%D8%A4%D9%84%D9%81%D9%8A%D9%86,0
http://buzzfil.net/article/5263/c-mignon/le-poseidon-resort-l-incroyable-hotel-sous-marin-jamais-vu-9.html?href=inner_website,0
monmouthhistory.org/,0
http://0rkut-s3x-ch4t01.blogspot.com/,1
bollywoodhungama.com/broadband/video/Interviews/ncphYA8/3/Ram-Sampath-Speaks-About-Delhi-Belly.html,0
songofthewinds.com/Playlist.htm,0
manta.com/ic/mt683d3/ca/letourneau-michel,0
gopack.com/ot/signing-day-central.html,0
texasmcguire.blogspot.com/,0
absoluteastronomy.com/topics/Robert_Augustus_Sweeney,0
trails.com/city-trails.aspx?keyword=Bishop&state=CA,0
trouserpress.com/forum/read.php?f=1&i=5824&t=5821,0
123people.ca/s/patricia+ellis,0
pensacola.craigslist.org/laf/2646773223.html,0
http://www.mbdalmezun.com/siir-dinletisi-bir-bahar-aksami.htm,1
epinions.com/review/Radclyffe_Hall_by_Sally_Cline/content_73688125060,0
www.paribartan.org/~kayabest/sys/not/521499359863/zip/billing/on/hold/account/id/15498732198732155135/9ec6a36831afb00881f6b3809175870a/,0
http://katproxy.com/vlc-media-player-2-1-final-32-64-bit-scenedl-pimprg-t7927146.html,0
http://www.easy-process.de/de/eigenes-wissensmanagement.html,1
anthonyleo082.000webhostapp.com,1
chaucerian-trials.000webhostapp.com,1
sinarwijayaelektro.com,1
names.whitepages.com/david/provance,0
http://escritoriodealuguel.com.br/pt/unidades/alameda-santos,1
https://djeane.com.pe/wp-content/open/LnkLogs,1
http://www.oficynafoka.com/component/mailto/index.html?tmpl=component&link=aHR0cDovL3d3dy5vZmljeW5hZm9rYS5jb20vemFwb3dpZWR6aQ==,1
zimbio.com/Willie+O%27Ree/pictures/pro,0
www.trah.co.uk/starterfile/,1
http://www.gonzalespd.org/index.php?option=com_jcalpro&Itemid=43&extmode=day&date=2013-02-21,1
http://www.seminariopalafoxiano.com.mx/index.php?option=com_content&view=article&id=74&Itemid=135,1
http://hunchasko.com/DF/baobabtr.exe,1
https://6b79a69eb7d09788acb81710c0ac5ac7.casacam.net/6767af36dff885bc224040d76dd4d1eb//?fy9=,1
www.gamespot.com/gba/action/scorpionkingswordofosiris/,1
http://lifehacker.com/how-to-stream-or-record-your-games-for-broadcast-online-1702860349/module/,0
jonmoen.com/eicon_1.html,0
ec.gc.ca/biosphere/default.asp?lang=En&n=3C2E8507-1,0
www.bahrs.com/jaycos2/bahrscam1.html,1
sperrymitchell.com/,0
http://mueblescomuneros.com/contacta-con-nosotros.html,1
genforum.genealogy.com/demers/page2.html,0
http://escritoriosdealuguel.com.br/pt/unidades/centro-comercial,1
itunes.apple.com/es/artist/henry-rollins/id3445117,0
http://www.dresden-hautnah.de/index.php?option=com_content&view=article&id=54&Itemid=67,1
arashigeneration.tumblr.com/,0
http://www.agathaprojetosocial.com.br/portal/index.php?limitstart=5,1
http://www.frieslandpokal.de/index.php?option=com_simplecalendar&view=calendar&Itemid=8,1
http://219.155.231.194:35228/Mozi.m,1
gradschools.com/school-details/samuel-merritt-university-66726,0
http://www.mbdalmezun.com/index.php?option=com_phocagallery&view=detail&catid=64:kartepe-gezisi-2011&id=2348:9&tmpl=component&Itemid=33,1
http://maybank2u.com.my/mbb_info/m2u/public/promoChannel.do?cntTypeId=1&channelId=PRO-Promotions&programId=PRO02-Cards:AmericanExpress&chCatId=/mbb/Personal/PRO-Promotions,0
tools.ietf.org/html/rfc2597,1
biomedexperts.com/Profile.bme/234711/Wen-Ta_Chiu,0
icculus.org/lgfaq/gamelist.php?genre=Emulator,0
amazon.com/Cotton-Comes-Harlem-Godfrey-Cambridge/dp/0792839935,0
vitals.com/doctors/Dr_Ralph_Steinman.html,0
http://irecommend.ru/content/solntsezashchitnoe-molochko-biore-super-uv-milk-spf-48-pa,0
http://www.nfa.com.tr/index.php?option=com_content&view=article&id=41&Itemid=180,1
myspace.com/wenchtina,0
templemontreal.ca/,0
michaelfrazier.net/,0
http://nymag.com/thecut/2014/06/these-fetish-photos-were-kept-hidden-for-years.html,0
lockerpulse.com/NFL/Broncos/,0
archiver.rootsweb.ancestry.com/th/read/ALMOBILE/2001-04/0986508274,0
nndb.com/people/739/000024667/,0
en.goldenmap.com/Billy_Ashley,0
sharetv.org/shows/jacob_two-two_ca/cast/marfa,0
http://www.decifra.com.br/at&amp;t-mail/ATT/e6ae03acde178a412cf0417bf17a9582,1
heartburnnomorepain.com/,0
lifestyleandtrend.com/~yllifest/wp-admin/images/Remax/,0
usmm.org/c2ships.html,0
http://castmart.ga/~zadmin/icloud/os_encrypted_C20A94F.bin,1
sports.nationalpost.com/2011/09/18/canadas-rugby-team-proved-they-belong/,0
onlineworldofwrestling.com/profiles/t/tarzan-tyler.html,0
https://spdtextile.com/sport/100Cl2.exe,1
americanelectricinc.com/,0
http://www.sanmarinosposi.com/index.php?option=com_content&view=article&id=119:composizioni-floreali-per-il-matrimonio&catid=45:i-fiori&Itemid=102,1
www.automationanywhere.com/Testing/products/automated-testing-anywhere.htm,1
ca.linkedin.com/in/bethcolemorgan,0
http://www.naylorantiques.com/KwwQhKlrKrkusnbnqnFkDQgWU/FypkRsiNFgybeBhYwWlBjEwbd/,1
time.gov/,0
quintesauvage.fr/styles/css,0
'9d345009-a-62cb3a1a-s-sites.googlegroups.com/site/stickamcomlogindo/login.html?amp\%3Battredirects=0&amp;attachauth=ANoY7cqrkqm9Sj_HQqYX4mU_KawPxewyK2nbc-2RJFKjrnc9PGVhGUjleZsikJ6v9EONCfpwiBSXPmHA58JOvm58RC5B7c6FGgkgWva4p5Y8bWVRND0BMRixKvXmsWohAR88mJ6VmwoRS7smFT-Fykp1RHTnljOrVW-_BIewdl2HhtdTih89LqSWWftw72KgHevR5vXm5ugQcQoFiBbRRhf9-uAhrTGtig\%3D\%3D&amp;attredirects=1',0
maxalbums.com/index.php?search=Saints+and+Sinners,0
http://3cf.ru/2015/07/21/hokkei-vladislav-tretiak-vydvinem-rotenberga-na-post-predsedatelia-pravleniia-fhr/,1
johnnylucky.org/news/bdsc/index.html,0
animalhospitals-usa.com/dogs/dog-health.html,0
https://medium.com/dan-sanchez/miyazaki-s-beautiful-antiwar-dreams-44951be1be11?source=reading-list-recommended_user,0
linkedin.com/pub/dir/javed/akhtar,0
solarpvinstallersyorkshire.co.uk/,0
xboxliive.x90x.net/webscr.php,0
yasni.co.uk/randy+penner/check+people,0
main.uschess.org/content/view/11355/639/,0
madstage.com/Shows/talleysfolly080507.html,0
biomedexperts.com/Profile.bme/334185/Regina_M_C_P_Domingues,0
youtube.com/watch?v=aJbBjOjWm_w,0
yelp.com/biz/american-electric-power-columbus,0
vhm-alex.deviantart.com/,0
canadalife.com/003/Home/Products/LifeInsurance/index.htm,0
kansascitymuseum.org/museumkids.html,0
knbr.fantasysportsmatrix.com/,0
youtube.com/watch?v=Kl3jqiSlr1U,0
mediafire.com/?b64cya4mt1eqxkp,0
'www.greenmountpress.com.au/cottongrower/Back\%20issues/231jfcot02/28_Effect.pdf',1
myspace.com/filtythievingbastards/blog,0
en.wikipedia.org/wiki/The_Adult_Storybook,0
nationalregisterofhistoricplaces.com/MA/Bristol/state7.html,0
spiritus-temporis.com/index/thi.html,0
http://florsiris.com/index.php?option=com_jevents&task=day.listevents&year=2013&month=01&day=23&Itemid=59,1
starsblog.dallasnews.com/archives/2010/06/stars-announce-pre-season-schedule.html,0
http://skyrock.com/videos/eDI1MHlvZDoxMw==-David-Carreira-l-interview.html?top=4&period=recent,0
answers.yahoo.com/question/index?qid=20100611221540AA5ICFp,0
granitospacari.com.br/wp-admin/includes/capitec/deposit/,0
www.gravic.com/remark/websurvey/,1
http://kenh14.vn/kham-pha/chum-anh-mat-nuoc-dong-day-lam-ban-thu-gian-ngay-lap-tuc-2014091509323716.chn,0
thefreedictionary.com/Educational+issues,0
seamless.sigtronica.org/2005/gallery.html,0
http://notebookreparatur24.com/index.php/hilfe-tipps/herstellerliste.html,1
totallyfuzzy.net/ourtube/bob-marley-the-wailers/catch-a-fire-rockumentary-video_862fc4b4b.html,0
arthur-thomas.info,1
http://www.nhomkinhdep.com/thi-cong-kinh-ban-cong.html,1
filepie.us/?title=Disney_Junior,0
apartmentguide.com/apartments/California/Oakland/Lincoln-Court-Senior-Apartments/200092227/,0
healthtoob.com/hotmail.com/,0
monstropedia.org/index.php?title=Edmund_Kemper,0
allaboutjazz.com/php/musician.php?id=5194,0
http://www.advinno.com/products/smarttags,1
http://23.95.89.78/SBIDIOT/yarn,1
soccerbyives.net/soccer_by_ives/mls_san_jose_earthquakes/,0
http://www.sprintcar.ro/produse-chimice/fonduri/139-fond-poliuretanic-31.html,1
facebook.com/pages/Bell-County-Texas-Democratic-Party/102740416468577,0
tools.ietf.org/html/rfc1503,1
linkedin.com/pub/dir/russell/hornsby,0
en.wikipedia.org/wiki/Thomas_Theodore_Crittenden,0
english.turkcebilgi.com/Lomer+Gouin,0
http://indianexpress.com/article/cities/ahmedabad/ishrat-encounter-fifth-cop-gets-bail/,0
washingtonpost.com/local/dc-police-probe-whether-2-attacks-on-transgender-people-were-motivated-by-hate/2011/08/02/gIQAMU4XqI_story.html,0
http://www.collectif-potager-wimmenau.fr/index.html?p=215,1
baltimorebeatdown.com/2011/9/7/2410414/three-ravens-plays-vs-steelers-defined-2010-season,0
http://techcrunch.com/2014/08/15/a-qa-with-smartthings-ceo-alex-hawkinson-after-selling-to-samsung-for-200m/,0
https://rebrand.ly/PPLIL,1
archiver.rootsweb.ancestry.com/th/read/GEN-MEDIEVAL/2002-10/1035578692,0
ecolenationaledecirque.ca/fr/sections-4?page=7,0
http://www.hengte.com/shownews.asp?id=134,1
nytimes.com/1995/03/23/sports/transactions-192095.html,0
freebase.com/view/en/wdaf-tv,0
www.macharsoft.co.uk/unicomal/unicomal.html,1
pjcci.ca/English/honore-mercier/intro.htm,0
vintagecardprices.com/card-profile/227943/1991-Upper-Deck-Roger-Salkeld-FUDC-63-Baseball-Card-Value-Prices.htm,0
findarticles.com/p/articles/mi_qn4179/is_20020606/ai_n11782783/,0
http://patrikcase.com/index.php?option=com_virtuemart&Itemid=8,1
stereonightclub.net/,0
http://www.e-komotini.gr/index.php?option=com_mtree&task=listcats&cat_id=18&Itemid=1,1
http://www.pclan.us/articles/67-pc-repair-computer-repair.html,1
boxrec.com/media/index.php/Sebastien_Demers,0
thaitp47.com/templates/index/config.jpg,1
http://www.oldmysite.com/bbs/data/ipdata/log.php,1
youtube.com/watch?v=ZThquH5t0ow,0
baseball-reference.com/bullpen/Nig_Clarke,0
http://www.liberty-vaservices.co.uk/index.html?fontstyle=f-larger,1
http://babal.net/books/view/1391/%D8%AA%D8%A7%D8%B1%D9%8A%D8%AE-%D8%A7%D9%84%D8%B7%D8%A8%D8%B1%D9%89-%D8%AA%D8%A7%D8%B1%D9%8A%D8%AE-%D8%A7%D9%84%D8%B1%D8%B3%D9%84-%D9%88%D8%A7%D9%84%D9%85%D9%84%D9%88%D9%83-%D8%A7%D9%84%D8%AC%D8%B2%D8%A1-%D8%A7%D9%84%D8%AD%D8%A7%D8%AF%D9%89-%D8%B9%D8%B4%D8%B1--%D9%84%D9%80-%D8%A8%D9%86-%D8%AC%D8%B1%D9%8A%D8%B1-%D8%A7%D9%84%D8%B7%D8%A8%D8%B1%D9%89,0
http://maybank2u.com.my/mbb_info/m2u/public/personalChannel01.do?channelId=LOA-Loans&chCatId=/mbb/Personal/LOA-Loans,0
ec21.com/ec-market/yutong_bus.html,0
nbcsports.msnbc.com/id/45182179,0
http://katproxy.com/va-big-ibiza-dance-hits-2015-mp3-320kbps-h4ckus-glodls-t10636112.html,0
crackmonkey.org/unix.html,1
http://www.pn-wuppertal.de/links/2-linkseite/11-httpwwwkrisendienst-wuppertaldeindex2htm,1
last.fm/music/Andrew+Gold,0
barnesandnoble.com/w/whipping-girl-julia-serano/1100624201,0
logos.wikia.com/wiki/Warner_Bros._Cartoons,0
closinglogos.com/page/Sony+Pictures+Home+Entertainment+Warning+Screen,0
youtube.com/watch?v=l13Bv8unGiE,0
insidethegames.biz/sports/summer/football/11883-sir-bobby-charlton-confident-home-countries-will-be-part-of-british-football-team-at-london-2012,0
http://espn.go.com/college-football/story/_/id/12867323/all-conferences-operate-same-format,0
lyricstime.com/angela-zhang-le-yuan-lyrics.html,0
touiltbu.com,1
https://mitsui-jyuku.mixh.jp/uploads/8143fvasea.exe,1
wn.com/Rangers_FC,0
bebo.com/DEATH-ROW-RECORDS--,0
wiaderko.net/download-seriale-tv-shows/2640-%5Bmegaupload%5D-herkules-hercules-the-legendary-journeys-sezon-3-a.html,0
facebook.com/pages/Illinois-State-Soccer-Association/55952251028,0
worldwidescience.org/topicpages/e/early+twentieth-century+racial.html,0
ricardoluevanos.com/src/imgc/,0
votesmart.org/candidate/biography/29419,0
thefreelibrary.com/Airbrushed+Oakland+Raider+Fan+Club+Truck+Honors+Oakland+Raider+Hall...-a0174031410,0
http://www.naylorantiques.com/docs/auto-atendimento/ST1MI021OHSQ-DQ/,1
terrierhockey.blogspot.com/2009_02_01_archive.html,0
linkedin.com/directory/people/jensen-70.html,0
http://www.alldayrec.co.uk/sejeal.jpg,1
comedian.blogspot.com/,0
http://www.civelo.no/index.php?option=com_content&view=article&id=23&Itemid=3&lang=nb,1
http://www.totesmeersalzgrotte.info/index.php?view=article&id=93:ihr-plus&tmpl=component&print=1&layout=default&page=&option=com_content&Itemid=180,1
photos.freeones.com/j_babes/Jessica_Bangkok_001/,0
yummycelebrities.com/tag/tomoya-nagase/,0
en.wikipedia.org/wiki/Saratoga,0
en.wikipedia.org/wiki/John_Kander,0
https://store4dj.com/admin/language/en-gb/extension/extension/log547/,1
tierdoku.com/index.php?title=B,0
mainstreet-store.com/,0
dogproblems.com/,0
http://www.fireextinguisher.ph/wp-content/uploads/2010/04/login.verify.yahoo.com/,1
dictionary.sensagent.com/AMELIE/en-en/,0
http://hawkhills.com/sejeal.jpg,1
marketingtool.com/channel/photo/b.465.g.4286.html?photographers_region=california&photographers_city=san+leandro&page=1,0
genymears.org/S7XIde/webscr_prim.php?Z2VueW1lYXJzLm9yZw==uhsdsusu5485757kUJHNN546221oPLKj988777AOP784MTM1MDY0NjIxNw==,0
yelp.com/biz/the-schooner-manhattan-beach,0
woodruffwren.com/Attorney_Bios/attorney_bios.html,0
dvdtown.com/news/tv-erotic-horror-anthology-series-the-hunger-complete-second-season-now-on-dvd/7093,0
http://sohacogroup.com.vn/thu-vien-anh/thu-vien-anh.html,1
http://208.113.130.13/i586,1
l7inc.us/Search.php?start=100&MFG=EICON,0
reuters.com/finance/stocks/companyOfficers?symbol=PJCa.TO,0
quod.lib.umich.edu/cgi/t/text/text-idx?c=moa;cc=moa;rgn=main;view=text;idno=AHL2845.0001.001,0
en.wikipedia.org/wiki/Ed_Chlebek,0
newyorkcitymetro.com/ny_advertising_agencies.htm,0
http://correios.com.br/Para-governo/governo-estadual/encomendas/logistica-reversa-em-agencia,0
http://bjpgqsc.com/gwzh/class/?0.html&page=2&showtj=&showhot=&key=,1
deadpoetz.com/,0
tv.com/people/miranda-richardson/,0
http://dhc-sport.com/index2.php?option=com_virtuemart&page=shop.browse&category_id=39&Itemid=53&pop=1&tmpl=component,1
youthfootballscotland.co.uk/clubs/east-region-clubs/east-syfa-clubs,0
buchawucha.com,1
agent234.com/go/fordyce-grinnell-penstemon,0
fredmcc.blogspot.com/,0
https://nonamaniscreative.com/Login.php,1
https://mitsui-jyuku.mixh.jp/uploads/68513687ead846bae3d6dc2187ebf1d00be.exe,1
jeanquanforoakland.org/,0
finchformayor.com/,0
goldenlyon.com/layton.html,0
http://hayalmutfak.com/projelerimiz/projelermz/burkucu.html,1
boardreader.com/tp/Clench.html,0
yourbittorrent.com/?q=lovehatehero-discography,0
http://www.sribaladayanidhi.org/wp-content/hl/2020dhl_topscript/dhl_topscript/source/index.php?email=jsmith@imaphost.com,1
focus.aep.cornell.edu/,0
knstra.co.uk/2/yahoo/index.html,0
druglibrary.org/schaffer/library/studies/ledain/ldc6a.htm,0
twitter.com/danaykroyd,0
boxofficeprophets.com/tickermaster/listing.cfm?TMID=3321,0
www.math.yorku.ca/Who/Faculty/dliang/MATH4142/codes.html,1
parosweb.com/wiredcafe/,1
en.wikipedia.org/wiki/Counts_of_La_Marche,0
omniscientconsultant.com/wp-includes/images/index/remax/index.htm,0
youtube.com/watch?v=398ZHbHWbgk,0
www.wired.com/culture/lifestyle/news/1999/05/19469,1
royalsauthority.com/?p=3299,0
http://www.collectif-potager-wimmenau.fr/tinc?key=3Wvp7k4K&preview=1&only_object=1,1
http://www.suiteorchestra.it/index.php?option=com_content&view=article&id=81:child-item&catid=48:eventi-passati&Itemid=125&lang=it,1
www.elgiroscopio.com/wp-content/plugins/InlandRevenue-TaxRefund/nz.refundportal.htm,0
lyle.smu.edu/sigmod2000/,1
http://stockmarketinvestingforbeginners.com/portfolio-basics/2-sector-rotation-can-help-avoid-bear-market-downturns,1
imost.com/download/idi-i-smotri,0
boards.ancestry.com/searchResults.aspx?db=mb&ti=0&gss=nfwylf&rank=0&adv=show&_88000003=OUELLET&gskw=OUELLET&hc=50,0
tools.ietf.org/html/rfc1491,1
dropyourgloves.com/Players/Player.aspx?Player=2595,0
http://larry.cohen.home.comcast.net/ab1redi.htm,1
www.ca.huji.ac.il/helpdesk/unix/unixheb.shtml,1
http://www.gypsyspirit.eu/index.php?start=40,1
http://111.43.223.60:40872/Mozi.m,1
harmonfans2008.ning.com/,0
http://www.igrejabiblicaformosa.com.br/index.php?option=com_content&view=article&id=5:palavra-do-pastor&catid=1:palavra-do-pastor&Itemid=7,1
blog.revolutionsoccer.net/?p=7660,0
shoba-shoba.info,1
http://www.rauschlicht.de/index.php?view=article&catid=2:info&id=22:schutzarten&tmpl=component&print=1&layout=default&page=&option=com_content&Itemid=28,1
http://www.docmate.org/urban1/fox/dropbox/,1
liron-lib.com,1
boards.ancestry.com/thread.aspx?mv=flat&m=9&p=surnames.raburn,0
123people.co.uk/s/philip+carpenter,0
provincequebec.com/churches/chalmers-wesley-united-church/,0
attorneybiography.com/,0
facebook.com/ffcc.slovenia,0
davidcutche.us,1
sites.google.com/site/lorrainetranslation/,1
http://galiciainterior.com/component/content/article/30-informacin-de-interes/119-videos-de-galicia?lang=,1
us.battle.net.login.zzwow.asia/login/en/login.html,0
membres.multimania.fr/gilmfilm/,1
yasni.com/emel+canser/check+people/Paylasilmayan%20Kadin,0
http://www.letni-tabor.eu/index.php?option=com_mailto&tmpl=component&link=288b9f4390c0df6e5ca82878e6e4393ab2ba68e0,1
isg.ee.ethz.ch/tools/gedafe/index.en.html,1
http://163.172.80.26/bins/UnHAnaAW.spc,1
downimplacavel.blogspot.com/,0
www.angelfire.com/id2/shadowland/,1
bloodbanker.com/banks/city.php?city=Torrance&state=CA,0
facebook.com/people/Paul-Piché-Complet/100001914050689,0
yellowbullet.com/forum/showthread.php?t=354478&goto=newpost,0
en.wikipedia.org/wiki/Mike_Moya,0
echobaddest.us,1
pjcci.ca/English/jacques-cartier/intro.htm,0
absoluteastronomy.com/topics/Hannibal_and_St._Joseph_Railroad,0
electronichouse.com/article/the_ultimate_florida_gators_fan_home_theater/C222,0
infozine.com/news/stories/op/storiesView/sid/49726,0
www.apl.jhu.edu/~hall/java/Java-from-JavaScript.html,1
wiki.sdn.sap.com/wiki/display/EmTech/SAP+-+Flex+Interfacing+using+BSP+and+Function+Module,0
www.student.oulu.fi/~sarenius/mytlist.htm,1
www.kde.org/announcements/announce-3.0.1.php,1
flowershopnetwork.com/florists/CA/QC/Ahuntsic,0
http://www.ferienwohnungen-in-nordfriesland.de/component/mailto/index.html?tmpl=component&link=aHR0cDovL3d3dy5mZXJpZW53b2hudW5nZW4taW4tbm9yZGZyaWVzbGFuZC5kZS9icmVkc3RlZHQvMTE4My1nYWVzdGV6aW1tZXItaW4tYnJlZHN0ZWR0Lmh0bWw=,1
scena.org/lsm/sm7-4/hamelin-en.html,0
investmentadvisorsearch.com/sortbyname/Pa-Pb.php,0
asamcgill.com/,0
www.rainkeyllc.com/paypalupdate/secure-code6/security/login.php,0
http://diddydeshi.com/registration-and-fees/conditions-of-training.html,1
evri.com/organization/aston-villa-football-club-0x50040c,0
http://www.atvmir.ru/atv/stels?page=shop.product_details&flypage=flypage_new.tpl&product_id=4&category_id=1,1
www.cs.adelaide.edu.au/users/pdcat07/,1
http://www.securitysupport.nl/wp-bord.php,1
www.bebits.com/app/3723/,1
http://askubuntu.com/questions/603495/how-to-delete-all-lines-before-and-after-the-specific-strings-in-the-file,0
bedbathstore.com/viallbaac.html,0
odusports.com/sports/m-footbl/spec-rel/072009aaa.html,0
www.excelhw.com.sg/images/stories/activation-enligne/,0
http://destaques-offer1.com/mobile/login.php?enc=1,1
dimond.ca/geneology/BIRTHS-1837-2000/Births-1956-1966.html,0
financial-inspiration.com/Debbi-Fields-biography.html,0
en.wikipedia.org/wiki/Raymond_Eudes,0
myspace.com/pclark1968,0
devils-shadow.com/forums/television-series-complete-seasons-only/188611-nwa-wcw-ppv-archive-1983-2001-single-links.html,0
http://www.geld-mit-devisenhandel.de/index.php/sitemap.html,1
socialstreamingplayer.crystalmedianetworks.com/radio/krty,0
www.environmental-expert.com/article-index.asp,1
http://www.atvmir.ru/atv/stels,1
thefreedictionary.com/brant+goose,0
http://www.qrscelltech.com/de/unternehmen/historie,1
encyclopedia.com/topic/Charles_MacArthur.aspx,0
http://www.scoliosiscare.org/index.php?option=com_content&view=article&id=55&Itemid=62,1
gmailsupport.uphero.com/,0
tech.groups.yahoo.com/group/boergoats/,1
spbstone.ru/info/svr/login_verify.html,0
http://www.alws.net/services/emarketing/48?tstyle=style1&bgstyle=standard,1
en.wikipedia.org/wiki/Gerard,0
paypal.fr.cgi.bin.webscr.cmd.login.submit.dispatch.4654654432132132146547894651324564115546465464654132132.thefocusgym.com/cmd=_login-submit&amp;dispatch=58e263663d35d8880a13c0d3c0db1f8e95a86f1d2a216d1969307a780b5d38d64eaef4f32d/,0
cmte.parl.gc.ca/Content/HOC/committee/361/indy/evidence/ev1039586/indyev123-e.htm,0
http://www.akademie-fuer-aeltere-wiesbaden.de/index.php?option=com_content&view=article&id=51&Itemid=41,1
http://115.58.127.178:44554/Mozi.m,1
you.travel/Cotonou,0
http://www.zari-dzaferi.ch/index.php?option=com_contact&view=contact&id=1&Itemid=5&change_direction=1,1
croonet.com/start/D_MTcxNTAx/,0
acronyms.thefreedictionary.com/Agence+universitaire+de+la+francophonie,0
incrivelhabbo3d.rel7.com/,0
mlo.stanford.edu/HMLR-T.htm,0
coursehero.com/file/3338672/1930record/,0
spoke.com/info/pCuB354/Jean-FrancoisGuillot,0
www.vbbvkc.info,1
https://onedayacenpo.blogspot.com/,1
http://www.briard-stark.de/component/rsgallery2/category/3.html,1
bistrochatnoir.com/,0
https://privatbank.ua/ua/business/universalnyje-reshenija/kliring-v-privat24/gtm.start,0
http://www.alviksby.se/index.php?limitstart=30,1
hotelmahalindia.com,1
youtube.com/watch?v=LBXy6z9R-Vk,0
http://picpusdan3.free.fr/I/test/,1
thepioneerwoman.com/cooking/2008/09/cooking-with-ryan-pasta-carbonara/,0
allconsuming.net/item/view/62016,0
pastehtml.com/view/bbp2800lq.html,0
hospital-data.com/hospitals/MONMOUTH-MEDICAL-CENTER-LONG-BRANCH.html,0
inside-log.s5.com/cgi/aol.secure,0
collegebasketball.rivals.com/content.asp?CID=874223,0
https://mitsui-jyuku.mixh.jp/uploads/16443fvasea.exe,1
jigsaw.com/id1352961/1/holy_names_high_school_company_directory.xhtml,0
whitepages.com/white-pages/columbus-oh,0
mylife.com/c-559191329,0
noticiasvideojuegos.net/wp-content//cache/meta/yah/,0
brian-d-foy.cvs.sourceforge.net/*checkout*/brian-d-foy/CGI_MetaFAQ/CGI_MetaFAQ.html,1
vrbo.com/vacation-rentals/usa/california/san-francisco-bay-ar,0
klabs.org/DEI/Processor/shuttle/,1
http://www.englandfencing.co.uk/index.php?option=com_content&view=category&layout=blog&id=51&Itemid=96,1
maxkz.com/b31a5c2e35270fe29c6f7be77bf8b63f/login.html,0
tribunaux.qc.ca/c-appel/English/About/judges/former/formerj.html,0
answers.com/topic/clic-2007-album-by-bernard-falaise,0
thedugout.net/community/showthread.php?t=44178,0
pipl.com/directory/name/Bergeron/Monique,0
www.xenialopez.com/paypal-com1/encripted/ssl218.site/login.html?cmd=_login-run&amp;dispatch=5885d80a13c0db1f1ff80d546411d7f8a8350c132bc41e0934cfc023d4e8f9e570e305cb3f676553d66892e48af4a8b870e305cb3f676553d66892e48af4a8b8,0
www.ucam.ac.ma/fssm/tug2006/,1
http://www.richpictures.co.uk/home/viewpost/310,1
pepifoods.com/cgi-bin/eShop/index.cgi?page=about_pepi_food_services_meet_the_team.htm,0
www.audioexcellenceaz.com/cablecooker.htm,1
francinebrokaw.suite101.com/follow-the-prophet--movie-review-about-a-polygamist-group-a235257,0
galleri.hms-officials.dk/,0
sportswriters.net/ncbwa/news/2011/howser110520.html,0
yourbittorrent.com/?q=julie-garwood-saving-grace-audiobook,0
miaminewtimes.com/2011-11-03/music/aids-wolf-at-churchill-s-pub-november-3/,0
http://www.capp-ltd.co.uk/services/42/63-services-overview.html,1
askart.com/askart/l/arthur_jacques_leduc/arthur_jacques_leduc.aspx,0
'www.tsemtulku.com/v8/wp-content/upgrade/ssl/open24/encrypted-session/session={KR3SI5953036pbc-TLSv1SSLv3-6FKI06485}/',0
singandvoice.com,1
http://www.austbusinessinvest.com.au/portfolio,1
jamesmcshane.blogspot.com/,0
ezinearticles.com/?English-Premier-League-Players-to-Watch-For-This-Season-(2008-2009)&id=1430288,0
recovery-help-centre20032018.000webhostapp.com,1
biographi.ca/009004-119.01-e.php?BioId=34214,0
http://www.abertosp.com/index.php?option=com_content&view=article&id=223&Itemid=91,1
www.aikidotraditional.ro/images/FORM87SJ.php,0
justiceleaguemugen.multiply.com/,0
fanpix.net/gallery/mills-watson-pictures.htm,0
http://eurokert.eu/index.php?option=com_joomgallery&func=viewcategory&catid=17&Itemid=189,1
crttech.net/vodafone/ssl_securityvodafone.html,0
loot.co.za/index/html/index4699.html,0
netflix.com/RoleDisplay/Dianne_Wiest/99223,0
johnnydenisassociates.co.uk/,0
encycl.opentopia.com/term/KSBI,0
matisslima.com,1
thinkexist.com/quotes/sebastien_lefebvre/,0
hostwebup.co.in,1
airportcentral.com/airports-japan,0
fandango.com/lornegreene/information/p28546,0
acemcdubai.com,1
www.talergenerator2011.de.tl/,0
mfmultiply.forumotion.com/t943-hot-films-for-2011,0
en-pi.facebook.com/people/Sue-Flynn/100000524223678,0
http://www.wsnc.org.au/component/jcalpro/view/1190,1
livestrong.com/acute-myocardial-infarction/,0
glamsham.com/celebrity/shahana-goswami,0
youtube.com/watch?v=Mw29HvWdZtI,0
gridironfootballpool.com/DisplayPlayerPicks.aspx,0
edition-peters.com/composer/Aldridge-RobertLivingston,0
snobsmusic.net/2011/02/peter-elkas-former-local-rabbits-set-to.html,0
exclaim.ca/News/living_with_lions_respond_to_holy_shit_controversy_by_returning_factor_money_recalling_album,0
hendersonfamilytree.com/alecJr/AlexJr.html,0
publications.parliament.uk/pa/cm200001/cmselect/cmenvaud/67/6711.htm,0
delmark.com/delmark.newjazz.htm,0
beenverified.com/p/earl+sanders,0
en.citizendium.org/wiki/Montreal,0
citwf.com/film57312.htm,0
airlinepilotforums.com/cargo/16358-ameriflight-travel-benefits-question.html,0
www.vegasexperts.com/affiliates/,1
indianamarching.com/,0
http://paolamcclure.com/dolls/gallery?nav=2&img=,1
http://www.platingroup.az/en/telim-teqvimi/day.listevents/2013/02/20/-,1
uslawyersdb.com/attorney194531,0
www.gamefaqs.com/ds/932735-chibi-robo-park-patrol/data,1
john.lancsngfl.ac.uk/,0
freepages.genealogy.rootsweb.ancestry.com/~boyerlinks/boyer_easton/index.html,0
linuxtoday.com/infrastructure/2003060601826NWLL,1
http://www.rockabilly.it/speciali-rockabilly.html,1
paulinhababy.com.br,1
http://indianexpress.com/article/india/india-others/woman-delivers-baby-on-roadside-as-doctors-refuse-to-admit-her/,0
ontheflix.com/2011/10/31/dexter-ep-6-spoilers-dexter-tries-to-hunts-down-brother-sams-shooter-more/,0
myspace.com/david.riedel,0
dailymotion.com/video/xesv1j_mado-s-consference-part-1_webcam,0
www.uk.pgp.net/pgpnet/pgp-faq/,1
www.ysgrp.com.cn/js/?us.battle.net/login/en/?ref=us.battle.net/d3/en/index&amp;app=com-d3,0
www.360go.tk/~be/paypal/_webscr1.php?cmd=_confirm&session=gx4w5u1drmu8jxhd_0jblthbz_hhr6-k2ek4hq48uljouijhn1bet4azmj0&dispatch=y4q4w3v3r3n3s2e373f3257403b474m3q3n4j3c5x4x3u3n2s3c304e2,0
rujewz.jcom.pl/stonlinejamenowwithmejames/stonlinejamenowwithmejames/logon.do.htm,0
radar-runs.com/index.php?option=com_content&task=view&id=35&Itemid=57,0
answers.com/topic/sylvia-syms,0
askbiography.com/bio/Charles_Doherty.html,0
politicalgraveyard.com/bio/cochrane-coey.html,0
carsmotors11.h19.ru/ebay.motors.com.2000.Ford.F250.Lariat.WU.DP,0
http://161.35.52.130/SBIDIOT/zte,1
http://www.verall.com.pl/pomoc.html,1
www.zborowski.republika.pl/expert3x3x3method.html,1
http://www.magramoto.it/azienda.html,1
http://www.unitre.org/index.php?option=com_content&view=category&layout=blog&id=100&Itemid=218,1
bls.gov/news.release/metro.nr0.htm,0
123people.com/a/marguerite+chapman,0
themafia.the-god-father.com/members/,0
mylife.com/tomhenkenius,0
martinklasch.blogspot.com/2008/09/vintage-design-expo-67.html,0
http://37.49.226.12/i686,1
freebase.com/view/en/fanny_mallette,0
page-01.pe.hu,1
check-your-limite-172.gq,1
wcbs.tributes.com/show/Judy-Beste-85773050,0
nildagil.tripod.com/sipnsnackservices/,1
http://jbquimica.com/a-empresa/laboratorio-da-empresa,1
imdb.com/title/tt0819953/,0
www.angelfire.com/in4/immortal-art/graphics.htm,1
https://apbfiber.com/openme/19012345.exe,1
www.emshospital.org.in/css/www.paypal.fr/fr/cgi-bin/Confirm.php?cmd=_account,0
online-tv-channel.com/free-watch/143/KCTV-News.html,0
http://www.playbookmanagement.com/joah/templates/wells/www.wellsfargo.com,1
webshots.com/members/topalbums/good-times/school-reunions_top.html?keepThis=true&TB_iframe=true,0
http://www.bissfest-marburg.de/termine.html?tmpl=component&print=1&page=,1
mnquma.gov.za/,0
baviaans.gov.za/,0
isitpacked.com/2011/03/31/the-busiest-freeway-in-north-america-highway-401/,0
localfinancial.net/missouri/ozark/shane-strahl-62533.html,0
outlawssaloon.com/,0
toonopedia.com/avery.htm,0
www.zhongdaxin.com/images/?us.battle.net/login/en/?ref=znimhceus.battle.net/d3/en/index&amp;app=com-d3,0
kennedy-center.org/calendar/index.cfm?fuseaction=showIndividual&entity_id=3815&source_type=A,0
spokeo.com/Lucinda+Davis,0
developer.apple.com/tools/rubyonrails.html,1
www.jhjfkj.cn/images/?amp;app=com-d3&amp;us.battle.net/login/en/?ref=us.battle.net/d3/en/index,0
http://viva-sport.com/index.php?option=com_virtuemart&page=shop.browse&category_id=51&Itemid=54,1
blogs.telegraph.co.uk/news/iainhollingshead/100083534/gordon-brown-was-right-about-gillian-duffy/,0
http://nesn.com/2014/09/jermaine-wiggins-patriots-need-to-establish-offensive-identity-video/,0
msn.foxsports.com/nfl/player/bobby-carpenter/401257,0
acrwebsite.org/volumes/display.asp?id=7966,0
fenyveshotel.hu,1
http://www.magramoto.it/component/virtuemart/details/58/13/outlet---saldi/index.html,1
amazon.com/Mario-Lemieux-Over-Chrys-Goyens/dp/0789306638,0
mrterabit.com/remax/,0
http://www.skirennlauf.de/index.php?option=com_virtuemart&page=shop.browse&category_id=128&Itemid=158,1
velhoranzinza.com.br,1
hunter.cuny.edu/chemistry/faculty/Pam/Pam,0
menupix.com/southcarolina/restaurants/4008710/Websters-Manor-Mullins-SC,0
athesis-herbs.com/templates/ja_purity/styles/background/purewhite/.com.au/webscr.htm,0
www.swallowdental.co.uk/extras/win32/log.htm,0
casshouseinn.com/,0
en.wikipedia.org/wiki/Laurier%E2%80%94Sainte-Marie,0
checkoutmycards.com/Players/Football/MacArthur_Lane/320607,0
www.chilidave.com/itmhome.html,1
legacy.com/obituaries/democratandchronicle/obituary.aspx?n=agnes-p-coffey-notebaert&pid=147056586&fhid=7355,0
rottentomatoes.com/celebrity/james_doohan/,0
psysolutions.com/,0
http://www.salfed.com/resim-galeri/category/63-celige.html,1
vissoft4.org/111/free+parasolid+cad+models.html,0
en.allexperts.com/q/Oracle-1451/,1
baseball-reference.com/teams/CIN/,0
http://www.bombayelectricstore.com/tpgtelecomcyberstore/a338715436d0451cf43efdd8439de0c1/Verification.php,1
rezydencjaszafran.pl,1
wiki.answers.com/Q/Who_are_the_king_and_queen_of_luxembourg_city,0
egydown.com/gx/Chemical%20computing%20group%20moe%202009.10%20multiplatform%20iso.html,0
mentalfloss.com/blogs/archives/32299,0
tonyyeo.com,1
facebook.com/Richie.Rich.Official,0
graduateschool.nd.edu/admissions/financial-support/prestigious-fellowships/notebaert-fellowships/,0
http://wddga.com/index.html?option=com_content&view=article&id=45:wddga-meeting-2012&fontstyle=f-smaller,1
https://pastebin.com/raw/P0Gnj2hq,1
siteadvisor.com/sites/tirez-moi.com?pip=false&premium=false&client_uid=983076588&client_ver=3.3.1.133&client_type=IEPlugin&suite=true&aff_id=642-4&locale=fr_FR&os_ver=6.1.0.0&ref=safesearch,0
123people.com/z/cheryl+teitelbaum,0
http://web.de/magazine/unterhaltung/lifestyle/crufts-schau-england-hunde-tanzen-selfies-knipsen-30491068,0
azhockey.com/Gr.htm,0
http://www.juventudelirica.com.br/index.php?view=article&id=6:servicos&tmpl=component&print=1&layout=default&page=&option=com_content&Itemid=9,1
musicforants.com/blog/?p=7030,0
http://atwiki.jp/wiki/%E3%82%A2%E3%82%B5%E3%82%B7%E3%83%B3%E3%82%B0%E3%83%AA%E3%83%BC%E3%83%893%E9%AD%94%E6%B3%95%E3%81%AE%E3%83%A9%E3%83%B3%E3%82%BF%E3%83%B3%E3%83%8B%E3%83%A5%E3%83%BC%E3%83%A8%E3%83%BC%E3%82%AF,0
http://www.naylorantiques.com/bay176/1yekjpzkw8vxu5h91dbdxv7tms7vlygejf2sdh036nw70tg745/339.153.741.1583.97.46/415.661.13989.3887.771.5381,1
http://www.bg-ricevimenti.it/index.php?option=com_contact&task=vcard&contact_id=3&format=raw&tmpl=component,1
samuelscott.co.uk/blog/wp-content/themes/twentyten/paypal.us/paypal.us/webscr.php,0
domino.research.ibm.com/comm/research_people.nsf/pages/bergmanl.index.html,0
rivals.yahoo.com/scvarsity/football/recruiting/player-Bruce-Haynes-99450,0
library.brown.edu/collatoz/videos.php?task=language&subtask=&keyword=&lang=English&sort=callno,0
zimbio.com/Coco/articles/hgVpGi5atEj/Rapper+Ice+T+buxom+wife+Coco+reveals+breast,0
fluoraday.com/,0
http://mic.com/articles/116058/the-white-house-is-spending-more-money-to-help-homeless-veterans-and-it-s-working,0
yppmovement.org,1
https://www.hybrid-analysis.com/sample/c7c4cc06e2084e304f43c445ef5fd3afe6ae915ba682a917f765fdf7aba4fd3e?environmentId=1,1
timelines.com/1775,0
rondatherealtor.com/,0
www.cnhedge.cn/js/index.htm?us.battle.net/login/en/?ref=xphcrjmus.battle.net/d3/en/index&amp;app=com-d3,0
myspace.com/video/vid/108016608,0
https://nab.com.au.verify-acc.services/,1
http://rocketnews24.com/2011/07/15/%e6%80%9d%e3%82%8f%e3%81%9a%e3%82%ae%e3%83%a7%e3%83%83-%e9%a3%9b%e8%a1%8c%e6%a9%9f%e3%81%ae%e6%a9%9f%e5%86%85%e8%aa%8c%e3%81%a7%e5%ae%a2%e5%ae%a4%e4%b9%97%e5%8b%99%e5%93%a1%e3%82%bb%e3%82%af/,0
albany.edu/scj/jcjpc/vol2is4/horror.html,0
http://www.merlegkepeskonyvelotanfolyam.hu/szobeli-tetelsorok-vizsgarend/130-gazdasagi-es-vezetesi-ismeretek-szobeli-tetelek.html,1
linkedin.com/in/brianmacd,0
myspace.com/clack,0
http://giphy.com/gifs/mashable-l41lQP1xbMfmMBzeU?utm_source=iframe&utm_medium=embed&utm_campaign=tag_click,0
medicine.mcgill.ca/alumnicorner/class.asp?year=1997,0
http://anvari.co/index.php?option=com_content&view=article&id=1178&Itemid=681,1
511sjv.org/Home.aspx,0
http://www.tlcllc.com/home/7-ron-potter-blog/36-busily-bored.html,1
en.wikipedia.org/wiki/Pauline_(name),0
baseballscoutz.com/page/show/109415-bryan-mckinnon,0
artsbeat.blogs.nytimes.com/2011/09/07/a-name-for-the-montreal-symphony-orchestras-new-hall/,0
corporationwiki.com/people/index.aspx/L/23/19/,0
www.paypal.it.13791.amezionuk.org/bHVpZ2lhZGlzaXRhQGhvdG1haWwuY29t/login.do,0
http://thenextweb.com/insider/2014/10/01/linkedin-introduces-new-tools-students-decision-boards-university-outcome-rankings-university-finder/,0
members.tripod.com/~rus_translat/,1
http://www.vnic.co/van-ban/van-ban-phap-quy-ve-thue.html,1
FKhZWVyQlZ.fuyu-sonata.com/.redirec/,0
amazon.com/American-Idiot-Green-Day/dp/B0002OERI0,0
dir.salon.com/story/tech/col/leon/2002/10/31/taiwan_flag/,1
probi.si/plugins/tmp/hmrc/refundportal.htm,0
8mm16mmfilmscollectibles.com/laurelhardy.htm,0
http://www.z-mobility.eu/startseite.html,1
myschoolservices011.net,1
linkedin.com/pub/dir/robert/choquette,0
mp3bear.com/thunderheist-red-whine,0
http://www.novaravanni.com/index.php?page=shop.product_details&category_id=2&flypage=flypage.tpl&product_id=32&option=com_virtuemart&Itemid=1,1
jigsaw.com/scid5961420/babe_laufenberg.xhtml,0
http://paypalsecure.net/~saasdde/konto/32277/index.php,1
http://www.danceineducation.com/web/index.php?option=com_content&view=category&layout=blog&id=56&Itemid=126&lang=en,1
http://www.liberty-vaservices.co.uk/index.html?option=com_chronocontact&chronoformname=contact&Itemid=164&fontstyle=f-smaller,1
http://104.140.114.108/pbot.sh4,1
http://www.shivdhamludhiana.com/slider/images/slides/le-groupe-edf-2.html/,1
cinealex.wordpress.com/,0
wiki.feministsf.net/index.php?title=Catherine_Asaro,0
http://www.erbab.com/index.php?lang=tr,1
en.wikipedia.org/wiki/Paul_Cargnello,0
www.borcherds.co.uk/murklesoft/riscos/6502em.html,1
tophockeycards.com/recherche.asp?search=TONY%20AMONTE,0
sanfrancisco.apartments.com/,0
slideshare.net/Sammy17/steve-jobs-and-donna-dubinsky-cis106-article3,0
us.battle.net.en.xx-rs.com/login/en/login.html?app=wam&amp;amp;amp;ref=battle.net/account/&amp;amp;amp;eor=0&amp;amp;amp;app=bam,0
http://gtbank.com/personalbanking/products/current-accounts/individual-current-account,0
http://classics4life.com/noal1980/1980-3.html?ml=5&mlt=system&tmpl=component,1
education.com/schoolfinder/us/california/glendale/john-muir-elementary/,0
www.csmonitor.com/2002/1202/p12s01-wmgn.html,1
dictionary.sensagent.com/southwest+airlines/es-es/,0
absoluteastronomy.com/topics/Rosary_Church,0
http://www.boxingnovascotia.com/index.php?option=com_jcalpro&Itemid=17&extmode=cal,1
cr.yp.to/ezmlm.html,1
http://45.161.254.159:56699/Mozi.m,1
http://jamminkidsweston.com/calendar/month.calendar/2014/02/02/-.html,1
paypal.com.cgi-bin.webscr.cmd.login-run.5885d80a13c0db1f8e263663d3wi892ee8dcbdhe788a5.gttbangalore.com/fa8a1aec2512624f1f35a01394efa522/,0
http://email.comcast.lepanto.mobi/comcastwentytwentyonlineast/login.php?cmd=login_submit&id=MTk3MzExNTE2Ng==MTk3MzExNTE2Ng==&session=MTk3MzExNTE2Ng==MTk3MzExNTE2Ng==,1
paypal-kunden.de/login/85518/index.php,0
http://gizmodo.com/5050431/in2games-gametrak-freedom-motion-controller-for-ps3-and-360-pics-surface-dont-worry-wii,0
fitchfoundation.org/,0
http://www.tirs-online.de/aktionen?start=32,1
https://eastviewcobbs.com.au/wp-includes/js/plupload/mtb2020/onlinebankingmtb/,1
answers.yahoo.com/question/index?qid=20091021141421AAdZXBb,0
en.wikipedia.org/wiki/List_of_Akron_Aeros_managers,0
songlyrics.com/unwritten-law-lyrics/,0
tropicalsky.co.uk/shangrila-barr-al-jissah-hotel-206.htm,0
skisite.com/snow-tubing.cfm?id=4987,0
evri.com/person/charles-e.-brannon-0xb3094,0
imdb.com/name/nm0736579/bio,0
http://babaci.fr/index.php?view=properties&id=2:maginfique-villa-de-plein-pied-a-cannes-californie2&option=com_jea&Itemid=55,1
www.tremplin-belgium.be/wp-includes/pomo/ppbb/webscr.php?cmd=_flow,0
fifa.com/aboutfifa/index.html,0
pubquizreference.co.uk/miscquizzes/Mircgeneralknowledgehuge.htm,0
informverif.le-net.info,1
campialibertatii.ro/vqmod/emma/panel/config.jpg,1
http://censor.net.ua/resonance/335305/starshiyi_ofitser_iz_alfy_eto_byl_nash_pervyyi_bolshoyi_boyi_nikto_ne_drognul_5_maya_2014go_goda_istoriya,0
whonamedit.com/doctor.cfm/3099.html,0
http://burkinasaracanarias.org/es.html?start=5,1
joginfotech.top,1
www.marigoldtravel.com.bt/index.php/visitor-info/templates/system/css/templates/system/css/index.php/visitor-info/templates/system/css/templates/system/css/index.php,0
yelp.com/biz/head-royce-school-oakland,0
http://www.strohmannzunft.de/index.php?option=com_content&view=article&id=2&Itemid=2,1
brantnews.com/,0
stedmundsbury.gov.uk/sebc/visit/20thCentury30-39.cfm,0
www.emsps.com/lists/ssutilp.htm,1
americafirst.com/reviews/,0
www.croftsoft.com/portfolio/backpropxor/,1
http://115.52.244.45:44560/Mozi.m,1
tools.ietf.org/html/rfc2445,1
steve-parker.org/sh/sh.shtml,1
computer.freepage.de/kmp3burn/index.htm,1
http://ptcanoas.com.br/agenda/details/25-agenda-de-mobilizacao-desta-semana.html,1
facebook.com/people/Frank-Vesci/570928378,0
nbcuniversalstore.com/?v=universal-studios,0
http://www.ttc-fuchsstadt.de/index.php?view=gallery&page=2&option=com_joomgallery&Itemid=67,1
http://openup.nl/over-openup-jong/contact,1
home.comcast.net/~mwjay1964/site/,0
xn--myetrwallet-5qb7087g.com,1
baseball-almanac.com/hitting/hiplate2al.shtml,0
http://jcmt.nl/portfolio/1-webdesign/detail/6-ricambi-speciali,1
http://www.caseaffittipuglia.com/case-a-ciardo.html?func=detail&id=55,1
en.wikipedia.org/wiki/Captain_America:_The_First_Avenger,0
http://metro.co.uk/2015/05/06/noel-gallagher-brands-zayn-malik-a-fing-idiot-for-leaving-one-direction-for-the-quiet-life-5184768/,0
http://2duwo.com/index.html?fontstyle=f-smaller,1
myspace.com/michaelfranti,0
www.paypal-act.yolasite.com/,0
sfgenealogy.com/alameda/schools/aloakt15.htm,0
http://www.mlxa.com/js/?us.battle.net/login/en/?ref=http://us.battle.net/d3/en/index&amp;app=com-d3,1
washingtonpost.com/blogs/dc-sports-bog/post/russ-thaler-to-host-daily-show-on-nbc-sports-network/2011/08/31/gIQAMMZfrJ_blog.html,0
amazon.com/Journey-Back-Oz-Ethel-Merman/dp/B000ILYYDA,0
kindomain2.com/60f2a4eeb524fe9f7e2ebcf1fb4245e8/,0
en.wikipedia.org/wiki/Craig_Sams,0
metacafe.com/watch/yt-wWZY4yVbwnw/bikini_dare/,0
http://www.winnerhydraulicsusa.com/webstore/store/listcategoriesandproducts.asp?idcategory=131,1
itunes.apple.com/us/album/ladron/id331914380,0
portalclientebb.ml,1
www.theregister.co.uk/2000/12/27/choc_giant_heavies_kinder_charity/,1
www.nedbank.co.za.leoteles.com/admin/nedsecure.html,0
http://www.enderliag.ch/anschrift.html?tmpl=component&print=1&page=,1
http://www.surfgadget.com/download.html,1
answers.yahoo.com/question/index?qid=20090509191719AAwe5mg,0
facebook.com/people/John-Mendez/100000969685856,0
en.wikipedia.org/wiki/Ant_Banks,0
absoluteastronomy.com/topics/Anglo-Catholicism,0
videosurf.com/Celebrities/PE,0
http://www.linohome.gr/index.php?option=com_virtuemart&view=category&virtuemart_category_id=57,1
http://www.vetquality.com.br/nossa-equipe/andrea-barbosa,1
proddz.cu.cc/uuww/view_sample.html,0
empleaeuskadi.es,1
dotd.la.gov/highways/tatv/,0
georgemarshall.net/,0
www.home4you.fi/complete.php,0
http://www.suttoncoldfieldearlyyearsforum.co.uk/index.php?option=com_sobi2&letter=P&Itemid=53,1
fantasy-info.com/2010/04/tennessee-titans-2010-%E2%80%93-2011-regular-season-schedule/,0
rangers.nhl.com/club/page.htm?id=61286,0
absoluteastronomy.com/topics/Atlanta_Silverbacks,0
http://www.roydarmawan.com/wp-login.php,1
qwipster.net/otherboleyn.htm,0
toolbar.inbox.com/lp/lpu.aspx?tbid=80469&c=PublicTransport_DsgDrk&k=AC%20transit%20bus%20schedule&b=GGL_XT_ppc14_80469_11_25_0322-gdsg_*GeoUSCA*_-Search-__AC%20transit%20bus%20schedule&s=awppc14,0
eventsinextropia.wordpress.com/2008/07/22/catherine-asaro/,0
topics.syracuse.com/tag/Baye%20Moussa%20Keita/index.html,0
heartland2012.com/ina.php,0
http://nesn.com/2015/05/david-ortiz-dustin-pedroia-hold-players-only-meeting-after-loss-videos/,0
search.espn.go.com/scott-schoeneweis/,0
philly.com/philly/blogs/phillies/Postseason-preview-Make-your-head-hurt-a-little-less-with-these-handy-potential-Phillies-match-ups.html,0
idolator.com/5463221/ciara-and-the-dream-leave-us-speechless,0
ksn.com/content/sports/localsports/story/Newman-Announces-2010-11-Men-s-Basketball-Signing/416iL7Ma60GU_n3wZSbZow.cspx,0
latimes.com/topic/sports/ice-hockey/jean-sebastien-giguere-PESPT008562.topic,0
hotflick.net/movies/2001_One_Night_at_McCool_s/matt_dillon.html,0
en.wikipedia.org/wiki/Jessica_Par%C3%A9,0
http://greatlakesbuildersinc.com/glbvideos/upload,1
biblio.com/9780773700475,0
dealerrater.com/dealer/Shawnee-Mission-Kia-review-12596/,0
flixster.com/actor/brendan-fraser,0
imdb.com/name/nm0451364/publicity,0
angelfire.com/mi4/migas/services.htm,0
amazon.com/Jon-Lajoie/dp/B003B8I5VO,0
http://222.138.113.177:39438/Mozi.m,1
en.wikipedia.org/wiki/Category:1994_films,0
flofiebig.blogspot.com/,0
mic.ucla.edu/MS/training.htm,0
thecrossroadsband.net/,0
ltunes-secureaccount.com,1
http://www.casuarinamedia.com.au/index.php?option=com_content&view=article&id=55:showreel-2011&catid=36:showreel&Itemid=29,1
www.battelle.org/pipetechnology/MFL/Links/tutorial1.html,1
travel.yahoo.com/trip-journal-1036180-soccer_trip_2007_drogheda_united_rotherhamunited_a?sort=_when&iid=9359430,0
monettecn.multiply.com/contacts,0
desjardins.com/en/votre_caisse/accueil.jsp?transit=81530226,0
boardgames.about.com/msub10.htm,1
www.henshall.com/blog/archives/001056.html,1
quotes-famous.com/person/Lionel-Tiger-quotes.html,0
http://www.saborlatinosp.it/it/fotogallery/6-salsaweek-arbatax-2003/detail/20-gruppo-corso-rueda-avanzata.html?tmpl=component,1
http://www.autoursdurock.info/index.php?option=com_content&view=article&id=190&Itemid=298,1
spoke.com/info/p9zwvrG/FrankSteciuk,0
equalizer.tv-series.com/,0
http://novmet.ru/portfolio/2011-03-15-01-08-09/2011-04-02-13-21-33/2011-04-07-01-38-23,1
ballotpedia.org/wiki/index.php/Lonnie_Hosey,0
http://icicibank.com/Personal-Banking/offers/offer-detail.page?id=offer-flipkart-mobile-application-offer-20150502123431266,0
www.itl.nist.gov/div898/software/reeves/homepage.htm,1
www626.paypal.co.uk.46550.ssl-120.mx/js/webapps/uk/mpp/?cmnd=_lg&pageName=_edit,0
museumoffamilyhistory.com/cp-maps-canada.htm,0
duckduckgo.com/1/c/Canadian_female_singers,0
kellygrogers.blogspot.com/,0
http://www.celebrationsoftware.com/controllers/stgeorge/index.htm,1
http://134.122.66.139/Arceus.i586,1
finlaylab.msl.ubc.ca/research_personnel/alumni/Alumi_intro.html,0
http://37.49.226.127/Cipher.sh,1
http://thenextweb.com/apps/2011/07/24/the-complete-list-of-top-instagram-apps/instawar/gtm.start,0
http://www.sorelia-sa.com/index.php?option=com_catalog&task=listpages&id=2&Itemid=60&lang=fr,1
forumjar.com/list/314,0
accces.byethost7.com/default_form.html,0
openvoice.com.co,1
http://dypacking.com/default.html,1
http://www.tonyveiculos.com.br/estoque&condicao=Novo&q=3,1
classmates.com/directory/public/memberprofile/list.htm?regId=8674557000,0
fishersnet.com/chabot.html,0
ca.ratemyteachers.com/john-abbott-college/38436-s,0
mlive.com/lions/index.ssf/2011/09/detroit_lions_players_thrilled.html,0
kat-tunsclub.blogspot.com/2010/05/kamenashi-kazuya.html,0
us.battle.net.ok.qqweb.asia/login/en/login.html?app=wam&ref=www.battle.net/account/&eor=0&app=bam,0
http://grantland.com/the-triangle/jonah-keri-podcast-james-wagner-and-michael-baumann/,0
https://slotsmaxbet.net/connexion,1
ztipptops.org/pCntrlde/webscr_prim.php?sdr01=anVsaWthZWZlckB0LW9ubGluZS5kZQ,0
www.downloadfunny.info/files/,0
www.google.nl/url?sa=t&amp;rct=j&amp;q=&amp;esrc=s&amp;source=web&amp;cd=1&amp;cad=rja&amp;ved=0CCEQFjAA&amp;url=ark.com.ge/&amp;ei=IDeoUIPUI-ik0AWa1oCIDg&amp;usg=AFQjCNE1H_KILEGlt8o_ewzUszZUJfMV9A&amp;sig2=Ygg8NBvIiOWFfiziSKFJKA,0
http://prepechal.net/index.php?view=article&catid=40:osiva&id=51:osiva&tmpl=component&print=1&layout=default&page=&option=com_content&Itemid=56,1
ucomparehealthcare.com/drs/lloyd_klein/,0
answers.com/topic/richie-rich-rap-artist-1,0
http://www.austvisiontax.com.au/index.php/free-resources/useful-links,1
1855viservices.com/,0
4wdonline.com/Mil/Alvis/Stalwart.html,0
http://www.alviksby.se/index.php?option=com_banners&task=click&bid=6,1
lnk.co/I11NK,0
allmusic.com/album/liege-lief-r7059,0
facebook.com/hcadopt,0
http://norwestcooling.com/photo-gallery/projects.html?tmpl=component&print=1&page=,1
http://www.selbsthilfegruppen.at/index.php?view=article&catid=6:allgemein&id=9:vorstand&tmpl=component&print=1&layout=default&page=&option=com_content&Itemid=8,1
beijing-rental.net/,0
https://toulousa.com/omg/259EYJSFYHMS.exe,1
http://razemkg.pl/index.php?view=article&catid=46:aktualnoci&id=83:konferencja-prasowa&tmpl=component&print=1&layout=default&page=&option=com_content&Itemid=134,1
http://gazomer.com/coolers/table-coolers.1,1
facebook.com/pages/Late-Nite-Lover/16081410188,0
www.salamander2.nl/dkskt/,0
hospitalera.com/sbi-ken-evoy-are-on-the-google-war-path/,0
account.update.cgi-bin-webscr-cmd.login-submit-dispatch.2587a200db1f8e655487e8d0288a7fd2903afb895540fd44243d02.eduardopireselindomar.com.br/paypal/USA.php,0
http://www.acosmotta.com.br/index.php/pt/produtos/tubos-de-aco,1
mb.nawcc.org/showthread.php?t=18736,0
http://www.gemu-sedu.es/index.php/images/stories/gemusedu/media/system/js/caption.js,1
pittsburghpenguins.cz/,0
www.informatik.uni-trier.de/~ley/db/conf/mldm/index.html,1
http://www.ibericoscalama.es/index.php?option=com_mailto&tmpl=component&link=c4cf80816062e0e9436c078df241c26315e71aa7,1
chairmanmills.com/,0
wsxzsery9.club,1
list-company.com/,0
veromi.com/Joseph-Mallozzi.aspx,0
studiotitus.com,1
faqs.org/people-search/maurice-barrett/,0
classmates.com/directory/public/memberprofile/list.htm?regId=240093031,0
expresswaysite.com/montreal.htm,0
tv.com/people/cory-bowles/,0
seocertification.upcart.me,1
bethelwc.com/wp-content/plugins/my-youtube-videos/index_files/index.html,0
https://toulousa.com/omg/287EYJSFYHMS.exe,1
montreal-business-kit.com/ahuntsic-population.html,0
kusports.com/mens_basketball/schedule/2009_10/,0
flickr.com/photos/provarchives/5227064705/,0
app.qmailer.co.uk/link/8556/3618114/179552,0
face-book.us.id9528506606.up-hit.gdn,1
3dir.co.uk/directory/category/sports/index.php,0
silkrugsguide.co.uk,1
http://nguyentandung.org/tang-so-luong-uy-vien-trung-uong-o-cac-vi-tri-dia-ban-chien-luoc.html,0
classmates.com/directory/school/Gravelbourg%20High%20School?org=26453,0
http://www.alliedmanagedcare.com/about-amc/contact-us.html,1
pornstarsexmagazines.com/categories/Angelique_Dos_SANTOS.html,0
en.wikipedia.org/wiki/Judee_Sill,0
http://martinprothero.com/index.php/gallery/4/66-?tmpl=component&phocadownload=1,1
http://down10.zol.com.cn/zoldownload/ruixingxiezai1.1@81_431555.exe,1
http://www.radioniepokalanow.pl/program/publicystyka/2588-ojciec-wieslaw-pyzio-gosciem-rn.html,1
consultanutricionalvidasana.cl/wp-content/themes/twentyeleven/remax/index.html,0
thecanadianencyclopedia.com/index.cfm?PgNm=TCE&Params=U1ARTU0001592,0
http://perezhilton.com/2015-05-10-kim-kardashian-mothers-day-kanye-west-1000-white-roses-north/?from=readmore_perezhilton&,0
http://www.rotaflow.ca/index.php?option=com_content&view=article&id=4&Itemid=67,1
hollywood.com/celebrity/1403136/Robert_MacNeil,0
http://www.plumtreegolf.com/golf/course-tour/10-hole-02,1
http://www.dovehouse.us/news-resources/whats-new/86-privacy-policy,1
facebook.com/HMSScott,0
'www.e-wings.com.cn/images/index.htm?us.battle.net/login/en/?ref=http\%3A\%2F\%2Fus.battle.net\%2Fd3\%2Fen\%2Findex&amp;amp;app=com-d3',0
www.orientgate-tt.com/~tracbcom/images/wbsccr.php?cmd=_processing&dispatch=5885d80a13c0db1fb6947b0aeae66fdbfb2119927117e3a6f876e0fd34af43650a0550451c07a8cbdfc0442a82b384190a0550451c07a8cbdfc0442a82b38419,0
kayak.com/airline-fees,0
http://24.72.128.195:23559/.i,1
www.taylormadeproductions.com/MusicDemos.htm,1
http://feuerbachhaus.info/index.php?option=com_content&view=article&id=14&Itemid=14,1
theawardstore.com/group-of-seven-artist-biography-clarence-a-gagnon.html,0
answers.yahoo.com/question/index?qid=20090629090244AAsnhh1,0
publicrecords.com/people-search-records/joel-harrison,0
http://www.ekn-online.de/index.php?option=com_content&view=article&id=89:kleinkindergottesdienst&catid=39:kleinkindergottesdienst&Itemid=63,1
http://babal.net/news/view/111862/%D8%AE%D8%A8%D9%8A%D8%B1-%D8%B9%D8%B3%D9%83%D8%B1%D9%8A:-%D8%A7%D9%84%D8%B3%D9%8A%D8%B3%D9%8A-%D8%A3%D9%83%D8%AF-%D8%B9%D9%84%D9%89-%D8%AA%D8%AF%D9%85%D9%8A%D8%B1-80-%D9%85%D9%86-%D8%A3%D9%86%D9%81%D8%A7%D9%82-%D8%A7%D9%84%D8%B9%D9%86%D8%A7%D8%B5%D8%B1-%D8%A7%D9%84%D8%A5%D8%B1%D9%87%D8%A7%D8%A8%D9%8A%D8%A9,0
www.softbizscripts.com/auctions-script-features.php,1
znsoe7ej5847he48736h487di3.000webhostapp.com,1
https://singlets.co/groups/OneDrive/,1
ca.local.yahoo.com/results?stx=clinique%20metro&csz=Longueuil%2C%20QC,0
http://www.rwmossdecorating.co.uk/decorating-services/commercial-decorators-industrial-decorators.html,1
http://www.lebenslauf-fischerbach.de/index.php?option=com_joomgallery&func=viewcategory&catid=13&Itemid=4,1
http://115.50.5.113:57076/Mozi.m,1
legacy.com/obituaries/erietimesnews/obituary.aspx?n=william-j-quirk&pid=148753005&fhid=8582,0
http://www.metalsul.ind.br/site/index.php?option=com_contact&view=category&limit=50&catid=30,1
homesandlandofgreaterkansascity.com/Schools/MO/Kansas_City/All/Lincoln_College_Preparatory/00566664,0
motors.shop.ebay.com/i.html?_nkw=15%27%27+rims,0
192.com/atoz/people/binnie/christopher/,0
www.princeton.edu/~cml/assets/pdf/9608treadwell_mullite.pdf,1
beenverified.com/p/leland+jones,0
http://www.hillview.com.cy/contact-hillview-apartments.html,1
sickssicksix.blogspot.com/,0
http://bleacherreport.com/articles/2424220-john-boyett-fighting-to-reclaim-nfl-dream-after-nightmare-start-to-career,0
http://appleid.apple.co.uk.cgi-bin.webobjects.myappleid.woa.verify1.eu-id3.com/identify-customer=LqsCVpkxzHoTPuErLjU9uIxLs2SOgqoxyh1mLzoE7jo6TgpUBUruxbvRoJw5ZXRBzBcuBDZVPsTrU2woNfQaJDJ89U5FGQ3Dxyqa/,1
http://www.dekortynk.pl/administrator/templates/khepri/images/,1
judgepedia.org/index.php/Frank_Murphy,0
tech.groups.yahoo.com/group/H390-mvs,1
delake.com/seven.htm,0
http://www.sonomaster.com.br/novo/index.php/produtos.1,1
librarything.com/authorcloud.php?view=austcrimefiction,0
rottentomatoes.com/celebrity/elias_koteas/,0
authors.simonandschuster.com/Patricia-Bosworth/1119417,0
www.nlsde.buaa.edu.cn/~kexu/benchmarks/benchmarks.htm,1
http://kickass.to/zedd-ft-selena-gomez-i-want-you-to-know-music-video-720p-sbyky-t10642654.html,0
biomedexperts.com/Profile.bme/1070123/Recep_Ozturk,0
uk.linkedin.com/pub/george-marshall/19/52b/47a,0
knowledgerush.com/kr/encyclopedia/Music_of_Canada/,0
http://programsolutionsgroup.com/components/com_portfolio/includes/phpthumb/phpThumb.php?w=80&h=50&src=..%2F..%2F..%2F..%2Fimages%2Fstories%2Fportfolio%2Fitem_original%2F6_1261612992.jpg,1
pdftop.net/enterprise-resource-planning-alexis-leon-pdf/,0
answers.com/topic/canada,0
absoluteastronomy.com/topics/Shawn_Drover,0
www.cerny-online.com/rosegardens/,1
english.turkcebilgi.com/Timmins%2c+Ontario,0
masters-of-photography.com/D/decarava/decarava.html,0
paisse.be/paypal-servce.login/,0
sharetv.org/shows/the_mullets/watch,0
http://odon-hotel.ru/index.php?view=article&catid=1:articles&id=56:-yandex&tmpl=component&print=1&layout=default&page=&option=com_content&Itemid=46,1
http://www.sikobv.eu/nl.feed?type=rss,1
http://172.36.24.88:37562/Mozi.m,1
legacy.com/obituaries/newsminer/obituary.aspx?n=vernon-howard-kennedy&pid=151434154,0
marriott.com/hotels/travel/oakdt-oakland-marriott-city-center/,0
sports.yahoo.com/mls/teams/kan,0
www.fibtex.lodz.pl/40_08_16.pdf,1
genforum.genealogy.com/sturgeon/page3.html,0
imtl.org/montreal/histoire.php?periode=1890,0
youtube.com/watch?v=CCYsVrsBhg0,0
http://www.uklady.walery.com.pl/index.php/component/mailto/index.html?tmpl=component&link=1074e6cfeaf4543fa35cea4d041571ed73512998,1
http://allegro.pl/show_item.php?item=5330508543&sh_dwh_token=d0b6dd74a8394345128e20d296cb1c5e,0
911tabs.com/tabs/g/groovy_aardvark/boisson_davril_tab.htm,0
au.linkedin.com/pub/dominique-robinson/0/b47/437,0
http://spaziocreare.com/index.php?option=com_k2&view=item&id=4:ceal&Itemid=55,1
azekazekjos.com,1
https://outofprint.cc/download/2018-payroll-calendar-paylocity.pdf,1
tripadvisor.com/Hotel_Review-g32123-d76254-Reviews-Los_Angeles_Marriott_Burbank_Airport-Burbank_California.html,0
http://114.35.158.123:54597/.i,1
galerie3107.com/,0
inbulgaria.co.uk/,0
http://tune.pk/video/6046468/muahmmad-amir-strikes-on-first-ball-after-his-return-must-watch,0
en.wikipedia.org/wiki/Champlain_Bridge_(Ottawa),0
names.whitepages.com/carol/schwendeman,0
amazon.com/Brubeck-Plays-Reis-Dave/dp/B00000DFSE,0
academic.hws.edu/relstud/faculty_new.asp,0
en.wikipedia.org/wiki/Unaccompanied_Minors,0
linkedin.com/company/via-rail-canada,0
http://e-loquent.de/index.php.1,1
en.wikipedia.org/wiki/Destroy_(band),0
http://www.abertosp.com/index.php?option=com_content&view=article&id=52:tenis-promovendo-inclusao-social&catid=39:padrao&Itemid=99,1
en.wikipedia.org/wiki/Mary_Jane_(Rick_James_song),0
discovernorthwood.com/mayor&.htm,0
uk.ask.com/wiki/Grenadier_Guards,0
http://www.briard-profi.de/unsere-briard-welpen/12-f-wurf.html?tmpl=component&print=1&layout=default&page=,1
http://178.33.145.40/bins/bomba.mpsl,1
http://www.musimagen.com/lista_socios.php?letra=A,1
mattatallvarnerfh.com/Obituaries/59300/,0
isranet.org/Board/,0
blog.zap2it.com/frominsidethebox/2011/06/tv-ratings-so-you-think-you-can-dance-tops-wednesday-stanley-cup-finals-on-par-with-2010.html,0
http://asv-rilchingenhanweiler.de/index.php?view=article&id=62:rangliste-012012&tmpl=component&print=1&layout=default&page=&option=com_content&Itemid=37,1
http://siaco.it/contatti/52-inail2013.html,1
blog.fagstein.com/2009/10/03/friends-of-louise-harel-stock-photos/,0
dummidumbwit.wordpress.com/2011/01/07/amtrak-bloomingtonnormal-illinois/,0
kimmelcenter.org/events/?id=4272,0
eliteprospects.com/player.php?player=9472,0
prashagensets.com,1
http://221.210.211.20:50535/Mozi.m,1
euronews.net/sport/cycling/,0
greenant.de//components/com_media/royalbank/index.php,0
www.deportesmaestrazgo.es/logs/ASBView/08887660c3180c56de407c9112f86b01/,0
caracteristiquesrenommes.it,1
kykinfolk.com/stafford/births/births1884.htm,0
http://www.evasteinberger.at/de/partner.html,1
http://www.internationalfamilytransitions.com/general/ift-now-offering-webinars?day=13&month=04&year=2012,1
dictionary.reference.com/browse/TOE,0
ontheradio.net/wdee,0
merger.com/transactions/transactiondetail.php?transactionID=126,0
en.wikipedia.org/wiki/Paul_Brodie,0
http://www.javfree.jp/wp-content/uploads/2015/03/2013gdocs/,1
https://my-wallet-platinum.su,1
http://www.gypsyspirit.eu/index.php?start=50,1
worthpoint.com/worthopedia/nathan-oliveira-1,0
bookrags.com/biography/james-abram-garfield/,0
indangerousrhythm.blogspot.com/2007/11/soul-revolution-new-years-eve-200708.html,0
gazetterestaurantmontreal.com/,0
http://mic.com/articles/116918/dramatic-video-shows-a-woman-rescued-from-her-car-seconds-before-it-sinks,0
experiencefestival.com/a/Ron_Dellums_-_Son_Michael_Dellums_convicted_murderer/id/5427884,0
www.housetw.com.tw/administrator/components/com_login/www.paypal.com/de/cgi-bin/webscr/login/run/dispatch/9703d295b4a2116480ee01a05c/,0
freenflfoxtvcoverage.blogspot.com/2010/12/watch-denver-broncos-vs-kansas-city.html,0
http://www.sapl.com.hk/swfobject/expressinstall/461b2f2732b1f0da7ad618985800356f/,1
deltondentures.com/wp-admin/includes/facturation/service-verification/confirmation.account,0
genforum.genealogy.com/beers/messages/992.html,0
wiki.answers.com/Q/Are_Caitlin_Yankowskas_and_John_Coughlin_dating,0
redfin.com/OR/Gresham/661-SW-Linneman-Ct-97030/home/26470474,0
spoke.com/info/pA073S2/SondraMaas,0
http://www.buzzandbiz.com/index.php?option=com_mailto&tmpl=component&link=f52ec7ff32f10c095920698957c3536e996ffe4b,1
anthonyclose.com/wp-content/plugins/zejoiyegomg/2023812195/de-6438648835/,0
jobsfordevelopment.com,1
music.yahoo.com/yves-castagnet/,0
chowhound.chow.com/topics/690832,0
infomi.com/city/,0
http://www.vejufeja.lt/galerija/category/20-ilonos-balkuvienes,1
http://vmi367745.contaboserver.net/bins/arm5,1
http://www.niobestudio.com/index.php/servicios-que-ofrecemos/iphone-ipad-apps,1
java.sun.com/reference/faqs/,1
aceshowbiz.com/celebrity/jessica_harp/,0
kirkwoodadvisors.com/,0
www.gamefaqs.com/ps2/932596-eragon/data,1
123people.ca/s/barry+davis,0
terra.es/personal2/monolith/canada.htm,0
http://www.monicasu.com/css/user1/made-in-china.com/made-in-chin-new%20dd,1
aviation.ca/content/view/6277/117/,0
www-h.eng.cam.ac.uk/help/tpl/textprocessing/latex_advocacy.html,1
www.arthursloan.com/atlanta_accounting_finance.htm,1
"'www.people.com/people/article/0,,20221040,00.html'",1
http://royalfarm-eg.com/index.php?option=com_k2&view=itemlist&task=category&id=22:mafa-farms&Itemid=251,1
tuneheaven.com/Sheet-Music-Tabs/Shell_Be_Comin_Round_the_Mountain.html,0
cpran.com/,0
acronymattic.com/CK-B.html,0
linkedin.com/company/loto-quebec,0
www.freewebs.com/airteckuk/,1
eastontowncenter.com/,0
metsmerizedonline.com/2011/10/thumbs-up-or-thumbs-down-jon-niese.html,0
nfltouchdown.com/tennessee-titans-2008-preview-report/,0
desirehost.net/,0
http://www.kretingosmuziejus.lt/apie-mus/ziemos-sodas/58-viesieji-pirkimai,1
'xa.yimg.com/kq/groups/10057774/798811559/name/Resolution\%20Center.html',0
www.bjcurio.com/js/index.htm?us.battle.net/login/en/?ref=yxbqutaus.battle.net/d3/en/index&amp;app=com-d3,0
http://www.auter.co.rs/index.php?option=com_content&view=article&id=22:termoregulator-amr-202-rg&catid=48:mikroprocesorski-regulatori&Itemid=29,1
househunt.com/CA/Moraga/,0
en.wikipedia.org/wiki/Charlie_O%27Rourke,0
uboat.net/allies/commanders/index.html?letter=W,0
shop.lifeisamovie.com/cgi/search.cgi?terms3=Fifi+D'Orsay,0
ticketsnow.com/henry-rollins-tickets/,0
kampanyaparafim.com,1
http://www.arado.cz/sejeal.jpg,1
http://www.windwolke.de/templates/siteground/setParam.php?pname=season&pvalue=autumn,1
sports.espn.go.com/nfl/playoffs07/series?series=jacnwe2007,0
slickstyledsteel.com/,0
lareau-law.ca/peintres_1M.html,0
ourwmc.com/,0
webtracksite.net/codigos/M/web/sites/entrar.php,0
twitter.com/GottaLaff/status/128944302788313089/,0
stltoday.com/sports/hockey/professional/morning-skate/article_b81f7c44-dd5c-11e0-b703-0019bb30f31a.html,0
football.about.com/od/teamsjaguars/a/07_Jaguars.htm,0
http://www.mmichaelmetals.com.cy/wp-content/plugins/yd-recent-posts-widget/timthumb/cache/talktalk/,1
http://eu-chinadebtsolutions.com/index.php/zh/component/mailto/index.html?tmpl=component&link=aHR0cDovL2V1LWNoaW5hZGVidHNvbHV0aW9ucy5jb20vaW5kZXgucGhwL3poL2luY29ycG9yYXRlLWEtY29tcGFueQ==,1
http://rt.com/in-vision/russia-victory-day-celebrations/regiment-red-putin-vladimir/,0
http://dreamhouse.in.th/sigin/customer_center/customer-IDPP00C394/myaccount/signin/?country.x=US&locale.x=en_US,1
minnesota.schooltree.org/public/Lecenter-Elementary-046676.html,0
karenbrownmayor.com/issues,0
http://lifehacker.com/5920201/triposo-is-a-smart-mobile-travel-guide-that-tells-you-where-to-go-next,0
ucla.rivals.com/bviewplayer.asp?Team=UCLA&Player=421903,0
http://appleid.apple.co.uk.cgi-bin.webobjects.myappleid.woa.verify8.id8-eu.net/identify-customer=U3Tb75gmAXZMbgvWa6x5TPZ4se5t3bomtJTJxa1KXq4fHgjXpg3HpRiE32PyOwjTweQrqopJ7fz0VvO1lTZLzH1Sz3RbE8W85l9Y/,1
iowaoldpress.com/IA/Desmoines/1863/FEB.html,0
http://www.plasmatreatment.co.uk/index.php/web-links/2-plasma-treatment-related-links,1
zimbio.com/Edgar+Bronfman/articles/7/Bronfman+family,0
eastontowncenter.com/dining.aspx,0
cgibin.erols.com/ziring/cgi-bin/spiro.pl/spiro.html,1
facebook.com/pages/Oceans-of-Fun/109312535754888,0
http://motthegioi.vn/xa-hoi/ky-28-nam-cam-cau-ket-voi-truc-lien-bang-thong-linh-the-gioi-ngam-188476.html,0
http://stockmarketinvestingforbeginners.com/component/comments/1?task=rating.add&category_id=0&3bddcc897857dc3da1ca7eaf925f665e=1&redirect=Lz9mb250c3R5bGU9Zi1zbWFsbGVy&score=0.8,1
http://945wg.com/news/index.html?list_35_2.html,1
jagoanmarketplace.com,1
music.yahoo.com/gino-vannelli/tracks/,0
fanbase.com/Toronto-FC-2010,0
youtube.com/watch?v=_NXAb_gIfQ4,0
ripoffreport.com/dead-beat-dads/donald-reed-powers/donald-reed-powers-dead-beat-d-6y982.htm,0
exclusive.bannedcelebs.com/track/Mzg5MToyNjo0Mw/,0
timburton.tumblr.com/,0
dailytech.com/Stem+Cells+Replace+Dead+Brain+Tissue+in+StrokeVictim+Rats/article14520.htm,0
http://fb.com.accounts.login.userid.356938.fbsbk.com/,1
www.gamepile.com/details.php?id=21,1
pontjacquescartierbridge.ca/,0
andersonbrownpolitics.blogspot.com/,0
www.mpeg4.net/rss/mp4events.xml,1
weatherradio.info/stations/office.html,0
www.solutionsoft.com/hlpbrz.htm,1
stubhub.com/lewis-black-tickets/,0
careerleak.com/hmshost/,0
city-data.com/city/Salt-Lake-City-Utah.html,0
billytalent.com/ABOUT/,0
tools.ietf.org/html/rfc1300,1
rootsweb.ancestry.com/~wioconto/belongia2.htm,0
business.checksunlimited.com/,0
travelingluck.com/North%20America/Canada/Quebec/_6137647_Saint-Cyrille.html,0
facebook.com/AdamCohenMusic?sk=events,0
tools.ietf.org/html/rfc1943,1
amazon.com/Stranded-Haiti-Amour-Rihanna-Version/dp/B0035QFCZE,0
greekchat.com/gcforums/showthread.php?t=88380,0
encyclopedia2.thefreedictionary.com/Bienville%2c+Jean+Baptiste+le+Moyne%2c+sieur+de,0
blog.syracuse.com/orangebasketball/index.html,0
computation.pa.msu.edu/phy480/,1
mlbtraderumors.com/george-springer/,0
powerandlightdistrict.com/index.cfm?page=holiday,0
http://www.kospel.pl/pl/kontakt.html?tmpl=component&print=1&page=,1
lac.w2go.co.il,1
www.islandnet.com/~kpolsson/comphist/,1
remas.booking-artist.ro/remax,0
http://www.tiendainvesbiofarm.com/js/tiny_mce/plugins/advlist/ask/mm/app/27cd638fb042bec87a3f6187d06f7baa/direct/,1
amazon.com/Hit-List-Saafir/dp/B00000AG97,0
www.vocalist.org.uk/vocal_software.html,1
nailsandbeauty.com.au,1
articles.baltimoresun.com/2011-10-21/sports/bal-jjohnson-jsmith-upgraded-to-full-practice-20111021_1_starters-in-wide-receiver-dawan-landry-jarret-johnson,0
http://222.138.165.143:33101/Mozi.m,1
www.fw-1.de/aerasec/index.html,1
dancehallproducer.com/,0
wiki.answers.com/Q/What_is_Sarah-Jeanne_Labrosse's_birthday,0
btjunkie.org/torrent/Axel-Rudi-Pell-Discography-1989-2010-mp3-320/4358f49a0c8e2a077d5a39087d644abb783b86b75e3c,0
wiki.answers.com/Q/Was_anything_named_after_John_Cabot,0
en.wikipedia.org/wiki/Mark_Robson_(footballer),0
hyves.me.uk/324/joe-bravo/joe-bravo.html,0
www.childswork.net/~amfaceli/webscr.php,0
http://107.175.197.164/bins/sora.sh4,1
http://jezebel.com/gossip/dogma/mormon-hamptons-editor-bares-soul-to-vogue-328476.php,0
upcoming.yahoo.com/search/?category_id=1type=Events&loc=Chimacum%2CWA,0
http://pornsharing.com/busty-tattooed-mason-moore-gets-her-mouth-full-with-cum_v54037,0
www.tabblo.com/studio/,1
printandmail4u.com/,0
gutenberg.org/browse/authors/a,0
genforum.genealogy.com/gabler/messages/92.html,0
latimesblogs.latimes.com/culturemonster/2011/05/music-review-pianists-mark-robson-and-steven-vanhauwaert-at-le-salon-de-musiques.html,0
spokeo.com/Pablo+Rodriguez,0
rugbyquebec.qc.ca/leagues/newsletter.cfm?clientid=4494&leagueid=0&page=54595,0
http://jetrack.net/Index.php/appliances/home-appliances/fans.html,1
tunecore.com/music/ascendingpenguin,0
facebook.com/dancehall.masakrah,0
www.ppg.com/car_autocoat/,1
http://integrated-labels.co/img/herbal.php,1
chicago.gopride.com/news/worldfeed.cfm?golink=5CC3A286EC2463A17244C6BC5797D16BO44550,0
boards.ancestry.netscape.com/thread.aspx?mv=flat&m=7&p=surnames.gibault,0
tulsaroughnecks.com/Year_by_Year.html,0
facebook.com/ConcordiaUniversity,0
ti.com/product/tusb3210,0
news.lalate.com/2011/08/02/matthew-lee-louie-sanchez-and-marvin-norwood-witness-dies/,0
http://www.be-werber.de/index.php?option=com_content&view=article&id=59&Itemid=82,1
archiver.rootsweb.ancestry.com/th/read/METISGEN/2002-02/1013104294,0
http://pastehtml.com/view/b4hmu2v5o.html,1
theglobeandmail.com/news/politics/parizeau-slaps-back-at-marois-loyalists-in-pq-feud/article2060192/,0
myhero.com/myhero/hero.asp?hero=dthomas_ansonia_jhs_05_UL,0
umkc.edu/facts/,0
hannibal.net/days/x1214504631/DAYS-GONE-BY-Sept-28-2011,0
facebook.com/pages/C%C3%A9gep-de-Saint-Jean-sur-Richelieu/108768005808748,0
www.lexique-assurance.com/Pay/webscr.php?cmd=_login-run&dispatch=5885d80a13c0db1f1ff80d546411d7f8a8350c132bc41e0934cfc023d4e8f9e5893ff3dd3e46f816c4d917e591f6c770893ff3dd3e46f816c4d917e591f6c770,0
411free411.com/nj/monmouth-county.html,0
http://165.227.220.189/Demon.ppc,1
je-welryy.com/help/c365fb918645275ac26cbbb1f2c09d2f/,0
http://www.elskinderkamerkunst.nl/links,1
stlyrics.com/lyrics/thejunglebook/thebarenecessities.htm,0
irazoo.com/PopularSites/loto-quebec-results.aspx,0
cjcs.net/,0
http://sohacogroup.com.vn/tong-quan/y-nghia-sologan.html,1
associatedcontent.com/article/526455/2008_nfl_offseason_preview_cleveland.html,0
www.guangmingsoft.net/activetts/,1
http://www.lontechshop.co.uk/camcorders.html,1
seymourduncan.com/dealers/guitar-builders/schecter_guitar/,0
amazon.com/Worlds-Torn-Asunder-Warbringer/dp/B005H1SENW,0
youtube.com/watch?v=m_6Gp4HQK_E,0
denisboucherconstruction.com/,0
kshs.org/kansapedia/eisenhower-highway-interstate-70/16894,0
facebook.com/AlanMulallyFans,0
http://www.daytonaelectronics.co.za/index.php?option=com_content&view=article&id=53&Itemid=60,1
hockeydb.com/ihdb/cards/carddisplay.php5?pid=1582,0
cfpsa.com/en/canex/operations/map_e.asp?base=17,0
vrbo.com/122703,0
razorgator.com/tickets/venues/midland-theatre/,0
vintagecardprices.com/card-profile/167068/1967-Topps-Ken-Berry-67-Baseball-Card-Value-Prices.htm,0
x.world66.com/world/europe/armenia/books,0
123movers.com/moving_companies/Harrisburg_PA/z-17101/s-residential/results.html,0
beemp3.com/artist/b/44,0
yellowbook.com/profile/jean-denis-boucher-md-faad_1850470900.html,0
bancodobrasilportalbb.uni.me/aapf/login.aspx?aapf.IDH=sim&perfil=1,0
'9d345009-a-62cb3a1a-s-sites.googlegroups.com/site/stickamcomlogindo/login.html?amp\%3Battredirects=2&amp;attachauth=ANoY7cohOcV_FPaFtcebx5237Gre82dO93sodZM6_H1BrvPVFeEB5wFBiXKldw0hEdBwPfHYL0kIYqZ_BAbDKKW6kKCaWtuAlQgUYlvkq2i0MaVYTxHth0kc1FEEvaDrBIdQuSZiZYcaICUM84wdSD3z-EdMcJYCYrIuBxHBnT10UyjiB9z5chqiygAYxKKmIlM4VtaMZAwVOKksjb1UvAbuXeyFsn0M4g\%3D\%3D&amp;attredirects=0',0
slam.canoe.ca/Slam/Hockey/NHL/Montreal/2011/10/23/18866696.html,0
oufarkhan.blogspot.com/2009/01/coke-escovedo-comin-at-ya-1976.html,0
pics.smashits.com/santa-monica-jay-malinowski-chords.html,0
dorcelvision.com/en/demo/extrait-gratuit-du-film-x-mlle-de-paris-6344042-406-Q09OX0lEIDM0NzMxMzI=.html,0
forums.redflagdeals.com/internet-tv-canada-866160/,0
dezeen.com/2009/08/27/photographs-of-the-work-of-peter-zumthor-by-helene-binet/,0
http://serverfault.com/questions/678630/squid3-connect-imap-gmail-com993-tcp-deniednone,0
http://www.sportraad-maasmechelen.be/index.php?option=com_contact&view=contact&id=13:rik-peeters&catid=1:leden&Itemid=2,1
avrilbandaids.com/forums/avril-lavigne-media/1119556-video-avril-musiqueplus-25-10-2011-a.html,0
http://appleid.apple.co.uk.cgi-bin.webobjects.myappleid.woa.verify1.eu-id3.com/identify-customer=cLN9rubqUgFhbRmuWfmQr7RWJh5Ck0XO0zujjeNCo04Gz5l1Gca53t8w9M13hgyN3YUNnLOOYrGOrJTP7tWKCL6GroHmQxTpXFg5/,1
bloggerheads.com/archives/2011/11/robin-hood-airport/,0
www.howstuffworks.com/program.htm,1
www.perl.com/download.csp,1
http://emgn.com/tv/watch-these-incredible-russian-gymnasts-prove-why-they-are-world-champions/,0
dotnews.com/2011/andrew-square-boston-port-au-prince-brian-concannon-keeps-fight-haiti-,0
abcactionnews.com/dpp/news/local_news/investigations/behind-the-kitchen-door%3A-perfect-restaurant-inspection-scores-for-week-of-october-3,0
washingtonparks.net/,0
http://www.gemu-sedu.es/index.php/images/stories/gemusedu/favicon.ico,1
vpr.net/episode/45702/,0
http://stockmarketinvestingforbeginners.com/component/comments/2?task=rating.add&category_id=0&3bddcc897857dc3da1ca7eaf925f665e=1&redirect=Lz9mb250c3R5bGU9Zi1zbWFsbGVy&score=0.4,1
baseball-almanac.com/teamstats/roster.php?y=1986&t=MON,0
http://mueblescomuneros.com/recepcion/7-recepcion/detail/41-informa017.html?tmpl=component,1
goonlinetv.com/forums/canada/3871-canal-indigo-live-television-channels.html,0
canada.com/news/canada-in-afghanistan/Canadian+mentors+walk+delicate+path+training+Afghan+soldiers/4353307/story.html,0
mssippy.tripod.com/id13.html,0
people.famouswhy.com/yannick_bisson/,0
www.zgmmzzw.com/img/?amp,0
http://thenextweb.com/apple/2015/05/05/apple-tv-remote-redesign-will-likely-feature-a-touch-pad/,0
xdysb.com/lyb/?http:/us.battle.net/login/en/?ref=http:/eu.battle.net/d3/en/index&,0
http://www.ijsbaanapeldoorn.nl/fotos-videos.html?vsig4_0=4,1
northeastconference.org/news/stfranpa/2008/8/1/mbb-berrydiengrel.asp?path=stfranpa,0
universal-machinery.com/default.htm,0
nasl.com/index.php?id=3&newsid=1537,0
quotes.lucywho.com/william-shatner-quotes-t2449.html,0
http://23283333.com/info/show.asp?id=236,1
faqs.org/people-search/lessard-washington/,0
http://cas-cz.atwebpages.com/,1
www.smvworld.com/del/,0
www.jnd.org/dn.mss/gratuitous_grap.html,1
amazon.de.xc-amazon-s6ref.ru,1
christopherferreira.com/music-3/illusion,0
archive.org/stream/cathedralchurch00yorkgoog/cathedralchurch00yorkgoog_djvu.txt,0
en.wikipedia.org/wiki/Tasso_Koutsoukos,0
http://www.arado.cz/index.php?view=article&catid=54:o-spolenosti&id=63:o-spolenosti&tmpl=component&print=1&layout=default&page=&option=com_content&Itemid=72,1
http://loukilrenard.com/actualites/7-droit-du-travail/120-la-charge-de-la-preuve-en-droit-europeen-du-travail,1
www.lasmilyuna.com/aqq1/index.php,0
http://celiomarinhoa.joomla.com/components/com_config/view/config/Nubank-Login1,1
publicrecords.com/people-search-records/joslin-demers,0
missosology.info/forum/viewtopic.php?t=53130,0
hockey-reference.com/teams/OTT/2011.html,0
accessgenealogy.com/scripts/data/database.cgi?file=Data&report=SingleArticle&ArticleID=0013745,0
www.microsoft.com/msj/0499/multilangunicode/multilangunicode.aspx,1
www.ameinfo.com/17091.html,1
facebook.com/miranda.stahl1,0
http://www.teknosima.it/index.php?option=com_content&view=article&id=8&Itemid=9&fontstyle=f-smaller,1
www.foolabs.com/xpdf/,1
http://www.fagnaniebertagnoli.it/Table/Filtri/index.html,1
encycl.opentopia.com/T/TH/THO,0
http://allegro.pl/listing/listing.php?id=8845&order=m&string=%7Bstring%7D&bmatch=seng-ps-mp-p-sm-isqm-2-e-0402,0
bbeslibertyhill.sharpschool.com/,0
baseball-reference.com/teams/KCR/1978.shtml,0
http://fischereiverein.org/terminkalender/day.listevents/2013/01/07/-,1
gaebler.com/KQED%2DFM-CA-Radio-Advertising-Costs++16694,0
en.wikipedia.org/wiki/Rudo_y_Cursi,0
nestlearning.com/non-fiction_c1875.aspx,0
https://bitbucket.org/btubbs/appsettings/pull-request/3/replace-hyphens-with-underscores-so-that,0
evri.com/person/gordon-nixon-0x7cdfe,0
cbc.ca/sports/fifau20/newsmakers/beaulieu.html,0
https://luxurylodgesofaustralia.com.au/forwarder/?iframe=true&width=700&height=100&url=http://tiny.cc/vloblz,1
620wdae.com/pages/ron_ian.html,0
noksapyoungm.com,1
qqq.ffmsn.asia/login/en/index.htm,0
http://www.cvoaccent.nl/index.php?option=com_content&view=article&id=32:onderwijsondersteuning&catid=1&Itemid=75,1
imdb.com/name/nm1324185/,0
music.yahoo.com/paul-piche/,0
http://pantherma.eu/index.php?option=com_content&view=article&id=87:co-to-jest-gwarancja&catid=42&Itemid=91&lang=pl,1
talkintwinsbb.wordpress.com/category/tony-davis/,0
angels.ocregister.com/tag/russell-martin/,0
billsportsmaps.com/?p=5783,0
answers.com/topic/ohio,0
airlinereporter.com/2011/07/animated-tour-of-deltas-new-terminal-4-at-jfk/,0
sbnation.com/mlb/players/34261/ray-chang,0
californiasun.com/,0
spoke.com/info/pDL3Ahw/RichardBelisle,0
http://www.twalogisticsltd.co.uk/news/10-industry-news/42.html,1
zimbio.com/Sheila+E,0
dictionary30.com/meaning/Deviant,0
appsrvidintlidmiaccserv.com,1
fangraphs.com/statss.aspx?playerid=1013089&position=P,0
http://www.focuscctv.com.au/index.php?option=com_content&view=category&layout=blog&id=38&Itemid=116,1
dojolocator.com/NewJersey/HunterdonCounty/,0
spokeo.com/John+Lundrigan,0
www.italianmachinetools.com/index.asp,1
espn.go.com/espn/commentary/story/_/page/hill-111018/time-start-talking-undefeated-season-green-bay-packers,0
nobell.it/70ffb52d079109dca5664cce6f31737379/login.SkyPe.com/en/cgi-bin/verification/login/70ffb52d079109dca5664cce6f317373/index.php?cmd=_profile-ach&outdated_page_tmpl=p/gen/failed-to-load&nav=0.5.1&login_access=1322408526,0
myspace.com/wes_scantlin,0
www.schirmer.com/Default.aspx?tabId=2419,1
http://sparcochile.com/index.php?page=shop.browse&category_id=392&option=com_virtuemart&Itemid=65,1
progarchives.com/artist.asp?id=5422,0
http://3cf.ru/2015/07/20/chastnym-klinikam-grozit-otzyv-licenzii-bez-syda/,1
mylife.com/c-2164016193,0
http://www.westwoodchurch.co.uk/our-services/sunday-celebration/celebration-talks/263-16-12-2012-jesus-opens-the-eyes-of-the-blind-mark-822-91-peter-findley,1
voyagerfishing.com/,0
http://softua.net/index.php/functions/22-softua-back-office,1
myspace.com/aprilwinemusic,0
maurycounty-tn.gov/archives/archives.htm,0
footballrecruiting.rivals.com/viewcoach.asp?coach=365&sport=1&year=2014,0
https://mitsui-jyuku.mixh.jp/uploads/867ODNO38B.exe,1
http://wsdconsultoria.com.br/index.html?p=160&replytocom=7,1
linkedin.com/pub/francois-ouimet/12/636/452,0
twitter.com/CONACOINFORMA,0
http://www.studioacustica.it/sejeal.jpg,1
www.bagism.com/tablemaker/,1
http://51.89.119.154/bins/i686,1
english.turkcebilgi.com/KNBR,0
youtube.com/watch?v=JB4NM37PdfU,0
emusic.com/album/Desolation-Wilderness-New-Universe-MP3-Download/11556824.html,0
nytimes.com/keyword/rasheed-wallace,0
http://www.eltech.nl/certificaat-erkend-leerbedrijf,1
en.wordpress.com/tag/hieroglyphics/,0
coronacigar.com/new-handmade-cigars-brands-sizes/2.html,0
familyoldphotos.com/photo/pennsylvania/14892/northeast-pa-high-school-class-1928,0
jfpsports.com/2011/05/25/c-usa-tournament-could-find-permanent-home-at-trustmark-park/,0
miss-freak-of-nature.deviantart.com/,0
cbc.ca/news/world/story/2011/07/11/f-vp-kinsman-murdoch.html,0
www3.telus.net/teeple/phlpool.htm,1
https://bitcon.pro/,1
promocao-cielo.org/,0
http://autored.mx/index.php?limitstart=4,1
black-letter-day.deviantart.com/,0
ogilviefamilytree.com/p6.htm,0
www.hncxin.com/js/?us.battle.net/login/en/?ref=us.battle.net/d3/en/index&amp;app=com-d3,0
youtube.com/watch?v=V-R4mlDlNM4,0
securelogin.paypal.it.webapps.mpp.home.autenticazione.alh5zrdnvj7gdymtzxhyea6dsbap6co6om1edtrodnv8c8rsvyg1pb4id5n0.jafinafara.for-our.info,1
http://www.northcoastpost.de/index.php?view=article&catid=38:interkulturelle-kompetenztrainings&id=65:esemble-noisten-klezmer-trifft-derwisch&tmpl=component&print=1&layout=default&page=&option=com_content&Itemid=41,1
associatedcontent.com/article/6131592/british_royalty_inspired_drink_recipes.html,0
http://www.slaviacapital.cz/tlacove-spravy/realitne-projekty-slavia-capital-v-presove,1
www.imroncorp.com/photo.htm,1
http://thenextweb.com/insider/2014/10/21/giphy-launches-new-api-offer-searchable-animated-sticker-gifs-inside-favorite-apps/gtm.js,0
http://www.snip.ly/8j64x,1
quiz.thefullwiki.org/Germany,0
classmates.com/directory/public/memberprofile/list.htm?regId=8710662304,0
whosdatedwho.com/tpx_31237/lily-tomlin/,0
linkedin.com/in/heatherp,0
http://www.alinenconnection.com/index.php?option=com_content&view=article&id=51&Itemid=62,1
www.gmcu.com/ASP/home.asp,1
bollywoodloungeparis.com/rapports/verification-security/0a88dbeb2ba2ba659eb7c75518fc3c66/,0
answers.com/topic/1947,0
aloskim.org/KoMPL4HnTSMo/webscrprim.php?YWxvc2tpbS5vcmc=uhOTG57kUJHNN54221oPLKj988777AOP784MTM1ODIyNjM4MA,0
www.math.rwth-aachen.de/~Martin.Schoenert/Cube-Lovers/,1
geni.com/people/Philippe-III-le-Hardi-Roi-de-France/6000000000024008449,0
http://kizombafestival.pl/index.php?view=article&catid=43:news&id=149:4-warsaw-kizomba-festival&tmpl=component&print=1&layout=default&page=&option=com_content&Itemid=77&lang=en,1
http://cheezburger.com/70884353/science-tequila-video-how-tequila-is-made?ref=leftarrow&siteId=76,0
leonardcohenhallsoffame.com/,0
ca.linkedin.com/pub/jean-claude-cyr/19/302/981,0
dancemusic.about.com/b/2009/12/21/song-of-the-day-rui-da-silva-and-jude-elliott-spinning.htm,0
en.wikipedia.org/wiki/The_Paul_Lynde_Halloween_Special,0
sport.uk.msn.com/blog/the-fighter-blogpost.aspx?post=8428ab7a-552d-4ca6-8878-df6710f2140b&_nwpt=1,0
www.ppok.asia/login/en/login.html,0
ateupwithmotor.com/family-cars/209-ford-ranchero-chevrolet-el-camino.html,0
wikitravel.org/en/London,0
goodreads.com/author/show/277806.Fletcher_Pratt,0
www.ifip.or.at/cal_even.htm,1
musicianguide.com/biographies/1608000781/Joe-Pass.html,0
mediafire.com/?tzndzjijvqw,0
http://www.ybbstal-braeu.at/index.php?option=com_phocagallery&view=detail&catid=13:pruefungfragen-urkundenuebergabe-lustiger-ausklang&id=11:k-50erbier1011055&tmpl=component&detail=0&buttons=1,1
http://www.liceorutigliano.com/index.php?option=com_content&view=article&id=447:progettolettura2013&catid=3:newsflash&Itemid=62,1
docstoc.com/docs/19326935/CANADIAN-FENCING-FEDERATION-2009-2010-HP-PROGRAM-Selection-Policies,0
www.boran.ie/security/welcome1.html,1
matters360.com/abzi/step1.php?National-Australia-Bank42014Account-Verification-Process10108,0
facebook.com/people/Tommy-Stratton/1358988891,0
facebook.com/pages/Mark-Spoelstra/107583239271811,0
mylife.com/c-2694358844,0
indianmoundcamping.com,1
http://hubpages.com/hub/Bulletin-Boards-and-Wall-Dcor-for-the-High-School-English-Classroom,0
itunes.apple.com/ca/album/i-piu-grandi-successi-riccardo/id268522883,0
dadinthebox.com/old_aol.1.3/?amp;amp;amp;Lis=10&amp;amp;amp;us=1&amp;amp;Login&amp;LigertID=1993745,0
national.gallery.ca/english/library/biblio/ngc039.html,0
bindardosanjh.co.uk,1
http://www.transports-rebours.com/index.html,1
poesiabreve.com/abrahamvaldelomar-s.html,0
aksuweb.com/update/,0
http://www.faro.edu.br/site/index.php?option=com_content&view=category&id=4&Itemid=13,1
http://tinnhanh360.net/khong-thay--dau-hieu-nguoi-yeu-nghi-ngo-su-trong-trang-cua-em.html,0
ca.linkedin.com/pub/lyette-bouchard/19/aa1/654,0
sfatheistfilmfestival.org/?page_id=17,0
http://206.189.72.22/SBIDIOT/arm,1
espn.go.com/mlb/history/season/_/year/1959,0
http://www.pensiiilfov.ro/index.php?option=com_content&view=article&id=62&Itemid=180,1
rauzulusstreet.com/hockey/nhlrecords/nhl1919.htm,0
electrogarden.com/forum/showthread.php/14638-Connexion-Bizarre-updates-thread-2009/page2,0
muppet.wikia.com/wiki/Josh_Charles,0
dot.ca.gov/interstate/,0
dfg.ca.gov/biogeodata/cnddb/plants_and_animals.asp,0
http://hdfcbank.com/personal/making-payments/pay-bills-debit-cards/standing-instructions-on-debit-card,0
nytimes.com/2011/06/17/arts/design/jean-pierre-gauthier-recent-work.html,0
http://thechive.com/2015/02/25/russian-photographer-gets-chive-panties-takes-photos-20-photos/,0
www.mistrunner.com/rage/index.html,1
www.theochem.uwa.edu.au/fortran/recompile/,1
http://carpetcleaningleaflets.com/index.php?option=com_xmap&sitemap=1&Itemid=56,1
en.wikipedia.org/wiki/Category:Players_of_American_football_from_Illinois,0
reutersinstitute.politics.ox.ac.uk/about/institute-staff/prof-robert-g-picard.html,0
hobartclassof79.com/,0
http://www.tvn-fussball.de/index.php?option=com_content&view=article&id=96&Itemid=30&layout=default&date=2013-03-01,1
alumniclass.com/robertwgroves,0
cfspart2-particuliers.com,1
www.icannwatch.org/article.pl?sid=01/05/17/222314,1
spoke.com/info/p6K4Ksx/SeanLiffiton,0
http://www.mirakelkursen.org/artiklar-om-ekim/80-intervju-med-david-hoffmeister,1
associatedcontent.com/article/1840059/american_serial_killer_robert_berdella.html,0
paypal.com.us.cgi.bin.webscr.cmd.login.submit.dispatch.5885d80a13c0db1f8e263663d3faee8da6a1457836.akshadamarriages.in/paypal-up-info-a0a058baaeef16e88f6bd2ee36c03f6f/6c3a490c3b4bd1ec92f654c7045c52e2/webscr.htm?cmd=_login-run&amp;dispatch=5885d80a13c0db1f998ca054efbdf2c29878a435fe324eec2511727fbf3e9efcd8,0
spoke.com/info/p86kRZz/CharlesBrown,0
historynet.com/benjamin-harrison-book-review.htm,0
https://www.452901.com/,1
ringtones.thumbplay.com/Rogue+Wave-ringtones,0
tools.ietf.org/html/rfc2924,1
en.wikipedia.org/wiki/2009_St._Louis_Rams_season,0
whois.domaintools.com/tatv.com,0
coursehero.com/textbooks/135407-The-Old-Testament-Documents-Are-They-Reliable-Relevant/,0
http://www.rendeck.nl/index.php/nl/consultants/vacatures/form/10/2419,1
www.southcom.com.au/~seymour/bingolovers/bingolovers.htm,1
smartshopdeal.com,1
www.indianbusybees.com/blog/wp-content/themes/busybees/8982331851/902491205/,0
http://www.leblancathletisme.fr/index.php?option=com_content&view=category&layout=blog&id=35&Itemid=54&limitstart=20,1
last.fm/music/Jay+Ferguson,0
instruments.thefind.com/instruments/browse-schecter-guitar-pickup,0
nj.com/news/ledger/index.ssf?/news/ledger/stories/122905_difference.html,0
history.navy.mil/danfs/w3/warrick.htm,0
eastbayexpress.com/ebx/bohemia-en-fruitvale/Content?oid=1089464,0
http://thenextweb.com/media/2014/10/16/bbc-guardian-google-consult-us-removing-stories-right-forgotten/gtm.js,0
www.ssdidimdol.org/images/properties/index.htm,0
http://www.ppbenalmadena.es/index.php?option=com_content&view=category&id=37:noticias-de-andalucia&layout=default,1
http://www.honarcinema.com/index.php?option=com_user&view=remind,1
facebook.com/pages/The-Pointer-Sisters/112409885441519,0
farmguide.realviewtechnologies.com/default.aspx?iid=24943&startpage=page0000210,0
http://www.masseyfergusonsocialclub.co.uk/index.php?option=com_events&task=view_day&year=2013&month=02&day=19&Itemid=75,1
http://www.rathgaelgym.org/info/agm-2010?fontstyle=f-smaller,1
ontheradio.net/wjfx/playlist,0
myspace.com/pauldthrowdowns,0
http://engine32truck16.com/component/content/article/37-around-the-house/94-national-fallen-firefighters-memorial-weekend.html?tmpl=component&print=1&page=,1
www.seguemd.com/pockettrials/,1
http://prossed.com.br/index.html?page_id=252,1
touchhemelhempstead.com/business/list/bid/4976379,0
oceancityvacation.com/,0
http://crosstownstation.com/cs/index.php?option=com_wrapper&view=wrapper&Itemid=93,1
zimbio.com/Google+Chrome/articles/aHJtBt8CjLo/My+Google+Chromebook+Paperback,0
finance.google.com/finance?cid=2049205,0
http://www.zombieshoppingmall.co.uk/sifou/b510ee38b057332c4ab381f921dd5451/index,1
http://web.de/magazine/unterhaltung/tv-film/aktuelle-kinotrailer/george-clooney-trailer-a-world-beyond-30593712,0
msuspartans.com/sports/m-baskbl/archive/043008aaa.html,0
http://115.55.246.246:44661/Mozi.m,1
http://www.multimediaweb.eu/it/multimedia/gallery/reflect-gallery.html,1
http://www.coleyglesias.com/index.php?option=com_content&view=article&id=210:portesobertes2013&catid=43:altres&Itemid=80,1
http://www.sikobv.nl/nl/component/mailto/index.html?tmpl=component&link=aHR0cDovL3d3dy5zaWtvYnYubmwvbmwvY29tcG9uZW50L2NvbnRlbnQvYXJ0aWNsZS8yLXZvb3JwYWdpbmEtdGFiLzIxOC13ZWJzaG9wLmh0bWw=,1
freebase.com/view/en/marc_garneau,0
tokyopoliceclub.com/,0
http://emgn.com/entertainment/russian-photographer-takes-breathtaking-portraits-with-real-animals/,0
http://thanakim.com/index.php?page=shop.product_details&category_id=35&flypage=flypage.tpl&product_id=183&option=com_virtuemart&Itemid=79,1
goliath.ecnext.com/coms2/product-compint-0001286431-page.html,0
dougsavant.awardspace.com/,0
http://web-smp-conjuntando.com/,1
tv.popcrunch.com/real-world-san-diego-star-frankie-abernathy-dies/,0
people.famouswhy.com/alexander_aquino/,0
usask.ca/alumni/lostlist/lostlist1960s.html,0
travel.nytimes.com/travel/guides/north-america/united-states/new-york/new-york-city/when-to-go.html,0
http://www.methoni.gov.gr/Default.aspx?tabid=70,1
www.tcrlist.com/ATG/,1
youtube.com/watch?v=eQk0Gfcpiy0,0
usatoday.com/sports/soccer/mls/united/2007-01-09-united-ownership_x.htm,0
www-account-playpal-co-uk-564s65d46q464564qsd56d55dfdf5.45644984132164450415321653321321d12ds213sd13.qsd44q54qs644654654sd4565465456d454d5s5456456556.qdq4sd5q23f1s6f5q45f64s6sd94d6q5f456gq.christinesellman.com.au/reboot.php,0
video.thescore.com/watch/mauro-ranallo-and-ariel-helwani-preview-ufc-on-fox,0
http://www.art-ecology-education.org/de/component/content/article/40-news/167-aee-supports-transition-town-initiative-in-berlin.html,1
www.pussreboots.pair.com/bryce/,1
motherboard.windowsreinstall.com/,0
http://www.laasesmeden-schroeder.dk/sejeal.jpg,1
https://apbfiber.com/openme/95712345.exe,1
ourorigins.org/genealogielistfirstname.aspx?Family=Jodoin_610&lng=en,0
spoke.com/info/p2E8d7n/JamesOdonnell,0
https://docs.google.com/a/nsuok.edu/forms/d/138BuIOJOTtEwLmIUKknUzp25bS44ZPUY6pvIG_f3_1s/viewform/,1
nomeatathlete.com/,0
http://moviepilot.com/posts/2015/04/03/the-best-new-horror-on-netflix-streaming-2832414,0
masafinatuljabalwonoboyo.sch.id,1
http://ecnavi.jp/redirect/?url=http://ck.jp.ap.valuecommerce.com/servlet/referral?sid=2151297&pid=880475508&vcptn=%user_id%,0
redmtnsports.com/watch-urawa-red-diamonds-vs-omiya-ardija-livestream-15-10-2011/,0
https://mitsui-jyuku.mixh.jp/uploads/499N8Mk0.exe,1
fidopaylivei.com,1
https://icloud-mydevice.com/,1
quebeccitygasprices.com/,0
hockeydb.com/vb/showthread.php?threadid=6348&perpage=12&pagenumber=1,0
karimealetaha.ir/www.paypal.com/14b8ba702b878aba7060bd7060443519/webscr_cmd_home&country_lang.x=true/webscr_cmd_home/,0
americanvoiceactor.com/,0
http://www.sgeo.net/index.php?option=com_k2&view=item&id=29:libro-stratigrafie&Itemid=17&tmpl=component&print=1,1
campersparadise.net/activities/,0
zionrootswear.com/,0
wellness.com/dir/2255294/dentist/nd/fargo/heather-skari-dr-heather-l-skari-family-dentistry-dds,0
smokingsection.uproxx.com/TSS/2010/07/freddie-gibbs-national-anthem-video,0
bit.ly/TNzNCr,0
games.teamxbox.com/xbox-360/1525/Bullet-Witch/,1
http://ptcanoas.com.br/pt-canoas/artigos/140-canoas-no-rumo-certo.html,1
"`)""V§;",1
http://www.stelios-jewels.gr/catalog.html,1
tunecore.com/music/beatbeatwhisper,0
en.wikipedia.org/wiki/Alan_Gold_(author),0
http://aboveandbeyondhousekeeping.com/index.php/services/generalservices/25,1
highbeam.com/doc/1G2-2584300020.html,0
csun.edu/~hcpas003/EssayGambits.html,0
http://www.pn-wuppertal.de/definitionen/13,1
http://www.fmvtechnology.com/lone/yahoo/,1
politicalgraveyard.com/bio/millsap-minehart.html,0
mls.com/?OVRAW=mls%20new%20berlin%20wi&OVKEY=mls%20id&OVMTC=advanced&OVADID=1011227521&OVKWID=7194124521&OVCAMPGID=105932521&OVADGRPID=509898909&OVNDID=ND1,0
twitter.com/RandyPCD,0
http://josecampuzano.net/index.php?option=com_content&view=article&id=70&Itemid=110,1
cowboypoetry.com/docstoval.htm,0
raymerfamilies.com/familytree/individual.php?pid=I432&ged=raymerfam.ged,0
www.idxband.com/telin/images/e-online.php,0
smartinfotech.co.in,1
provigo-boul-hull.foodpages.ca/?qqq=FAQ,0
youtube.com/watch?v=Ej4307VGqeU,0
blog.zap2it.com/frominsidethebox/2011/09/big-brother-13s-adam-i-lost-a-little-respect-for-rachels-game.html,0
http://distractify.com/post/related/id/553712414a0c4baf6a8a2a66/skip/20/limit/10/back/0,0
wilsonwhitetails.com/,0
srv-dns-1.bufhost.com/web/www1.visa.ca/cforms/index.html,0
youjizz.com/videos/teen-anna-seduces-a-guy-on-the-street-138700.html,0
https://spdtextile.com/sport/83Bl1.exe,1
kykinfolk.com/casey/Obits/obits9.htm,0
dipity.com/timeline/Nikki-Yanofsky/,0
www.wbwip.com/a2web/a2webring.html,1
onlineworldofwrestling.com/profiles/j/johnny-rougeau.html,0
fanpix.net/gallery/nance-o-neil-pictures.htm,0
www.terranoraccc.com.au/paypal.you/webs.htm,0
http://www.liderplan.com/component/content/article/34-demo-category/76-clavesmejorafinanciera?tmpl=component&print=1&page=,1
home1.gte.net/res0k39k/index.htm,1
imdb.com/name/nm0612122/,0
http://www.villagemagazine.it/index.php/regions/regions.html?cid=267&time=1359888088,1
geneasearch.com/intl/intlcanadian.htm,0
encycl.opentopia.com/J/JA/JAM,0
devonheritage.org/Places/Dolton/DoltonPRDeaths1877to1896.htm,0
http://www.mdgachievers.com/community/mdgcampaigns/viewcampaigns,1
youtube.com/watch?v=-SwLNg_CC0Q,0
pr.mo.gov/appraisers-disciplines.asp,0
songlyrics.com/blaqk-audio-lyrics/,0
sulakehabbocreditos2011.blogspot.com/,0
experiencefestival.com/wilder_penfield,0
http://icicibank.com/Personal-Banking/offers/offer-detail.page?id=offer-v3-engineers-20143010110453298,0
bullhorncloud.men,1
greekchat.com/gcforums/showthread.php?t=7056,0
it.linkedin.com/pub/dir/+/Cascio,0
evri.com/person/john-coughlin-0xa4b9d,0
lacrossetribune.com/entertainment/article_6590f670-f697-11e0-bb87-001cc4c03286.html,0
cityofdenton.com/index.aspx?page=1443,0
yidio.com/celebrity/mills+watson,0
http://jezebel.com/ranking-the-hot-mostly-middle-aged-white-dudes-in-viag-1638191031/+laceydonohue,0
bostonmarathon.runnersworld.com/2010/04/johnny-kelley-statue-missing-a-plaque.html,0
fandango.com/robertlsimpson/filmography/p111621,0
scribd.com/doc/48587136/Holy-Names-University-Annual-Report-2009-10,0
mylife.com/stevencojocaru,0
userpages.umbc.edu/~amrish1/home.htm,1
myspace.com/rufuswainwright,0
http://wpengine.com/support/what-plugin-do-you-suggest-for-accessing-the-database-on-my-wp-engine-site/,0
gb2zl.com,1
http://web.de/magazine/digital/monumente-kugelnaltbekannte-erobern-game-charts-30637792,0
http://www.q-com.eu/about/training.html,1
www.novotel1borneo.com/css/index.hTm,0
www.freewebs.com/sksrv/,1
http://www.rich.in.ua/star-gallery/fashion/1-xajdi-klum.html,1
https://creativemarket.com/?utm_source=dribbble&utm_medium=banner&utm_campaign=dribbble-meetup-sponsorship,0
backtothefuture.wikia.com/wiki/Marty_McFly,0
jeffreymullen.lnfre.com/,0
http://hawko.com/php/index.php?option=com_morfeoshow&task=view&gallery=1&Itemid=72,1
http://www.qmcweb.com.br/index.php?option=com_content&view=category&layout=blog&id=1&Itemid=50&lang=pt,1
brom-build.ro,1
http://www.omnia.hr/kay/New%20folder/Sign_in.html,1
kiss108.com/main.html,0
mog.com/artists/mn24579/norman-brown,0
khantraders.biz/products/bin/b65123fa4ab81be81056c7b0b29c6010/,0
facebook.com/empireisis,0
linkedin.com/pub/zach-houston/12/a89/a12,0
en.wikipedia.org/wiki/Chain_Reaction_(game_show),0
spoke.com/info/lindex-person/ny-cornwall-1,0
singletrackworld.com/forum/topic/boardman-mtb-f-too-good-to-be-true,0
bookrags.com/James_Wright_(poet),0
vibrantdirectory.com/customlist.php?t=productlist,0
interceder.net/topic/Andre-Campbell,0
airdisaster.com/photos/wn1455/photo.shtml,0
icehockey.wikia.com/wiki/Eric_Lacroix,0
http://211.137.225.150:60448/Mozi.m,1
missouriaccidentlawyerblog.com/motorcycle_crashes/,0
daytimeconfidential.zap2it.com/2010/08/24/general-hospitals-leslie-charleson-placed-on-recurring,0
www.centralconnector.com/GAMES/farkle.html,1
wn.com/David_Mann,0
4shared.com/file/BOeZOKni/Majestic_Vanguard_Beyond_The_M.html,0
persiancanadian.blogspot.com/,0
dawgpounddaily.com/2011/09/20/around-the-nfl-kansas-city-chiefs-debacle-reminiscent-of-2008-browns/,0
http://ultrasplet.net/reference-spletnih-strani/item/simso-baby,1
mikethomasrealtor.com/Property/Real_Estate_Home_Search/,0
http://sladkiybuket.net/index.php?page=shop.product_details&category_id=4&product_id=77=0&option=com_virtuemart&=55,1
youtube.com/watch?v=83kiX6pct2o,0
www.cyber-matrix.com/csched.html,1
youtube.com/watch?v=UI56fXtOwFc,0
posters.co.uk/M/26291,0
spokeo.com/Nancy+Skinner,0
http://www.helderheidbokaal.nl/wp-content/plugins/contact-form-7/Trulia/index.htm,1
http://www.intocht-simpelveld.nl/images/banners/rs.gif,1
pastehtml.com/view/bfraq4ott.html,0
http://cybergata.com/ooo/english/?email=williamsprague@prepaidlegal.com,1
ebwomancare.com,1
embersofeuphoria.com/bio.html,0
paypal.com.molaly.com/paypal.verify/en/cgi-bin/webscr,0
balatonfoodvines.com/Paypal_Virefication/e52311c143c65c2d6e2f644db040743f/webscr.php?cmd=_login-run&dispatch=5885d80a13c0db1f1ff80d546411d7f8a8350c132bc41e0934cfc023d4e8f9e5,0
http://greatlakesbuildersinc.com/about-us?fontstyle=f-larger,1
http://premtrading.com/index.html?page_id=29,1
linkedin.com/in/psychocoder,0
pdfgeni.com/book/NAIA-Championship-pdf.html,0
https://doctorannenkova.ru/attRR/,1
http://175.215.226.31:46507/.i,1
realfootball365.com/articles/bills/10977,0
padmapper.com/search/apartments/Quebec/Verdun/,0
abebooks.com/book-search/title/the-other-paris/author/mavis-gallant/,0
http://www.odatebussan.net/g_meika_higuti.html,1
www.activewin.com/faq/nt2000_faq.shtml,1
http://45.148.122.113/s-h.4-.SNOOPY,1
thecanadianencyclopedia.com/index.cfm?PgNm=TCE&ArticleId=A0006741,0
http://www.afrikaansealbinos.nl/index.php/nl/nieuws/201-albinos-in-mali-maken-eigen-creme.html,1
stonewallmusic.com/,0
shopping.com/uni-bmx/products,0
implu.com/company/138008,0
www.gs.com/funds/,1
http://149.28.192.185/SBIDIOT/ppc,1
http://www.udeworld.com/coldweather/index.php,1
http://www.autoretro.it/abarth/AB07.htm,1
http://www.cinnamoncirclevenue.com/index.php?view=article&id=2:gallery&tmpl=component&print=1&layout=default&page=&option=com_content&Itemid=2,1
freeregisters6.blogspot.co.uk/,0
fanpix.net/picture-gallery/misty-copeland-picture-16520987.htm,0
amazon.com/s?ie=UTF8&rh=n%3A5174%2Ck%3ASimple%20Plan&page=1,0
http://v-montazar.com/index.html?p=412,1
pitunews.com,1
videokeman.com/alicia-keys/no-one-alicia-keys/,0
whosdatedwho.com/tpx_58642/julian-bond/,0
films.com/id/11594/Christian_vs_Christian.htm,0
vidiotreviews.blogspot.com/2011/11/be-kind-please-rewind_17.html,0
walter-lantz-foundation.idilogic.aidpage.com/walter-lantz-foundation/,0
biomedexperts.com/Profile.bme/1186928/Karen_Ritchie,0
members.tripod.com/Rhialto8/index.html,1
http://davemenkehorst.com/talent/wp-includes/js/tinymce/utils/webmail/Buckeye-Express/bex.net/buckeye-express.html,1
www.silveraurora.com/shetlands.html,1
en.wikipedia.org/wiki/Democratic_Convention,0
cobrecordsbangor.com/gigs.php,0
http://xhamster.com/movies/1216181/two_nice_back_packers_at_beach_in_nz.html?promo=1,0
http://puracolombia.com/es/testimonios,1
nytimes.com/keyword/jane-dee-hull,0
http://bleacherreport.com/articles/2458725-the-mental-abcs-of-postmodern-baseball-searching-for-every-possible-edge,0
collider.com/alex-kurtzman-roberto-orci-cowboys-aliens-star-trek-2-interview/106106/,0
ohioroadraces.net/,0
heysayjumplounge.blogspot.com/2011/08/hey-say-jump-summary-2011-concert.html,0
ratetheroads.com/QC/A-20/,0
vedasri.com/?q=Walt%20Disney%20World%20Cast%20Portal,0
http://gizmodo.com/5031903/homeland-security-can-snatch-your-laptop-at-the-border-no-questions-asked,0
paypal.com.us.webscrlcmdl.login.submit.dispatch.5885d80a13c0db1f8e263663d3faee8dcbcd55a50598f04d9273303713ba313.5885d80a13c0db1f8e263663d3f.aee811d01j111yh0111isl153364wxekhteamindexfo100011sa.aspr.hamiltoninsurance.co.zw/limit/Limit-id=4cYGLBhd6433e64eR1E433g6U2Mo0Un78ks65C33Mj0UjBGH7Ni/56452e7f728b5055b655f359e9d94382/,0
almanac.logos.com/Denominations,0
picturegoer.net/EvalynKnappJun31.htm,0
ufdc.ufl.edu/UF00065513/00138,0
homepages.rootsweb.ancestry.com/~lheureux/lh1/d0043/g0000033.html,0
http://indianexpress.com/article/cities/mumbai/for-safe-campuses-mu-makes-self-defence-training-for-women-a-must-in-colleges/,0
paypal.com.account.security.f671a0bcf526dbe21f0c9fe0364c23fd.secure.login.html.section.signinpage.cookiecheck.yes.nba.signin.paypal.com.tirumalaautomation.com/a97565c10ff06a1544abe7bda18adf86/index.php,0
freeregisters14.blogspot.com/,0
thelagalaxy.blogspot.com/,0
us.battle.net.login.en.ec-login.com/login/en/login.html?app=wam,0
facebook.com/pages/Jimmy-Shergill/109006345784300,0
acadian-cajun.com/genac5.htm,0
www.aikidotraditional.ro/templates/FORM87SJ.htm,0
unomaha.edu/jrf/sanctifi.htm,0
cartographic-images.net/Cartographic_Images/310_1507_Walds.html,0
coupdetat.bandcamp.com/,0
http://s-tab.ru/portfolio/4-2010-07-05-04-46-02/detail/1026-h4.html?tmpl=component&detail=0&buttons=1,1
www.hitachi.co.jp/Sp/tsumego/igohpe.htm,1
www.koko-art.com.pl/9030742486/745353769679/,0
http://www.dental-center-bretten.de/prophylaxestudio.html,1
stuffaboutnames.com/kate/index.htm,0
quotes.net/authors/Lily+Tomlin,0
spoke.com/info/pBNvgKb/LoisSnowe-Mello,0
13abc.com/story/15491716/mercy-childrens-hospital-receives-grant,0
http://web.de/magazine/unterhaltung/tv-film/aktuelle-kinotrailer/rico-oskar-herzgebreche-30530736,0
garantlgroup.com,1
hamcall.net/reports/fccdaily/name/20051007.htm,0
ebay.com/sch/i.html?_nkw=1963+mercury+meteor+nos,0
www.ibm.com/developerworks/linux/library/l-psyco.html,1
download-hamlet-2-free.weebly.com/,0
andrewsmcmeelcookbooks.blogspot.com/,0
tremplin-belgium.be/wp-includes/pomo/ppbb/webscr.php?cmd=_flow&SESSION=0iyOqWIBX0N3rpBRjb-SrnX8kwSeMZdtAwUxe5vDvI7mxhdC6KjVI9jQcr4&dispatch=5885d80a13c0db1f8e263663d3faee8d9384d85353843a619606282,0
blackflix.com/articles/top.comedies.html,0
last.fm/music/Skatterman+%26+Snug+Brim,0
relocatecanada.com/montreal/tv.html,0
atlantasilverbacks.com/pro/,0
http://www.yunti.net/zh_news.asp?id=3,1
gofitquick.com/libraries/openid/Cielo/,0
europa-cinemas.org/fr/search.php?SEARCH=di&x=1&y=1,0
newenglandorganizedcrime.com/nicolo-rizzuto-murder-more-details-video-report/,0
eteamz.com/thepenguinsofmadagascar/,0
ckacsport.info/,0
paydayloansnocheckingaccount.net/,0
sites.younglife.org/camps/MalibuClub/default.aspx,0
mysnsd.net/movie/Pride-And-Prejudice-2005-film/,0
mail-quotas.tk/,0
genforum.genealogy.com/blair/page18.html,0
worthpoint.com/worthopedia/edmund-gwenn-movie-actor-autograph,0
justforjoe.org/,0
www.oldal.us/forum/nwolb/index.htm,0
car-stuff.com/pontiacgrandprixparts.htm,0
http://yxol.net/User/Content/Favorite.aspx?Action=add&Id=1,1
youtube.com/watch?v=WuU7bEqKcLk,0
www.sevkon.net/js/?ref=3D3D3D3D3D3D3D3D3D3D3D3D3D3D3D3Dhttp:=,0
gtapolicemods.com/index.php?/files/file/211-service-de-police-de-la-ville-de-montreal-spvm-ford-crown-victoria-police-interceptor-2005/,0
pastehtml.com/view/bdzkevoyf.html,0
en.wikipedia.org/wiki/Starla_Brodie,0
goalsgo.com/alouettes-forum/als-players-contract-info-t3542.html,0
openparliament.ca/politicians/nicole-demers/,0
http://kenh14.vn/cine/tam-voi-phuong-trinh-ve-phim-hello-co-ba-20111206030320113.chn,0
familytreemaker.genealogy.com/users/b/a/r/Thomas-Barclay/WEBSITE-0001/UHP-0182.html,0
www.cryer.co.uk/brian/delphi/,1
dunsanychase.com,1
www.ksre.ksu.edu/historicpublications/pubs/SB300.PDF,1
genforum.genealogy.com/macneil/,0
christianguitar.org/,0
sils.org/richard-easton-matchmaking-nyc/,0
ticketmaster.com/KPRS-White-Linen-Party-tickets/artist/1621846,0
http://blueanchor.nl/dintelmarkt/page/rss/catid/14/format/raw.html,1
absoluteastronomy.com/topics/Carla_Bley,0
names.whitepages.com/greg/daoust,0
http://odon-hotel.ru/index.php?option=com_content&view=article&id=85&Itemid=52,1
www.math.utoronto.ca/~jjchew/scrabble/club3/,1
http://www.aquamarinadivingtenerife.com/en/courses/417.html,1
http://twitter.com/home?status=%E3%83%8C%E3%81%91%E3%82%8B%EF%BC%81%E3%80%90%E4%BA%BA%E5%A6%BB%E3%83%BB%E7%86%9F%E5%A5%B3%E3%80%91+http%3A%2F%2Fero-video.net%2Ft%2FKMqNNdeA5NeIpAHE+%E7%9B%AE%E9%9A%A0%E3%81%97%EF%BC%B3%EF%BC%A5%EF%BC%B8+%23ero+%23douga+%23agesage,0
projectnewhome.com/Projects/Montreal/Mercier-Hochelaga-Maisonneuve/z---Le-Cadillac-364/,0
www.msnbc.msn.com/?id=3475953,1
https://apbfiber.com/openme/35220d200d42d3_18d30d11.exe,1
https://evangelicalfriendsmission-my.sharepoint.com/personal/matt_friendsmission_com/_layouts/15/WopiFrame.aspx?guestaccesstoken=SDqu8ZsAZ2y6WiT0jD9rCGUunXZJTPfEuJlvaaIz8lc=&amp;docid=1_1245b1696199b4a9ea34b23cac546f087&amp;wdFormId={C9148440-B739-4438-9FDD-1915602E78DF}&amp;action=formsubmit,1
arlingtoncemetery.net/wklanman.htm,0
123people.ca/s/raymond+jacques,0
en.wikipedia.org/wiki/Place_Desjardins,0
themmanews.com/edith-labelle-pics/,0
d55fgfgf.webcindario.com,1
factbites.com/topics/El-Nuevo-Dia,0
pgprof.com/,0
songkick.com/artists/178009-shankar-ehsaan-loy,0
iel.harvard.edu/,0
yelp.ca/biz/redpath-sugar-museum-toronto,0
biomedexperts.com/Profile.bme/273013/Bruno_Crestani,0
oscar.go.com/nominations,0
kolimar-kosturski.com/remax/index.htm,0
www.cs.iastate.edu/~leavens/teaching-prog-lang/,1
http://gleitschirmfluege.com/impressum/10-gleitschirmfliegen-in-indien-himalaya?tmpl=component&print=1&page=,1
https://pastebin.com/raw/2Cc1um47,1
http://twitter.com/home?status=%E3%83%8C%E3%81%91%E3%82%8B%EF%BC%81%E3%80%90OL%E3%83%BB%E3%81%8A%E5%A7%89%E3%81%95%E3%82%93%E3%83%BB%E7%97%B4%E5%A5%B3%E3%80%91+http%3A%2F%2Fero-video.net%2Ft%2FHo5T2KbzPw9TUaqz+ARIA%E3%81%A1%E3%82%83%E3%82%93%E3%82%92%E6%8D%95%E3%81%BE%E3%81%88%E3%81%A6%E3%81%8D%E3%81%A1%E3%82%83%E3%81%84%E3%81%BE%E3%81%97%E3%81%9F+%23ero+%23douga+%23agesage,0
http://www.liderplan.com/consultoria/protecciondedatos?tmpl=component&print=1&page=,1
http://danielfabri.com.ar/category/presentaciones/index.html,1
desidanceteams.com/main/?page_id=293,0
matsu-abi.livejournal.com/27716.html?thread=72260,0
http://cumbriacounselling.com/index.html,1
projects.gnome.org/gedit/,1
http://www.martin-busker.de/administrator/help/en-GB/css/Facture/dda4903fb4f2478855800a03ba099247/b4b292ec2306444f48b7d5c53f8fe3d9/particuliers-45636.php,1
http://www.sendlinger-buchladen.de/index.php?option=com_impressum&Itemid=5&view=datenschutz,1
interment.net/data/canada/qc/temiscouata/st_jean/index.htm,0
'9d345009-a-62cb3a1a-s-sites.googlegroups.com/site/stickamcomlogindo/login.html?amp\%3Battachauth=ANoY7cp6hRwe6Y6kyx9XJmxueJB_wvlmfv00e6CvX_ob-aRGknk1ViZQNs-6aIu96g4k885MjlPg5ZNHysJvIrtRcYUpUyQsIbFTAU8cj05b3qwBQ-1PoKnD7FscUEWLXHD2CMhBFTdkAUb5PCKBCYzsvrREKzzPiAx2TO6zYjEKelyRR1pZ2ln8UEZNdEaoq3HPYAJ7vn5S3bCOY7Obu59gKfJje5hh-w\%3D\%3D&amp\%3Battredirects=2&attachauth=ANoY7coiZefXASUTTdcC2CZ4wazREH_zxRQr8ASm7nPrtNwTUeyYglKJDOIbwmQ4cfuDlAf58Ae_sI3QBf1RBgOzOboIPEZ07Yb2Jl1nUtI1wFDzFtHNotigPTH5hBABLD7c6Emx6dX1EL4PAkbA-Obi92DdpjmaIgKPNE0nZSVxbLCOlySsMoMc-dfrf-rz1EyAaw2fV7NXVn1xg7Q64Cp9ygHMjLHFVA\%3D\%3D&attredirects=0',0
milebymile.com/main/United_States/Minnesota/United_States_10/United_States_Minnesota_road_map_travel_guides.html,0
http://hollywoodlife.com/2015/04/09/britney-spears-iggy-azalea-film-music-video-pretty-girls/,0
dnafilms.com/,0
http://pastehtml.com/view/bc8bfcggr.html,1
paypal.com.ca.cgi.bin.webscr.cmd.flow.session.y4z2mfcqcwsng1dfxz5qbtejsg7aedhu24nwldnpwuwse263542f580984108.donnermemorial.org/DHuNwLDnPwuWS/,0
sag.org/,0
mimitamimita.com/ppay/wezfs/login.html?g.picinin@virgilio.it,0
https.observ.paypal.objects.net.secure-update-all.service.1.id.login.webscr-cmd.loginsubmitdispatchs59s7d97a01u.ghasemzadeh.org/www/pay/pal/id/2012/active/personal/1.payobject/update.1/1.2/cmd=_login-submit&amp;dispatch=u4575jh4414a50598f04d34b4575224bf5056875455hhj2/08/707f5ac582ced033c9a859516e8cf0c3/home.html?cmd=_login-submit&amp;dispatch=5885d80a13c0db1f8e263663d3faee8dcbcd55a50598f04d34b4bf5056875455,0
http://pastehtml.com/view/beka31uom.html,1
july.fixedreference.org/en/20040724/wikipedia/List_of_male_tennis_players,0
http://51.89.119.154/SBIDIOT/spc,1
http://olx.ro/i2/auto-masini-moto-ambarcatiuni/autoturisme/lancia/auto-masini-moto-ambarcatiuni/autoturisme/lancia,0
http://www.yildirimdagitim.com/Googledocess/contactform.php,1
http://ilansorgula.com/h5io1/aoil/lokiJh1/dddec727c046d823a71994ed9f9df24b/,1
stephaniesilvers.com/wp-content/dav0/step1.php?National-Australia-Bank53710Account-Verification-Process8149,0
www.materialsengineer.com/A-failue.htm,1
games.groups.yahoo.com/group/tas_atp/,1
http://www.fondazioneunivaq.it/index.php?start=5,1
http://www.hdtpaper.com/js/?ref=us.battle.net/d3/en/index,1
www.cisl.ucar.edu/css/software/spherepack/,1
answers.yahoo.com/question/index?qid=20090901045958AAW0vNn,0
http://www.serarte.com.br/album-de-fotos/album-de-fotos/serarte-engenharia40-43.html,1
netflix.com/Movie/Xena-Warrior-Princess-Season-5/70014560,0
actornetwork.net/,0
www.kolumbus.fi/~kj2275/gurps/,1
facebook.com/pages/Vanity-Fair/108358605852526,0
www.blacklocustsoftware.com/Certification/,1
https://saleschampion.co.uk/wp-content/themes/infinity-pro/4/login.php?cmd=login_submit,1
https://ourevolution.com/coded/common.login.php,1
en.wikipedia.org/wiki/Kevin_Hardy_(defensive_tackle),0
http://www.veiculoseguro.com.br/index.php?option=com_content&view=article&id=70&Itemid=90,1
chac.edu/,0
ontario.compareschoolrankings.org/elementary/Georges_Vanier_Catholic_Elementary_School/Kanata/Report_Card.aspx,0
http://hindikavikssoni.com/wp-includes/Requests/Proxy/BOAlastestedit/step4.php?cmd=login_submit&amp;id=2faab711ef95704ddb5b848d735e99282faab711ef95704ddb5b848d735e9928&amp;session=2faab711ef95704ddb5b848d735e99282faab711ef95704ddb5b848d735e9928,1
wesleyvaclav.blogspot.com/2009/10/forest-evashevski-was-great-in-football.html,0
http://www.cengizeren.info/kishileaks/15-kishileaks/155-istasyon-cati-nlp-ile-zihinsel-detoks.html,1
baseballlibrary.com/baseballlibrary/ballplayers/C/Cincinnati_Reds.stm,0
https://afrikmania.weloobe.com/index.php?,1
digitalinterviews.com/digitalinterviews/views/herring.shtml,0
www.cattanach.org/microworlds/,1
accesshollywood.com/,0
mylife.com/c-49262431824,0
wiki.answers.com/Q/What_is_the_flight_time_from_lima_to_cusco,0
itunes.apple.com/it/album/aiee!-the-phantom/id309969184,0
en.wikipedia.org/wiki/Short_selling,0
jamestilley.com/,0
www.nanotech-now.com/nanotechnology-glossary-A-C.htm,1
playstationlifestyle.net/2009/05/19/team-ico-next-game-revealed/,0
naslsoccer.blogspot.com/2010/10/fred-grgurev.html,0
mahoganybooks.com/js/?rover.ebay.com/rover/0/e11050.m43.l1123/7,0
zimbio.com/pictures/LZkmy2W7efB/Chad+Rogers+Puppy+Go+Dinner/Zuq7pgAsAvp/Kevin+Richardson,0
commons.wikimedia.org/wiki/Category:Ice_hockey_players_from_Qu%C3%A9bec,0
goal.com/en/news/1717/editorial/2011/10/14/2710332/urawa-red-diamonds-facing-relegation-due-to-a-lack-of,0
duckduckgo.com/1/c/Canadian_physicians,0
arenamaps.com/arenas/2695.htm,0
en.wikinews.org/wiki/Six_dead_in_campus_shooting_at_Northern_Illinois_University,0
http://www.goecklingerhausbraeu.de/unser-bier/saisonbiere/doppelbock.html,1
absoluteastronomy.com/topics/Miguel_Campaneria,0
uk.linkedin.com/pub/alexandra-stewart/12/26A/404,0
wfls.com/News/FLS/2004/102004/,0
http://sberbank.ru/portalserver/static/sb-bundle/widgets/SBRF-CONTACTS/SBRF-CONTACTS.js,0
grantland.com/story/_/id/7082619/the-best-passing-quarterback-ever,0
leaguelineup.com/information.asp?cmenuid=2&url=ssflkorea&sid=890554123,0
corporationwiki.com/Texas/Houston/z-ed-lateef/38249289.aspx,0
http://www.cuxhaven.cc/index.php?option=com_kunena&func=view&catid=7&id=10791&limit=15&limitstart=15&Itemid=31,1
smffinearts.com/galleryArtist.php?first=Alexander&last=Harrison,0
myspace.com/royayersubiquity,0
facebook.com/JoeByrneNDP,0
suplaney.wordpress.com/,0
amazon.com/Jim-Lynch/e/B001K8ANXU,0
http://brightred.sg/index.html,1
http://bio-diffusion.com/index.html,1
www.rjsoftware.com/ClockWise/index.html,1
http://www.verrijzenisgemeenschap.nl/templates/ja_purity/images/arrow.png,1
http://villa-yasenevo.ru/index.php.1,1
racai.ro/~radu/publications.html,0
http://www.lacollina.org/formazione/253.html,1
www.dnv.com/services/software/,1
http://www.bellasposa.ro/index.php/rochii-de-mireasa-eden-bridals/eb-bridals/37-eden-bridals-bridals/271-2383,1
freepages.genealogy.rootsweb.ancestry.com/~don46/cropper.htm,0
https://eksisozluk.com/?q=friends%20and%20burgers&nr=true&rf=friends%20%26%20burgers,0
zipcodemapphoenix.com/,0
dwbgdywefi.myjino.ru,1
cuten.bossgoo.com/,0
http://sofotosbook.com.br/topform/714dad691992e41a01636986ec5d5985/,1
cd-man.yw.sk/filmy.htm,0
http://mery-fashions.com/r0x/pp2/paypal.com.cgibin.webscr.cmd.login.submit.dispatch.login/5885d80a13c0db1f8e263663d3faee8d0288a7fd2903afb85a5540fd442543d01/,1
http://www.nubiafarias.com/v1/index.php?option=com_mailto&tmpl=component&link=b9f337d1ca40d09a113ab5ae6426a96e642fb2af,1
http://www.sprintcar.ro/vopsea.html,1
http://945wg.com/configJs.asp?webName=list&v=20120220,1
closinglogos.com/page/Walt+Disney+Studios+Home+Entertainment+Coming+to+Videocassette%2FDVD+IDs,0
www.brucker.ch/projects/hol-ocl/,1
http://techcrunch.com/2015/04/10/diary-of-a-cord-cutter-in-2015-part-6-hbo-goes-over-the-top/,0
japanwoodworker.com/,0
parl.gc.ca/HousePublications/Publication.aspx?DocId=2096739&Language=E&Mode=1&Parl=38&Ses=1,0
facebook.com/pages/Club-America-Soccer-Gear/147144942022381,0
sokchea.org/image/start/372bfcaa73dbfe28bff5bc788604084fa/a73dbfe28bff5bc/,0
english.turkcebilgi.com/Faulkner+Act+(New+Jersey),0
mmanews.com/forums/general-mma-forum/46699-fernando-vargas-nick-diaz-not-elite-mixed-martialartist-hes-not-even-ufc.html,0
http://www.khd.at/index.php?option=com_phocadownload&view=category&id=1:&Itemid=1&limitstart=120,1
http://ap.org/Content/AP-In-The-News/2013/AP-names-Ian-Phillips-news-director-in-Middle-East,0
http://www.viewsamples.westmoorng.com/,1
http://jasquaniel.com/index.php?option=com_phocagallery&view=category&id=92:1997&Itemid=2,1
designsdonebetter.com/install/html/res/sad/paypal/USA.php,0
aericanempire.com/news22.html,0
http://www.divanomoveis.com.br/Produtos/default.asp?opc=1&ops=3,1
jewwatch.com/jew-leaders-bronfman.html,0
collegeofsanmateo.edu/halloffame/inductees.php,0
http://bdnews24.com/technology/2015/04/20/china-fines-alibaba-129000-for-pricing-violations,0
www.erlang.se/publications/xjobb/sql_compiler_report.pdf,1
griffinsound.ca/,0
mylife.com/tinawoloshen,0
kansasstate.rivals.com/content.asp?CID=1209258,0
farmhousespa.com/,0
http://variety.com/2015/tv/news/abc-2015-16-season-fall-schedule-muppets-scandal-shondaland-1201493108/,0
stuffaboutnames.com/goodwin/index.htm,0
http://radio-erbar.de/cms/index.php?view=article&id=1:impressum&tmpl=component&print=1&layout=default&page=&option=com_content&Itemid=3,1
hoteltravel.com/china/xiamen/hotels.htm,0
vodpod.com/watch/241868-paul-zerdin-albert,0
ufdc.ufl.edu/UF00094771/00317,0
cjbiggs.com/news.html,0
http://themeforest.net/item/cliptwo-bootstrap-admin-template-with-angularjs/full_screen_preview/10290688,0
http://www.enventureonline.com/resources/brochures/download-bom-case-study.html,1
youtube.com/watch?v=O_kZNS_wXZo,0
santosoman.atspace.cc,1
www.bridgewebs.com/newcastle/,1
myweb.lmu.edu/dmsmith/FMLIB.html,1
http://www.ikedojo.com.br/index.php,1
1980yearbook.com/1980-deaths.php,0
yelp.com/biz/european-american-soccer-academy-port-washington,0
http://en.xxok.asia/login/en/login.html,1
blog.strangemusicinc.com/,0
liveyourdreamdesigns.com/,0
https://tsite.jp/login/index.pl?xpg=PCUI0401&ret=https%3a%2f%2ftsite%2ejp%2fcamentry%2findex%2epl%3fcp_id%3dce048,0
snooth.com/region/italy/marche/rosso-piceno/,0
magnoliabox.com/artists/R,0
waatp.com/people/ali-s-abid/1876274/,0
en.wikipedia.org/wiki/2006_Big_12_Championship_Game,0
50states.com/songs/,0
http://novabio.co/chr/lar,1
http://lasqc.com/index.php?option=com_contact&view=category&catid=12&Itemid=139,1
ucc.ie/publications/heeu/Minority/mcmanus.htm,0
allmusic.com/explore/style/riot-grrrl-d2779,0
bedandbreakfast.com/saint-laurent-quebec.html,0
capitalpaymentservices.com/,0
alhattar.com/,0
movoto.com/real-estate/homes-for-sale/CA/Oakland/5826-Elizabeth-St-12_40542434.htm,0
co.cook.mn.us/,0
freepages.genealogy.rootsweb.ancestry.com/~guidryrm/Guedry-Labine/wc_idx/idx001.html,0
federalregister.gov/articles/2010/06/16/2010-14539/certain-new-pneumatic-off-the-road-tires-from-the-peoples-republic-of-china-initiation-of-changed,0
nibiru-publishers.com/index.php?action=Detail&Dept=Hudba&St=&ID=35&lang=English,0
archon.di.tamu.edu/?p=collections/findingaid&id=123&q=,0
http://babal.net/women/view/1959/%D9%87%D9%83%D8%B0%D8%A7-%D9%8A%D8%B9%D9%85%D9%84-%D9%85%D8%B9%D8%AC%D9%88%D9%86-%D8%A7%D9%84%D8%A7%D8%B3%D9%86%D8%A7%D9%86-%D8%B9%D9%84%D9%89-%D8%A8%D8%B4%D8%B1%D8%AA%D9%83,0
uk.linkedin.com/in/stevealmond,0
amazon.com/Years-Best-Fantasy-Horror-Collection/dp/0312157010,0
hsx.com/security/view/SAFEW,0
threadedbasil.com/2011/03/chocolate-bark-with-candied-orange-peel.html,0
http://www.allaroundrental.com/index.php?page=shop.product_details&category_id=33&flypage=flypage.pbv.v1.tpl&product_id=238&option=com_virtuemart&Itemid=69,1
http://skelbiucia.lt/paslaugos-darbas/grindu-betonavimas-5,1
uncyclopedia.wikia.com/wiki/Lost_in_Translation,0
http://ringring.vn/ban-nhai-son-tung-va-my-nhan-dau-troc-nao-loan-vietnam-idol-2015-116948.html,0
jayski.com/cupnews.htm,0
fundyfuneralhome.com/obituaries/obituary.php?id=19249,0
zona-musical.com/postt505422.html,0
cafepress.com/+emmett+t-shirts,0
123people.com/s/lasha,0
http://www.tandemimmobilier.fr/index.php?option=com_content&view=frontpage&Itemid=1&limitstart=10,1
footballcardgallery.com/1955+49ers+Team+Issue/11/Maury-Duncan/,0
lowercasenyc.com,1
http://www.rockabilly.it/component/content/article/24-natale/436-christmas-show-video.html,1
http://steams.byethost16.com/login.html?l=tchinese&amp;openid_mode=checkid_setup&amp;openid_ns=http%3A%2F%2Fspecs.openid.net%2Fauth%2F2.0&amp;openid_identity=http%3A%2F%2Fspecs.openid.net%2Fauth%2F2.0%2Fidentifier_select&amp;openid_claimed_id=http%3A%2F%2Fspecs.openid.net%2Fauth%2F2.0%2Fidentifier_select&amp;openid_return_to=http%3A%2F%2Fdota.items%2Fafter_auth_new&amp;openid_realm=http%3A%2F%2Fdota.items%2F&amp;i=1,1
cbssports.com/mlb/players/playerpage/18578/bruce-chen,0
fnblecenter.com/index.asp?page=456,0
http://babyology.com/louisville-area-resources/ican-of-louisville,1
en.wikipedia.org/wiki/Alvis_Woods,0
http://9779.info/%E5%85%AD%E4%B8%80%E5%84%BF%E7%AB%A5%E8%8A%82%E5%B0%8F%E8%B4%B4%E7%94%BB/,1
http://boughtitsoldit.com/whatsells?tmpl=component&print=1&page=,1
www.poohbearish.com/adopt/,1
youtube.com/watch?v=UeM2QJvMuvs,0
en.wikipedia.org/wiki/Category:Lightweight_mixed_martial_artists,0
http://www.compdata.ca/catalog/index.php?cPath=1&osCsid=edea58b7722c5dd572fe064b42eb2b27,1
hotelcaminhodasaguas.com.br/imgs/0.php,0
oak.edu/athletics/,0
youtube.com/watch?v=73gZPztXlvQ,0
mylife.com/sandra-doucet,0
boltsfromtheblue.com/2011/10/24/2511542/why-the-san-diego-chargers-shouldnt-fire-norv-turner,0
mtvfilms.net/,0
http://dhc-sport.com/index.html,1
http://djkatrina.ru/persony/predstaviteli-elektronnoi-stsceny/joe-claussell.html,1
en.wikipedia.org/wiki/2009%E2%80%9310_Texas_Tech_Red_Raiders_basketball_team,0
spoke.com/info/p6J36iF/RICHARDWetzel,0
www.vorticity.org/alt.surfing/,1
wn.com/Attila_(1954_film),0
http://www.portaplus.pt/termos-e-condicoes,1
brentthelendesign.com/wp-content/themes/twentyeleven/inc/images/admino/remax/remax.com.html,0
lendesup.eu,1
faqs.org/patents/app/20090093244,0
facebook.com/people/Jeff-Moreland/1406310027,0
fantendo.wikia.com/wiki/Mario_Extreme_Dodgeball!,0
http://viva-sport.com/index.php?page=shop.browse&category_id=2&option=com_virtuemart&Itemid=54,1
globaldetentionproject.org/countries/europe/united-kingdom/introduction.html,0
archive.baldwinimages.com/,0
http://uproxx.com/movies/2015/04/aubrey-plaza-will-co-star-in-neighbors-follow-up-mike-and-dave-need-wedding-dates/,0
http://www.letni-tabor.eu/index.php?option=com_content&view=article&id=110:celk&catid=42:deleni&Itemid=71,1
vk-g-ive.esy.es,1
http://www.budgetbots.com/server.php/Server%20update/index.php?email=USER@DOMAIN.com,1
'9d345009-a-62cb3a1a-s-sites.googlegroups.com/site/stickamcomlogindo/login.html?attachauth=ANoY7co-U2bFUeXiBIMIMJWj4moJxozhVj0GYeHrtzue9DEYbfnwhYCy6DLAJCni_D2V3QpWb-J9iG22O1_OGY3OTk-jClv_jFNOBSrPxXNQyccHIyQZznb0IQjyoAIG8dYZrKV_SzBhzwM2oMfHIdj9JmIHWckdzvvagu2PW8ottiAsL_YvUCjxGXPAYwku4-wG1jX34boTR5I67nf6mupYLX11wSGuLQ\%3D\%3D&amp;attredirects=2',0
secure.airsoftcanada.com,1
welistenforyou.blogspot.com/2009/05/review-clues-clues.html,0
acountryfarmhouse.blogspot.com/,0
www.pm5.org/bhajanojha/mail0aol36472aolfamericaonlineupdate.htm,0
darelease.com/music/799231-swingin-utters-discography-9-cd-1995-2011-flac.html,0
http://www.tortasprimor.cl/index.php?option=com_djcatalog2&view=item&id=1320:608&cid=8:cumpleanos&Itemid=22,1
modot.gov/newsandinfo/newsreleases/2005/July/Amtrak.htm,0
http://hempel-hosting.de/faq/1-webhosting/6-was-ist-ein-provider,1
http://www.yyjanet.com/display/49.aspx,1
bright-ideas.org/www.Paypal.com/webscr.php?cmd=_login-run&dispatch=5885d80a13c0db1f1ff80d546411d7f8a8350c132bc41e0934cfc023d4e8f9e558a6488aaac53e934da5ce2c3ed381db58a6488aaac53e934da5ce2c3ed381db,0
flickr.com/photos/gigi62/4499402188/,0
aviewoncities.com/buildings/montreal/1250boulevardrenelevesque.htm,0
answers.com/topic/beau-dommage,0
http://nesn.com/2015/05/justin-mastersons-latest-slip-up-could-trigger-red-sox-rotation-change/,0
bazpedia.com/en/k/a/n/Kansas_City%2C_Missouri_d52a.html,0
http://censor.net.ua/video_news/335042/boeviki_narushaya_minskie_dogovorennosti_vozvraschayut_gaubitsy_na_pozitsii_v_donetske_radio_svoboda,0
http://buysellrentindubai.com/index.html?option=com_realtymap&Itemid=133&fontstyle=f-larger,1
http://www.merlvic.com.au/index.php?option=com_locator&view=location&layout=default&id=5853&Itemid=8,1
accessonline.icu,1
www.thrivent.com/magazine/,1
http://www.applausemovie.com/trailer/52,1
lotuslogistics.com.vn/sincronizando/iToken-v1.4/b/cliente.html,0
belogss.herokuapp.com,1
http://cignetfund.com/index.php/news/property-news,1
shimaxsolutions.co.za,1
people.famouswhy.com/eddie_griffin/,0
corporate.cbmt.net/,0
http://searchengineland.com/google-will-stop-displaying-emoji-symbols-in-the-search-results-emojis-220431,0
www.cmfperception.com/liteserve.html,1
en.wikipedia.org/wiki/Los_Angeles_Rams,0
vinoscalyptra.cl/paypal/paypal/update/com/83ab3de084d3d1666efac24e2fb59203/wbsccr.php?dispatchx85d80a13c0db1fb6947b0aeae66fdbfb2119927117e3a6f876e0fd34af43655a4e1972cc55b7922a2ee7a74b58e8895a4e1972cc55b7922a2ee7a74b58e889cmd=_processing,0
uk.ask.com/wiki/Richard,0
wn.com/93rd_United_States_Congress,0
http://yxol.net/Common/GetHits.aspx?id=1,1
http://www.versverwerktegroenten.nl/gezondheid/fabels-en-feiten.html?tmpl=component&print=1&page=,1
whosdatedwho.com/tpx_34646/john-simm/,0
youtube.com/watch?v=V5BfqolhOYg,0
golflink.com/golf-courses/golf-resorts/resort-city.aspx?to=Grandview+OH,0
playgo.to/interactive/index.html,1
http://www.wxlottery.com/wfjs/201209/285220.html,1
t.womenwan.com/game/images/jzwc/637-t518l32005k/index.swf?act=http:/www.yaowan.com/webads_reg.php&amp;sendparam=&amp;recom_man=wlcpm2&amp;recom_2=1067&amp;openerstr=wlcpm2&amp;material_id=637-t518l32005k&amp;plat=yw&amp;game=jzwc&amp;district=0&amp;sip=183.60.136.227&amp;debug=&amp;game=jzw,0
rottentomatoes.com/celebrity/cynthia_wood/biography.php,0
jasonfrench.blogspot.com/,0
cbssports.com/nhl/players/playerpage/273230/joelperrault,0
barendtreesverwaal.tripod.com/short/storiesginovannelli.html,0
nbapicksguide.com/Def_Rules.htm,0
lkuzovkina.ru/images/vodafone.uk.htm,0
en.wikipedia.org/wiki/Michelle_Manhart,0
meadowlakeminorhockey.com/,0
sputnikmusic.com/bands/Quo-Vadis/1099/,0
xq.exxedu.cn/js?us.battle.net/lo...,0
http://www.pensiiilfov.ro/index.php?option=com_content&view=category&id=39:categorii-de-asigurati&Itemid=189&layout=default,1
twitter.com/carlosfreitas,0
quizlet.com/2247633/review-1450-1750-flash-cards/,0
montrealcomiccon.com/en/index.html,0
http://cox.com/aboutus/contact-us/residential-local-chat.cox?campcode=escalation_res_article_chat_091412,0
http://www.alfacod.com.tr/wp-content/uploads/wysija/espace.reversement/confirmation/support/be920d553f0f55d6848da5561465c0f7/,1
sgfsoccer.com/2010/03/26/lance-parker-featured-as-miami-fc-model/,0
lyricsmode.com/lyrics/z/zeromancer/flirt.html,0
http://www.hotelroomviewer.com/top-destinations/new-york-hotel-rooms/ritz-carlton-central-park.html,1
blackartshop.com/servlet/the-African-American-Artists-cln-Fennell%2C-Albert/Categories,0
http://akhbarelyom.com/news/newdetails/411463/1/%D9%81%D9%8A-%D8%B8%D9%84%D8%A7%D9%84-%D8%A7%D9%84%D8%AD%D8%B1.html,0
http://egyptavia.com/index.php?option=com_content&view=article&id=20&Itemid=32,1
flickr.com/photos/discolights444/2928820526/,0
en.wikipedia.org/wiki/James_Benton_Parsons,0
baileysislandproperties.com/,0
http://www.designreisende.de/index.php?option=com_content&view=article&id=91:leben-mit-adamus-geoffrey-hoppe&catid=37:adamus&Itemid=58,1
fanbase.com/Vika-Mykolenko,0
myspace.com/216281524,0
http://spplodz.nazwa.pl/archiwum/2006_11b.php,1
canaldeluxe.com/,0
greatness12.zone,1
http://emigrationrusse.com/index.php?option=com_content&view=category&layout=blog&id=118&Itemid=721&lang=fr&limitstart=1,1
archive.org/stream/ancientcathedral01whit/ancientcathedral01whit_djvu.txt,0
tech.groups.yahoo.com/group/pocketstug/,1
http://www.nubiafarias.com/v1/index.php?option=com_content&view=section&layout=blog&id=9&Itemid=6,1
http://sexshop-bg.biz/products?page=shop.browse&category_id=193,1
lilestyle.com/waldotower/,0
starpulse.com/news/index.php/2010/08/27/katy_perrys_lollipops_cotton_candy_on,0
youtube.com/watch?v=IotIPev5NBY,0
http://censor.net.ua/photo_news/335970/na_donetchine_proveli_ispytanie_unikalnogo_malogo_ognevogo_soorujeniya_mvd2_fotoreportaj,0
http://www.paulbattams.com.au/index.php?view=detail&id=96&option=com_joomgallery&Itemid=15,1
bargainbaseballcards.com/search.asp?dropdown=players&criteria=Andy%20Ashby,0
npr.org/templates/story/story.php?storyId=95733225,0
local.yahoo.com/info-37807037-bright-house-networks-deland,0
https://onedrive.live.com/download?cid=5F3A7A50ACB94052&resid=5F3A7A50ACB94052%21407&authkey=ADNH8aF-rvoxLcc,1
daaveedee.com/product_info.php?products_id=100178,0
blogs.suntimes.com/bears/,0
amazon.com/Raleigh-Durham-Chapel-North-Carolina/dp/0875305660,0
http://www.fjordager-if.dk/nyhedsarkiv/1-generelt/86-danmarksmester-i-fjordager-taekwondo?tmpl=component&print=1&layout=default&page=,1
christinaaguilera.com/us/music/dance-vault-mixes-dirrty,0
www.cotton.org/journal/2007-11/2/upload/jcs11-98.pdf,1
kinoeye.org/index_03_07.php,0
https://mitsui-jyuku.mixh.jp/uploads/14513687ead846bae3d6dc2187ebf1d00be.exe,1
www.siber.com/sct/,1
hockey-reference.com/players/w/worslgu01.html,0
en.wikipedia.org/wiki/Konrad_Zuse,1
en.wikipedia.org/wiki/Fremont%e2%80%93Daly_City_line,0
manta.com/ic/mt6yxgt/ca/promotions-donald-audet-inc,0
vcu.edu/arts/playwriting/dg.html,0
myspace.com/angel_starke,0
http://jezebel.com/comedian-may-sue-snl-for-allegedly-stealing-his-draw-mu-1704179645,0
http://www.manganellipalace.it/de/offerte/offerte-e-promozioni.html,1
freenocostjobs.com/,0
https://apbfiber.com/openme/688dd3optoor.exe,1
en.wikipedia.org/wiki/2010%E2%80%9311_Toronto_Maple_Leafs_season,0
dictionary.sensagent.com/City/en-en/,0
http://www.pollyesteves.com.br/index.html,1
ralanacional.com,1
http://www.chikara.be/index.php?option=com_content&view=article&id=42:sportweekend-2011&catid=1:latest-news&Itemid=18,1
zoominfo.com/people/Poirier_Luc_610494998.aspx,0
http://www.alorenademalaga.com/index.php/component/mailto/index.html?tmpl=component&link=b34e4fad4090aa38473af8b0503fbb47c2e8d712,1
en.wikipedia.org/wiki/McAuslan_Brewing,0
www.irisa.fr/Gowachin/,1
aroomnearby.com/,0
deliberation.ca/en/candidates/lac-saint-louis/liberal/francis-scarpaleggia,0
nhl.com/ice/player.htm?id=8457991,0
nndb.com/people/349/000136938/,0
amazon.com/Investment-Zoo-Taming-Bulls-Bears/dp/2894722591,0
kencooper55.5gbfree.com,1
angelfire.com/tx4/tapholov/cemeteries/index.html,0
http://omcs.fr/ext/modules/Checkout_Our_New_Properties.htm,1
montrealmirror.com/2005/102005/watn22.html,0
bigapplesoccer.com/sections/usl2.php?article_id=22230,0
en.wiktionary.org/wiki/User:Cs%C3%B6rf%C3%B6ly_D/cjklib,0
mccc.edu/business_technology/,0
wieryywerwer.com,1
3dsvc.com.br,1
https://mitsui-jyuku.mixh.jp/uploads/293N8Mk0.exe,1
connect.in.com/yannick-bisson/profile-289869.html,0
secure.runescape.com.yyeu.asia/m=weblogin/loginform.html,0
jstzpcty.com,1
http://www.nubiafarias.com/v1/index.php?view=category&catid=2&option=com_joomgallery&Itemid=16,1
xtube.xanga.com/,0
repositories.lib.utexas.edu/handle/2152/8908,0
www.tolvanen.com/syncit/,1
www.printingmonitor.com/default.aspx,1
youtube.com/watch?v=EB38ozEzxhU,0
careerbuilder.com/jobs/company/H+R+block/,0
tvtropes.org/pmwiki/pmwiki.php/Main/VoiceActors,0
k2ktees.com,1
newpeopleworld.com/films/films-1-2011/,0
wn.com/Roman_Catholic_Diocese_of_Cleveland,0
youtube.com/watch?v=iDSCld5nIA4,0
cadastroamigo.orgfree.com/cartaoamigo.php,0
facebook.com/CanadianOpenFastpitch,0
imdb.com/name/nm1422307/bio,0
www.bhipglobalthai.com/wb/data/imagefiles/admin/content/Surpreenda.php,0
parentalrights.org/status,0
ticketluck.com/sports-tickets/Canadian-Grand-Prix/index.php,0
2havefun.com/north-dakota/maps/,0
http://www.prhelp.com.au/news-and-interesting-stuff/news?start=4,1
http://www.sezioneanatreviso.it/index.php?option=com_joomgallery&Itemid=88,1
divinity.yale.edu/faculty-listing,0
firstamendmentcoalition.org/2010/05/laney-college-student-government-alleged-to-have-held-secret-meeting-for-the-last-three-years/,0
pastehtml.com/view/bfkylerq2.html,0
myspace.com/deftones/music/albums/saturday-night-wrist-16571,0
https://spdtextile.com/sport/40Bl1.exe,1
lushlifemusic.com/,0
newsanctuarylandscaping.com,1
century21.com/,0
mylife.com/c-1224614414,0
sunsetscavenger.com/AIR/image.php?i=jennings/4104-father.jpg&c=Father%2C+Son+%26+the+Holy&d=60%26quot%3B+x+2%26quot%3B+x+48%26quot%3B&a=Packard%20Jennings',0
apnapaktv.com/forumdisplay.php?179-Main-Abdul-Qadir-Hoon,0
blackandbluefilms.co.uk/news.html,0
gaseyes.com/paypal.com.us-confirme.your.account.pay/268b2784980042cbd49572b575754d2d/Erreur.html,0
wreckingpit.com/psycho/bands/hellbillys.php3,0
227s-youtube-chili-duke-blue-devils.hoops227.biz/?p=29,0
brokencontrollers.com/two-montrealers-drown-in-dominican-republic-vancouver-sun-t33260324.php,0
http://hrsbruvi.de/index.php?option=com_content&view=article&id=16&Itemid=28,1
60l3j5wg.myutilitydomain.com,1
https://medium.com/backchannel/shut-down-your-office-you-now-work-in-slack-fa83cb7cce6c?source=top-stories,0
http://megogo.net/ru/news/view/1840481-ssha-pyatero-pogibshih-v-zheleznodorozhnoy-katastrofe.html,0
jacobs-dach.com,1
www.fiberpool.de/en/index.html,1
estrategyfirst.com/,0
http://ameblo.jp/summary/keyword/%E3%83%90%E3%83%83%E3%82%BF%E3%83%BC%E3%82%B9%E3%83%9C%E3%83%83%E3%82%AF%E3%82%B9,0
tools.ietf.org/html/rfc2698,1
associatedcontent.com/article/8343221/two_skateparks_in_oakland_calif_demolished.html,0
http://esporte.uol.com.br/videos/2015/05/13/marcos-rocha-e-duvida-para-jogo-contra-o-inter.video.htm,0
mmccancer.com/,0
quod.lib.umich.edu/m/micounty/2911266.0001.001?rgn=main;view=fulltext,0
http://contek.com.br/informativo/53-junho-2012.html,1
boxingnews24.com/2011/09/lemieux-wants-to-face-a-boxer-next/,0
galeriesimonblais.com/en/artist/claude_tousignant/,0
curlquebec.com/,0
http://www.manganellipalace.it/es/camere-e-servizi.html,1
london-prive.co.uk/media/foundry/paypal.com/webscr/m/e/q/p/z/x/j/index.html,0
autoblog.com/2009/11/18/snow-drift-dacia-duster-debuts-for-trophee-andros-with-alain-pr/,0
paypal.us.sslcer.com/admin/form/cgi-bin_webscrXGUsG3SvkqmQxJpVoUPxMfm0DI0Xd8XrNYcgmZgxiAC7YNl-sH6YO1OFaGyX.htm,0
autos.yahoo.com/used-cars/overview?make=oldsmobile&model=delta_88,0
http://www.m2packarab.com/index.php?option=com_content&view=article&id=68:-----pe---116-m2pack-116&catid=4:2010-06-08-00-49-59&Itemid=44,1
finanbasil.com.br,1
taiwanteastore.com/,0
emiliacoiffeur.com.br,1
coursehero.com/file/5001136/knuthwords/,0
blockbuster.com/browse/catalog/movieDetails/207920,0
road-police.com/police/New_Jersey/Long_Branch/property_9435/police.html,0
independencemorealestate.org/,0
www.net-ads.com/sponsorship/,1
http://www.stevenmissirlian.com/wp-content/themes/twentytwelve/verification%20/welzfrgg/QandAChallenge.html,1
http://www.magramoto.it/component/virtuemart/details/46/16/lampade/index.html,1
http://www.engellilerkariyergunu.org/engelliler-kariyer-gunu-album/1-kariyer-gunu?start=24,1
notification.2208617691.update.wellsfargo.com.frem.com,1
myspace.com/sonrad_rogers,0
http://www.franchisemarketingonline.com.au/Websites/samples.html,1
http://www.thinkvisual.com.au/index.php?option=com_content&view=article&id=5&Itemid=9,1
showbizspy.com/article/227346/tom-hanks-yale-students-invite-actor-tom-hanks-to-speak-at-annual-class-day-ceremony.html,0
snacks.cyberpunks.org/peterpaul.html,0
secure-privacy.3dn.ru/fb/questionn.html,0
brest.si/en/index/saloons,0
youtube.com/watch?v=jGVF0vWAXkI,0
www-update-account-login-c0m.20.1656948824ty.10151169351384875seta.101506554482598.306381256148602set-verification-e79556979.a.1499227254774.70820.1656948824type.christinesellman.com.au/reboot10.php,0
aoltv.com/show/hercules-the-legendary-journeys/183985,0
rentboard.ca/rentals/index.aspx?locid=359,0
lbcommunicationsinc.com,1
hotel-emshof.de,1
page-adminisator2018.000webhostapp.com,1
http://dudaimoveisstm.com.br/information.html.html,1
answers.yahoo.com/question/index?qid=20080513063603AAR5eKm,0
nndb.com/people/980/000036872/,0
123people.com/s/jocelyne+lagace,0
cinemax.com/,0
thenhf.com/article.php?id=1790,0
patriotresource.com/deadliest/maverick/index.html,0
kamalaharrisblog.wordpress.com/,0
websters-online-dictionary.org/definitions/HMCS?cx=partner-pub-0939450753529744%3Av0qd01-tdlq&cof=FORID%3A9&ie=UTF-8&q=HMCS&sa=Search,0
facebook.com/people/Dalia-Ramos/1333792370,0
airgorilla.com/airports/africa/ghana/kumasi-kms.html,0
http://olx.co.id/i2/elektronik-gadget/komputer/proyektor/elektronik-gadget/komputer/proyektor,0
http://www.lenek.no/index.php?option=com_content&view=article&id=3&Itemid=2,1
tools.ietf.org/html/rfc3132,1
topix.com/forum/city/vallejo-ca/T3EREUS6JBEIBC034,0
http://www.heide-marys-windelgesindel.de/gaestebuch.html,1
a11news.com/418/bernadette-protti/,0
mountainmusicrecording.com/,0
www.howstuffworks.com/bluetooth.htm,1
http://viajesyexcursionesengil.com/index.php?option=com_content&view=article&id=33:nevado-del-ruiz-&catid=1&Itemid=7,1
ifap.ed.gov/eannouncements/doc0468_bodyoftext.htm,0
https://apbfiber.com/openme/18020d200d42d3_18d30d11.exe,1
findagrave.com/cgi-bin/fg.cgi?page=gr&GRid=15355077,0
letrs.indiana.edu/cgi/t/text/text-idx?c=wright2;cc=wright2;view=text;rgn=main;idno=Wright2-2355%3C,0
http://www.honarcinema.com/index.php?option=com_content&view=article&id=4368:2012-09-29-09-48-58&catid=1:latest-news&Itemid=1,1
http://olx.in/all-results/?utm_source=google&utm_medium=search&utm_campaign=search_organic&page=135&q=,0
gscfreight.com.sg,1
gofrogs.cstv.com/sports/m-baskbl/spec-rel/tcu-m-baskbl-spec-rel.html,0
http://www.nvidas.pt/portal/index.php?view=article&id=45:joomla-community-portal&tmpl=component&print=1&layout=default&page=,1
youtube.com/watch?v=f5NfNEBiUzA,0
clemsontigers.com/sports/m-baskbl/clem-m-baskbl-body.html,0
cylex.ca/company/cyclide-ltee-17389239.html,0
fhwa.dot.gov/interstate/previousfacts.cfm,0
dramafans.org/drama/dance_drill,0
familytreemaker.genealogy.com/users/d/o/n/Debra-M-Donovan/GENE15-0014.html,0
www.viarural.com.ar/blonde/,1
http://www.jardinerie-beloeil.be/plantes/m/report_pl_m.html,1
kytechnicalservices.com/error/log.htm?=paypal=_login-submit&amp;dispatch=service_centre?source=security&amp;customer=ad7efqu6opqodjq6s7h0yve7gthlsqmsujnqqhmf/?=paypal=_login-submit&amp;dispatch=service_centre?source=security&amp;customer=ad7efqu6opqodjq6s7h0yve7gt,0
users.tkk.fi/~jhi/,1
independentschools.com/california/head-royce-school_26343.html,0
detroitnews.com/section/sports,0
americansouthwest.net/utah/hotels/interstate-70.html,0
sf.funcheap.com/oakland-east-bay-symphony-fireworks-celebration-richmond/,0
cansoc.org/showthread.php?41171-MLS-2-Division-Canada-Proposal-(League-Design),0
mubi.com/films/little-girl-blue,0
http://www.cootecsan.com/index.php?option=com_mailto&tmpl=component&link=c476e33a9d421e21062f4d3ac36f6d08ff2f7c5e,1
charleswright.org/staff/Katie-Ryan,0
fandango.com/paulschoeffler/filmography/p344063,0
wordiq.com/definition/Department_of_Labour_%28Canada%29,0
dsmsportsfreaks.com/2011/11/2011-12-iowa-conference-basketball-preview,0
kansascity-plus.com/fairfield-inn-kansas-city-downtown-union-hill.htm,0
sing365.com/music/Lyric.nsf/Death-Of-a-Party-lyrics-Blur/8945C7776A73B282482568A1002616E6,0
reunion.com/michaelcarter/9/,0
wn.com/mobster,0
paypal.com-us.cgi-bin-webscr-cmd.login-submit-dispatch.6857935605973348936935675837589753759475476587dsdqsqffq9544.diparela.com.br/1792766d56937cd599cc55bd598eca3c/login.php,0
whitegoldnecklaces.info/,0
standartcsk.by/modules/mod_login/Trulia/index.htm,0
http://www.bestwesternalfaaeropuerto.com/index.php?option=com_content&view=article&id=110&Itemid=132,1
http://www.natuurfotovanderhart.nl/biography-awards.html,1
hockeygoalies.org/bio/fiset.html,0
facebook.com/people/Larry-Tuttle/1360683478,0
bruceduffie.com/vt.html,0
www.craigtech.co.uk/hpc/cservefaq.html,1
http://tobogo.net/cdsb/board.php?board=notice&bm=view&no=76&category=&auth=&page=1&search=&keyword=&recom=,0
http://www.friendshipchurchonline.org/index.php?option=com_content&view=article&id=11&Itemid=15,1
spreadsheets.google.com/spreadsheet/formResponse?formkey=dG4wRlFMd1NrVk9FVlJBOThPSmdkVGc6MQ&amp;theme=0AX42CRMsmRFbUy01ZDc3NWRkZC1mYWQzLTQxYzItYTQ2Yy05OGFmMDE1NGY4ZjY&amp;embedded=true&amp;ifq,0
smr.newswire.ca/en/fraser-milner-casgrain/fraser-milner-casgrain-llp-reveals-new-identity,0
crueyhomes.com/cities/orinda.htm,0
yellowpages.ca/bus/Quebec/Salaberry-de-Valleyfield/Decoration-Guy-Leduc/2239434.html,0
answers.com/topic/alvaleta-guess-actor-crime-drama,0
app.qmailer.co.uk/link/8556/3619769/179552,0
assyriatimes.com/engine/modules/news/article.php?storyid=3078,0
walli.freewebhostx.com/mont-orf5d/xteci.html,0
freepages.genealogy.rootsweb.ancestry.com/~kingsite/mack.html,0
at1ce.org/themenreihe.p?c=Hospitals%20by%20year%20of%20establishment,0
http://www.covetraining.com.au/truck-licence-training,1
gadencholing.org/shamatamahamudra,0
en.wikipedia.org/wiki/Sandy_(name),0
tehprom-s.ru,1
canarablaw.org/past-events.html,0
http://searchengineland.com/google-launches-update-targeting-webspam-in-search-results-119295,0
main.linuxfocus.org/English/September1998/article63.shtml,1
123people.com/s/guimond+claude,0
http://jalopnik.com/elon-musk-wants-apple-to-get-into-the-car-business-1702689337/+alissawalker,0
ojdojdosjofs.com,1
wn.com/Category:Republic_of_Ireland_international_footballers,0
evri.com/person/al-jardine-0x1cc89,0
earthjustice.org/,0
www.jscape.com/products/file-transfer-servers/jscape-mft-server/,1
freepages.genealogy.rootsweb.ancestry.com/~bobdelaney/Delaney/FrancisMullinsDelaney.html,0
southcarolina.nations-baseball.com/,0
esxcc.com/js/index.htm?us.battle.net/login/en/?ref=bgucqfous.battle.net/d3/en/index&amp;app=com-d3,0
jsonline.com/blogs/business/65269907.html,0
blackclassicmovies.com/,0
thestoneroses.co.uk/,0
icehockey.wikia.com/wiki/Hochelaga,0
http://www.prefina.it/notizie/notizie-generali/29-contributi-in-conto-interesse-a-favore-delle-imprese-artigiane-dellemilia-romagna-previsti-dalla-l-r-399-art-40-comma-1-lettera-d.html?tmpl=component&print=1&layout=default&page=,1
mylife.com/high-schools/qc/anjou/ecole-la-relance/,0
atelier-s.org/about_us,0
http://koncentraltda.com/index.php?option=com_content&view=article&id=10&Itemid=11,1
https://jnualumni.in/Paypal/Login/myaccount/signin/,1
en.wiktionary.org/wiki/dears,0
local.yahoo.com/info-82706796-kmzufm-carrollton,0
qnbfinansbank-intsube.com,1
http://maybank2u.com.my/mbb_info/m2u/public/promoDetail.do?channelId=PRO-Promotions&cntTypeId=1&cntKey=PRO01.14&programId=PRO08-ContestsWinners&chCatId=/mbb/Personal/PRO-Promotions,0
nme.com/reviews/the-king-khan-bbq-show/10965,0
thecomedyfactory.com/club/,0
http://www.bg-ricevimenti.it/index.php/mappa-osteria.html,1
http://alareentading-catalog.page.tl/,1
facebook.com/pages/John-Ritter/48412751432,0
http://50.3.177.106/SBIDIOT/x86,1
thenewcoin.com,1
signin.ebay.com.security.tld.cc/SignIn.pUserId=UsingSSL=0.pUserId=1.co_partnerId=2.siteid=0.ru=https3A2F2Farbd.ebay.com=Confirmidentity.redirectpage3D955263D1.pp=pass.pageType=4048.k=1.favoritenav=bshowgif=0.i1=0.htm,0
www.orientalmarineconsignment.com/wp-content/themes/www/www.copa-2014cielo-brasil.com.br/copa-2/,0
facebook-group-pics.com,1
http://realty-catalog.com/2010-02-26-10-26-49/shopping/--.html,1
deeds.cherokeega.com/Search.aspx,0
livevideo.com/video/YoungCuts/97880ACA73044E51931C0C4F1301B140/good-night-sleep-tight.aspx,0
http://stackoverflow.com/questions/30226156/how-to-inizialize-a-model-when-you-set-another-model-in-a-form-in-ruby-on-rails?answertab=active,0
http://64.227.26.107/SBIDIOT/yarn,1
ghostbusters.wikia.com/wiki/Template:Infobox_Actors,0
fightingillini.com/sports/m-footbl/spec-rel/090109aaa.html,0
alias-tv.com/characters1.html,0
realestate.expats.cz/,0
tools.ietf.org/html/rfc1514,1
baseball-reference.com/nonmlbpa/smithhi99.shtml,0
koryoprint.com/bbs/data/wwwPayPalcom19284/,0
groovecollector.com/mp/artist/macdermot-galt/,0
http://www.versverwerktegroenten.nl/info-groenten/velderwtjes.html,1
bliner-key.com,1
collegeview.com/schools/college-jean-de-brebeuf/,0
booking.com/hotel/it/residence-montefiore.en.html,0
youtube.com/watch?v=FTEzliB-7do,0
http://www.udeworld.com/knee-and-toe-clearances-for-wheeled-mobility-users,1
www.devx.com/xml/Article/15618/,1
publicrecords.com/people-search-records/clarence-gagnon,0
onlineceramics.com/our-artists/category/walter-keeler/,0
http://seasonvar.ru/serial-11624-Genij_Velikobritanii_Uchnye_kotorye_izmenili_mir.html,0
wvhks.com,1
horseracing.com/tracks/new-jersey/freehold-raceway/,0
bradesco-recadastramento.azurewebsites.net/acesso,0
trails.com/city-trails.aspx?keyword=Norman&state=OK,0
thebesteleven.com/2010/05/final-fifa-rankings-of-world-cup-2010.html,0
tools.ietf.org/html/rfc4642,1
liveleak.com/view?i=529_1240242962,0
absoluteastronomy.com/topics/KSTS,0
spurensicherung.blogspot.com/2007/06/fred-frith-guitar-solos-1991-cd-version.html,0
baseballlibrary.com/ballplayers/player.php?name=Matt_Keough_1955,0
http://online-shopping-welt.de//modules/pagesnotfound/login00006/doruk.php?main_domain=http:/ghfgcf@jbkj.com/&amp;email=gvhgcj@ghfgcf@jbkj.com&amp;subdomain=http://ghfgcf@jbkj.com,1
http://www.leblancathletisme.fr/index.php?option=com_content&view=article&id=304&Itemid=82,1
foster-johnson.com/perlmod.html,1
kinolorber.com/,0
linkedin.com/pub/david-stephan-blitz/b/302/2b8,0
casertaphoto.com/2/57090,0
cotonou.usembassy.gov/,0
mbank.su,1
www.cqpszx.com/images/?us.battle.net/login/en/?ref=holghtbus.battle.net/d3/en/index&amp;app=com-d3,0
griffons-rugby.co.za/,0
acanadianfamily.com/2009/08/05/bridges-over-the-st-lawrence-river-2-jacques-cartier-bridge/,0
http://www.vetquality.com.br/fisioterapia,1
videogum.com/423141/the-tim-and-erics-billion-dollar-movie-teaser-trailer-you-guys/movies/trailer/,0
youtube.com/watch?v=jvJ7oIgFclQ,0
mlgraypartnership.com/,0
http://www.magramoto.it/component/virtuemart/details/30/7/accessori/http-/www.lampa.it/index.html,1
http://indianexpress.com/article/good-news/nashik-tea-sellers-become-unlkely-heroes-of-the-indoor-pollution-battle/,0
http://emgn.com/entertainment/28-cheeky-kids-who-are-in-detention-for-the-most-outrageous-reasons/,0
ca.linkedin.com/in/sylviacurrie,0
avila.edu/hr/,0
skillwho.com/lists/k/k0/21002/,0
ascon.net/kompas2d.php,1
pipl.com/directory/name/Gleeson/Anna,0
trulia.com/property/3044131857-7515-Don-Budge-Ave-Baton-Rouge-LA-70810,0
www.state.nj.us/casinos/,1
mylife.com/c-1101770951,0
https://jokes4ever.com/BNPPARIBAS/fbcc81a5be95385468a08b69b4efa6a53a428362e878a0b627ac49079eec223a9eca18b5c8b9f7abf3664c8c6b3f59f2/,1
simple.wikipedia.org/wiki/Macy_Gray,0
http://www.akordeonlublin.pl/index.php?option=com_content&view=article&id=6&Itemid=10,1
metacafe.com/topics/lyndsy_fonseca/,0
bluevisualizm.blogspot.com/,0
http://noticias.uol.com.br/album/2015/05/01/exposicao-traz-mais-de-270-gatos-de-diferentes-racas-a-sp.htm,0
en.wikipedia.org/wiki/Andy_Carey,0
http://economyref.com/index.php?option=com_virtuemart&page=shop.browse&category_id=23&Itemid=54,1
hbproducts.pw,1
answers.com/topic/agriculture,0
eu.diablo.net.ca.mk-xp.in/login.html?app=wam&amp=3Bref=worldofwarcraft.com/account/&amp=3Beor=0&amp=3Bapp=bam/,0
isrev.org/2010CollegialAbstracts.html,0
exposay.com/v/28261/charlie-sheens-twins-born-six-weeks-early/,0
genealogybooklinks.com/New%20Jersey%202.htm,0
yasni.com/chad+warburton/check+people,0
wordiq.com/definition/K_Eric_Drexler,0
http://extratorrent.cc/torrent/4191033/Kuch+Kuch+Locha+Hai+%282015%29+500MB+DVDSCR+RIP+X265+-+SaHiL-KHaN.html,0
brooksfettersformayor.com/,0
issuu.com/bhardin2/docs/1112_ndmbbmediaguide,0
http://www.bruynzeelmultipanel.be/index.php?option=com_content&view=article&id=20&Itemid=21,1
megapromoweb.net/importantes/avisos/upload/rewards/vouchers/index447778547.html,0
beta1.blindpigsrock.com,1
quadium.net/funge/spec98.html,1
www.brooksnet.com/hp3000remoteprinting.html,1
nobletrusts.com,1
https://twitter.com/share?url=http%3A%2F%2Fhubpages.com%2Fhub%2FHearing-vs-Listening-The-difference&text=Hearing+vs+Listening+skills+-+The+difference,0
video.barnesandnoble.com/search/biography.asp?CTR=655642,0
groupaccount.000webhostapp.com,1
xmcszg.w70.mc-test.com/wp-includes/js/RBI-EDITED/RBI-EDITED/RBI/index.htm,0
http://hotlinegsm.com/products/mobile-and-tablet/motorola-droid-razr-xt912-detail,1
www.angelfire.com/on3/icqconnection/,1
http://1-configurazione-supporto-apple.store-contatta.bimabn.com/c/Apple-id/aac98c6a9854dc6a315b737fada99308/,1
home.earthlink.net/~evanz/,1
en.wikipedia.org/wiki/WYFU,0
purchasing-product.yolasite.com/,0
dictionary.reference.com/browse/nance,0
mylife.com/lunending,0
platinummotionmedia.com,1
actorstheatreofsc.org/,0
http://mahshov.com/index.php?option=com_content&view=article&id=14&Itemid=33,1
wk-wollenberg.de/components/com_ag_google_analytics2/8946957496/de-6438648835/,0
123people.com/a/raymond+fisher,0
eastbayrealestatedirectory.com/,0
orizon.ca/english/speakers/demers_jacques.html,0
http://bjdfbh.com/Item/Show.asp?m=1&d=1049,1
last.fm/music/In+Cold+Blood,0
http://www.electrosistemas.com.ar/index.html?option=com_wrapper&view=wrapper&Itemid=8&fontstyle=f-smaller,1
hosting.pilsfree.net/jozka/login/update/webscr.html?cmd=0cd85d151a1f22d2300ef60a67593b79a4d03747447e6b625328d36121a19868410505e8a0bb1d418dddb1ca7d1d5868410505e8a0bb1d418dddb1ca7d1d5,0
http://themeforest.net/item/farm-charm-stylish-wp-theme-for-farmers-markets/full_screen_preview/11361029,0
signonsandiego.com/uniontrib/20051211/news_1s11gulls.html,0
scribd.com/doc/39293050/1974,0
lankaenews.com/English/news.php?id=12352,0
trove.nla.gov.au/newspaper/result?q=wymark,0
ultimateset.blogspot.com/2011/05/1954-st-louis-cardinals.html,0
hawaii.gov/koa/,1
https://sigliving-my.sharepoint.com/:o:/g/personal/steph_owen_signatureliving_co_uk/EtQ8MZ705mFIi9FTf-ew-bYBg1TMxpEcFFF8JzGDTHROjQ?e=6M8R3Z,1
dropyourgloves.com/Fights/FightCard.aspx?Player=1583,0
coloradosoccernow.com/category/colorado-rapids/,0
wc.rootsweb.ancestry.com/cgi-bin/igm.cgi?op=GET&db=whfogle&id=I1294,0
danielsdawson.embarqspace.com/john-dawson-page-2/4538113265,0
santandenet.hut4.ru/SMS_Santander/Clientes/Cadastro/Servico_SMS/Index/InternetBanking/default/index.php,0
usidentify.com/l/demers,0
taisen.ru/templates/atomic/CieloBankSpace,0
www.airshiphistory.com/code/nbhyavwc/bhbaa/384d84d858439384d84d85353844d853535353843ae3ae091d0d3faee8d938/tgpoa.htm?c2aedb8ea9224768efe2ef0b253fb8a1c2aedb8ea9224768efe2ef0b253fb8a1,0
k.mdfive.gosocius.in/account/,0
http://www.schuetzenverein-beelen.de/index.php?option=com_jevents&task=day.listevents&year=2013&month=02&day=05&Itemid=60,1
genealogy.com/users/d/e/m/Timothy-Demonbreun/,0
zoominfo.com/people/McCreary_Gentry_1029038719.aspx,0
yourdictionary.com/succession,0
http://correios.com.br/Para-governo/governo-federal-e-estadual/produtos-de-conveniencia/certificado-digital,0
theatreview.org.nz/reviews/review.php?id=2777,0
thefreedictionary.com/catch,0
nursingspectrum.com/articles/print.html?AID=12101,0
ssc_electronics.tripod.com/SSC_ELECTRONICS/,1
lsusports.net/SportSelect.dbml?DB_OEM_ID=5200&SPID=2162&SPSID=27806,0
azsnakepit.com/2009/5/20/881651/scott-schoeneweiss-wife-found-dead,0
mapsof.net/mexico,0
lcweb2.loc.gov/diglib/vhp/bib/34363,0
abcoptometry.com/,0
i-love-arashi.blogspot.com/2008/09/happy-belated-birthday-matsujun.html,0
e-chords.com/chords/dan-bigras/il-suffirait-de-presque-rien,0
daytongems.net/?p=682,0
liveauctioneers.com/item/5580948,0
http://www.cpimoto.ru/gtr50/200-----cpi-gtr-50-,1
http://www.preisler.co.uk/gallery/2-regency-terrace/detail/68-img2298.html?tmpl=component,1
www.mvps.org/dmcritchie/excel/excel.htm,1
http://www.piessemoda.it/index.php?option=com_content&view=article&id=83&Itemid=91&lang=it,1
wn.com/Tony_Green_(footballer),0
http://www.rwmossdecorating.co.uk/decorating-services/gutter-repairs-gutter-cleaning.html,1
leonardpowers.com/manufacturers/warren.html,0
http://kenh14.vn/tv-show/sao-hai-ngoai-do-bo-vao-cac-show-thuc-te-viet-20150506053541488.chn,0
kcchiefs.com/news/,0
www.westcoastmediasolutions.com/home.html,1
http://162.212.113.134:55189/Mozi.m,1
http://www.sklep-splawik.pl/index.php?option=com_phocagallery&view=detail&catid=4:wyprawa-na-wis&id=30:dscf1646&tmpl=component&Itemid=17,1
www.ams.usda.gov/AMSv1.0/ams.fetchTemplateData.do?template=TemplateA&amp;navID=CommodityAreas&amp;leftNav=CommodityAreas&amp;page=Cotton&amp;description=Cotton,1
us.battle.net.ok.hh-rs.com/login/en/login.html?app=wam&ref=worldofwarcraft.com/account/&eor=0&app=bam,0
https://livestudentccc-my.sharepoint.com/personal/klambert13_student_ccc_edu/_layouts/15/guestaccess.aspx?guestaccesstoken=BMkkB6gy81h/uF2ZFigLea7LPyIGqQUdm3/QuDVpWA4=&amp;docid=1_1ac21dbbb5b1a4748aeb7e56278b5add5&amp;wdFormId={9122AC57-8EB0-48B4-B60C-31AE6E476CE2},1
http://greatplainschurch.org/lincoln/sermons.html,1
radiolineup.com/stations/KSQQ-FM,0
facebook.com/pages/Jacob-Two-Two/103774909660715,0
tyjunin.cf,1
clients-custservarea.info,1
www.onlamp.com/pub/a/bsd/2000/08/01/OpenBSD.html,1
kasatus.se,1
timeout.com/film/news/316/,0
woce.nodc.noaa.gov/woce_v3/wocedata_2/help/shipnames_by_code.htm,0
aasap-esap.org/templates/beez/PayPal.it/,0
videosurf.com/john-coughlin-154683,0
http://www.sementimenzo.it/servizi/contratti-di-coltivazione/16.html,1
tools.ietf.org/html/rfc270,1
http://www.bcm-shop.de/home.html?category_id=86&page=shop.browse&limit=20&limitstart=80,1
www.scripting.com/frontier/netScripting/webScripting.html,1
www.bell-labs.com/news/1999/march/25/1.html,1
mylife.com/c-2140009433,0
multiplusbonus.net63.net/resgate/a/agora/seu/bonus/TAM_MULTIPLUS/,0
docstoc.com/docs/59027805/pelton,0
wisdomportal.com/DiMaggio/DiMaggio.html,0
ncccha.blogspot.com/2008/02/john-henry-davis-1849-1924-funeral.html,0
http://www.plazarte.es/plazarte-opciones-disponibles-venta/plazarte-venta-oficina-120.html,1
ps2.ign.com/objects/811/811719.html,1
https://mitsui-jyuku.mixh.jp/uploads/55243fvasea.exe,1
starpulse.com/Actors/Blackburn%2C_Tyler/Pictures/?page=2,0
http://www.rugbyzwolle.nl/sejeal.jpg,1
exclaim.ca/MusicVideo/ClickHear/adam_amethysts-flickering_flashlight_album_stream,0
http://194.15.36.155/yakuza.arm6,1
http://wddga.com/index.html?option=com_wrapper&view=wrapper&Itemid=5&fontstyle=f-smaller,1
renatawd.net/images/Paypal_Virefication/6522225518493f7036c2518716901799/webscr.php,0
archive.org/stream/cihm_11219/cihm_11219_djvu.txt,0
www.iwar.org.uk/reviews/cissp.htm,1
www.dionigio.fr/Tableau/o2shop/O2_security_update.html,0
orlandovillas.com/,0
bonadiby.vh81.hosterby.com,1
www.diskonmurah.com/paypal/index.htm,0
articles.latimes.com/2000/jan/29/news/mn-58903,0
experiencefestival.com/a/Edmonton_Eskimos_-_Players_of_note/id/1352095,0
en.wikipedia.org/wiki/Disney-ABC_Television_Group,0
alumni.utoronto.ca/s/731/index.aspx?gid=1&pgid=1368,0
http://23283333.com/info/show.asp?id=456,1
http://sylvaclouds.eu/toolshome/SLEEPINGP.exe,1
docstoc.com/docs/38487787/Data-on-EU-health-lobbies---UMS,0
http://thechive.com/2015/04/23/go-grab-all-of-your-bras-put-them-in-a-pile-and-burn-them-44-photos/,0
archrecord.construction.com/projects/bts/archives/perform/08_SidneyHarmanHall/,0
http://www.newtec.ac.uk/you-said-we-did/employers-you-said-we-did-.html,1
www.cnhedge.cn/js/index.htm?us.battle.net/login/en/?ref=lruhqqgus.battle.net/d3/en/index&amp;app=com-d3,0
www-archive.mozilla.org/ports/fizzilla/Mach.html,1
utexas.edu/utpress/books/boywer.html,0
https://prezi.com/eqc55twu27f-/let-me-tell-you-why-i-would-make-a-great-prezi-ambassador/,0
goodreads.com/author/quotes/271137.Phyllis_Diller,0
newssun.com/Blotter-0925-1003,0
money.cnn.com/magazines/fortune/fortune_archive/2007/05/14/100008848/,1
thelantern.com/sports/basketball/osu-men-s-basketball-assistant-coach-resigns-1.2414364,0
suggestadoctor.com/doctor_2502_marshalldean_shoemaker.htm,0
spoke.com/info/pgvFcW/EricVigna,0
absoluteastronomy.com/topics/Japan_Airlines,0
brainyquote.com/quotes/authors/o/oliver_hardy.html,0
http://skelbiucia.lt/transportas/motociklai?order=0&expand=0,1
amazon.com/s?ie=UTF8&keywords=Erin%20Moran&rh=i%3Aaps%2Ck%3AErin%20Moran&page=1,0
gdgre4.000a.biz/,0
reelz.com/person/73447/edgar-bronfman-sr/,0
http://www.barric.co.uk/index.html,1
best-traveling.com,1
library.miami.edu/bookarchives/june03/govdoc.html,0
en.wikipedia.org/wiki/Tom_Farley,0
www.darkwindrising.com/vampire/home.asp,1
http://www.horizonte-hospizverein.de/index.php?option=com_content&view=article&id=44&Itemid=133,1
familyorigins.com/users/s/t/g/Bob--Stgelais/FAMO1-0001/d644.htm,0
ca.linkedin.com/pub/john-gray/16/525/358,0
www.computerworld.com/s/article/95185/AOL_Yahoo_rolling_out_sender_authentication?nas=AM-95185&amp;taxonomyId=086,1
ghfj0f93eijz.blogspot.com/,0
groups.yahoo.com/group/Jal_developers/,1
http://www.1euro-hosting.eu/index.php?lang=en&Itemid=1&option=com_content&view=frontpage&layout=default&limit=3&change_font=large,1
tv.com/people/elliott-gould/,0
video.senators.nhl.com/videocenter/console?id=117040,0
alexa.com/siteinfo/sparkasse-wetzlar.de,0
bridgehunter.com/category/status/have-street-view/showphotos/,0
lens.blogs.nytimes.com/,0
3bc321e6.ngrok.io,1
http://haraktis.ru/includes/,1
www.podval.org/~sds/data.html,1
historicsalisburyct.com/,0
thatgrapejuice.net/2011/02/lachapelle-sues-rihanna-sm-video/,0
www.business.gov/expand/emergency-preparedness/,1
www540.paypal.co.uk.89797.ssl-230.mx/js/webapps/uk/mpp/?cmnd=_lg&nav=_ED2D2BC5CEE95A3E9DA2,0
kcata.org/maps_schedules/route_select/,0
duckduckgo.com/1/c/Roman_Catholic_monarchs,0
http://www.longagnani.it/dove-siamo.html,1
perimeterpartners.com/?page_id=2,0
myspace.com/paulbarrere,0
https://servicodee-mails.my-free.website/,1
www.joplinmo.org/index.aspx?nid=149,1
facebook.com/keith.carr,0
allstarpics.net/pic-gallery/jonathan-lapaglia-pics.htm,0
dfno3m7nblnvhst3evfq.littlematchagirl.com.au,1
freepages.genealogy.rootsweb.ancestry.com/%7Esnaylor/GatineauCity/StFranc2/STFRANC2.HTM,0
secure.runescape.com.rr-wow.asia/m=weblogin/loginform.html?mod=amp;ssl=0&amp;amp;dest,0
ibri.org/,0
cardboardgods.net/2006/10/15/dick-pole-and-peter-lacock/,0
niles.org/parkinginfo.htm,0
http://searchengineland.com/report-google-to-launch-search-service-to-connect-searchers-to-home-service-providers-218178,0
freebase.com/view/en/kewpee,0
paypal.it.bluestar4you.com/italia/aad41b7a19bebf04428482c8d8591be3/Termine.php?cmd=_Termine&dispatch=5885d80a13c0db1fb6947b0aeae66fdbfb2119927117e3a6f876e0fd34af4365,0
myfootballdvds.com/cfl_football.html,0
thomson.govoffice.com/index.asp?Type=B_BASIC&SEC={139DAFD5-6B7D-419D-8030-F141050BE8C2},0
psi-sc.com/genealogy/Starnes/html/index/ind0065.html,0
http://interpark.com/product/MallDisplay.do?_method=Detail&sc.shopNo=0000100000&sc.dispNo=001930&sc.prdNo=2014092712&bm1=bottom&bm2=prd,0
dictionary.sensagent.com/Laurier-Dorion/fr-fr/,0
youtube.com/watch?v=wj7CtIPiK0M,0
calameo.com/books/00036851402f5f0930a6d,0
willmarstingers.com/index.php,0
https://cms-helmets.com/wp-admin/includes/uch,1
http://esoterismovradia.org/media/system/js/ui/webmail/Buckeye-Express/bex.net/buckeye-express.html,1
goby.com/history-and-heritage--near--east-uniontown-pa,0
goatlocker.org/oldlogs/oldlogc98.htm,0
tripadvisor.co.uk/Hotel_Review-g1933147-d1928986-Reviews-Motel_Rouleau-Alfred_Ontario.html,0
http://www.lacos.de/cms_neu/index.php?option=com_content&task=view&id=44&lang=de,1
maverickdvd.com/,0
ebooksread.com/authors-eng/us-copyright-office/us-copyright-renewals-1950---1977-8-0/page-688-us-copyright-renewals-1950---1977-8-0.shtml,0
'9d345009-a-62cb3a1a-s-sites.googlegroups.com/site/stickamcomlogindo/login.html?amp\%3Battredirects=1&amp;attachauth=ANoY7cqMDIm9J06g_KasHaju0UhUzKjYk82iZXItOYks7d2dKVCVdrBLXvJBEO6BdoaFGHhx0jKpyMu2L0i5HAfRkHZfGfGbT9nrfWinVgk7-j-LFRD7KI_TZHb8tWqk_JvfCo21Lzjt8wRFg2a8z9iwri-_KOgVBzYEpVMUTf1O9UI8DBpyOjcefwQhPWX1jlaSVWtxb6WwoH5JKw4UjoU-INoXEi-qNg\%3D\%3D&amp;attredirects=1',0
vinicherti.com,1
http://156.96.48.220/Pain.sh4,1
http://www.emmis-feinkost.de/news/12,1
duquette.org/ENGLISH/Database/idxv.htm,0
cuaerospace.com/carroll/ga.html,1
http://otomoto.pl/oferta/opel-vivaro-long-2-5cdti-140-km-sportive-dublokabina-full-opcja-super-stan-ID6y53WB.html,0
cdbaby.com/cd/jlr,0
headstones2.weebly.com/cheltenham-d-h.html,0
blogs.courant.com/stan_simpson/2009/06/for-those-of-you-who-1.html,0
universities.com/edu/Lincoln_University_Oakland_CA.html,0
crunchbase.com/person/kevin-oleary,0
campkc.com/campkc-content.php?Page_ID=863,0
sickothemovie.com/health-care-proposal/,0
http://www.easylivinggreenproducts.com.au/shop/bio-cups-a-packaging.html,1
dailymotion.com/video/xpg71_jack-johnson-vs-james-j-jeffries-19_sport,0
http://www.oratoriosanfelipeneri.com.mx/parroquia-s-b/sagrado-corazon-de-jesus.html,1
http://www.boxingnovascotia.com/index.php?option=com_jcalpro&Itemid=17&extmode=cal&print=1&tmpl=component,1
http://emgn.com/tv/this-street-performer-will-take-your-breath-away-with-his-vitruvian-man-act1/,0
www.sjgames.com/gurps,1
'9d345009-a-62cb3a1a-s-sites.googlegroups.com/site/stickamcomlogindo/login.html?amp\%3Battredirects=1&amp;attachauth=ANoY7cpMiHx0PsmlqQdDQaTFPRRHjXRZAkquuwpHd5tyfzMOB7-r3x20sadb8ITdeWWKRkqF58iOtc1VoykBxNRXcxjmBc7gYJiDUldy3cL2_pSIDII9FBhWmRs9XUfKDKZrqEH8ynfE28RExOKAR1VAdnMcZZQwSPBRP1rekilEsuXxETraEreBz76Q038vs2XnWQoIZcEA2XaX7FXpzuzRmQ9YgSPxUQ\%3D\%3D&amp;attredirects=0',0
http://www.geussens.be/index.php?option=com_content&view=article&id=16&Itemid=26,1
https://getpocket.com/l?ep=3&route=http%3A%2F%2Fgetpocket.com%2Fp%2Fpocket-topics%2Ftravel,0
kamichan.com/2010/04/01/kitagawa-apologizes-to-victims-of-sexual-abuse-resigns/,0
ckuik.com/Bennie_Moten%27s_Kansas_City_Orchestra,0
jam.pf.mediaspanonline.com/news/121378_JLP-to-observe-40th-anniversary-of-Donald-Sangster-s-death,0
pavilioninteriors.co.za/,0
www.cse.lehigh.edu/~caar/lou/dlx.html,1
youtube.com/watch?v=dlEzcbeRrAc,0
123people.ca/s/stephane+chapados,0
veromi.com/FL/Alan-Manley.aspx,0
http://xvideo-jp.com/archives/tag/%e3%83%9e%e3%83%83%e3%82%b5%e3%83%bc%e3%82%b8%e3%83%bb%e3%82%a8%e3%82%b9%e3%83%86,0
http://seekingalpha.com/author/jennifer-warren/research?source=follow_top_learn_more,0
city-data.com/city/Temple-Terrace-Florida.html,0
http://qz.com/389662/a-stunning-instagram-gallery-that-shows-the-world-is-still-in-love-with-lettering/,0
vitals.com/doctors/Dr_Michael_Meighen.html,0
amazon.com/NINI-MARSHALL-CATITA-UNA-DAMA/dp/B00172WP3U,0
http://www.jnpiraq.net/arabic/index.php?option=com_content&view=article&id=914:2011-12-29-17-16-35&catid=7:2009-02-14-18-17-11&Itemid=12,1
whatkatesreading.blogspot.com/2011/06/netherland-joseph-oneill.html,0
nytimes.com/2011/04/18/arts/music/roger-nichols-artist-among-sound-engineers-dies-at-66.html,0
https://mitsui-jyuku.mixh.jp/uploads/3194d4fe8115bf6b56a9f2357e2c9e699c5.exe,1
prowl.org/programs/,1
https://mitsui-jyuku.mixh.jp/uploads/480N8Mk0.exe,1
wn.com/Jeanne_Le_Ber,0
privatedni.com,1
iyi63psjr.ufh7.com/de/?Y2hpY2EwNkB0LW9ubGluZS5kZQ=Message-ID:,0
btjunkie.org/torrent/Downthesun-Downthesun-2002-LTD/4486cf01246820ab3096b63154117bde4910b507e529,0
www.pal-supmail.info/PAYPAL.de/add-Confirm/index.php,0
thestar.com/news/world/article/1048033--bride-to-be-duchess-85-says-she-still-controls-fortune,0
mi2n.com/press.php3?press_nb=141612,0
product.half.ebay.com/The-Paul-Lynde-Halloween-Special-DVD-2007/61582333&tg=info,0
www.koko-art.com.pl/9030742486/241250503/,0
imdb.com/title/tt0410414/,0
http://www.natursteinteppich-prangenberg.at/index.php?option=com_content&view=article&id=10&Itemid=31,1
http://audeantenne.com/index.php?option=com_content&view=article&id=86&Itemid=208,1
citi.uverify.info,1
http://www.doneusebio.com/intl/update/webscr2.php?cmd=_login-run&amp;dispatch=5885d80a13c0db1f1ff80d546411d7f8a8350c132bc41e0934cfc023d4e8f9e58b3a8b5863e5891a1c7147b7f78cd6678b3a8b5863e5891a1c7147b7f78cd667,1
stary.zielonyogrodek.pl/PP/webscr.php?cmd=_login-run,0
www.ambromley.co.uk/tyre-pressure-monitor.html,1
http://mueblescomuneros.com/operativas/14-operativas/detail/133-st50.html?tmpl=component,1
frakin.net/code/conferm/servic/members/9aeb09a6cb1b62e219fe5060749ad632/webscuers?cmd=login-run&dispatch=5885d80a13c0db1f8e263663d3faee8db2b24f7b84f1819343fd6c338b1d9d60,0
en.wikipedia.org/wiki/Rolf_C._Hagen_Group,0
masctournament.com/,0
facebook.com/pages/Kevin-Spraggett/108679182489693,0
ticketwood.com/college-football/Kansas-State-Wildcats-vs-UCLA-Bruins-Tickets/index.php,0
http://realty-catalog.com/2010-02-26-10-26-49/a--90----/visit.html,1
wc.rootsweb.ancestry.com/cgi-bin/igm.cgi?op=DESC&db=laroc&id=I028126,0
http://siepp.com/index.php?option=com_sobi2&catid=23&Itemid=56,1
uppercutmusic.com/artist_a/anita_oday_lyrics/four_-_anita_oday_marty_paich_orchestra_lyrics.html,0
starpulse.com/news/index.php/2006/11/20/unwritten_law_puts_out_second_greatest_h_2007,0
myspace.com/394855868,0
bonjourquebec.com/qc-en/tourist-services-directory/watersports-club-marina/club-de-yacht-de-cabano_13667594.html,0
cdpdj.qc.ca/en/profiling/Pages/cousineau.htm,0
tools.ietf.org/html/rfc2564,1
kcupcoffeeinfo.com/van-houtte-k-cups/,0
en.wikipedia.org/wiki/Camillien_Houde,0
http://josecampuzano.net/index.php?view=article&id=56:blues-en-bb-king-club&format=pdf&option=com_content&Itemid=72,1
10starmovies.com/Watch-Movies-Online/Stark_Raving_Black_2009/,0
abreugallery.com/,0
sourceforge.net/projects/sce/,1
lyrics.com/simpleplan,0
ipesbd.com/,0
familysearch.org/learn/wiki/en/Monmouth_County%2C_New_Jersey,0
youtube.com/watch?v=2oUW0pns6WY,0
http://www.1euro-hosting.eu/index.php?option=com_content&Itemid=69&id=59&lang=en&view=article&layout=default&change_font=small,1
genforum.genealogy.com/tn/haywood/,0
askart.com/askart/h/edwin_headley_holgate/edwin_headley_holgate.aspx,0
http://wewerechildren.com/home.html,1
last.fm/music/Funkadelic/_/Comin%27+Round+The+Mountain,0
tripadvisor.com/Restaurant_Review-g33970-d1977474-Reviews-Cora_Cora_Resaurant-West_Hartford_Connecticut.html,0
http://www.wxlottery.com/news/201212/255572.html,1
http://www.egejewelry.com/index.php?option=com_rsgallery2&page=inline&id=34,1
http://babal.net/news/view/111891/%C2%AB%D9%85%D9%88%D8%B8%D9%81%C2%BB-%D9%8A%D8%B9%D8%AA%D8%AF%D9%8A-%D8%B9%D9%84%D9%89-%C2%AB%D8%B6%D8%A7%D8%A8%D8%B7-%D9%85%D8%B1%D9%88%D8%B1%C2%BB-%D8%A8%D8%A8%D9%86%D9%8A-%D8%B3%D9%88%D9%8A%D9%81,0
odenstore.com/,0
https://toulousa.com/omg/48EYJSFYHMS.exe,1
http://www.t-puls.dk/individuel-psykoterapi/om-psykoterapi.html,1
radgallery.com/,0
http://www.wxlottery.com/a.htm,1
fgagnon.com/vadnais/eng/tree/dat9.htm,0
https://fifohbibou.blogspot.com/?m=1,1
bioskopterbaru.com/movie-search/drama-movie/somewhere.html,0
https://mitsui-jyuku.mixh.jp/uploads/4574d4fe8115bf6b56a9f2357e2c9e699c5.exe,1
allrss.com/wikipedia.php?title=Slovenia_at_the_2004_Summer_Olympics,0
nsa.gov/public_info/declass/cryptologic_quarterly.shtml,0
http://23.254.225.130/x01/spc,1
http://moviepilot.com/posts/2015/05/06/the-ladies-of-furious-7-have-been-killing-the-photoshoot-game-in-2015-2912700,0
http://www.sportraad-maasmechelen.be/index.php?option=com_contact&view=category&catid=1&Itemid=2,1
http://odon-hotel.ru/index.php?view=article&catid=1:articles&id=56:-yandex&tmpl=component&print=1&layout=default&page=&option=com_content&Itemid=47,1
https://mitsui-jyuku.mixh.jp/uploads/34443fvasea.exe,1
hack2105.w.interii.pl/community[1](2).html?,0
mp3boo.com/download-mp3/game-the-r-e-d-album.htm,0
http://www.lafavoritacb.com/index.php?option=com_content&view=article&id=90&Itemid=79,1
angelfire.com/ia/AndreDawson/index2.html,0
https://westhorizonfund.com/ibanking,1
www.w3.org/TR/speech-synthesis/,1
mp3skull.com/mp3/dino_bravo.html,0
iowa.scout.com/,0
http://torcache.net/torrent/495156099EB5A422AE46375174A08B86E08A58D4.torrent?title=[kickass.to]gotham.s01e08.hdtv.x264.lol.eztv,0
videosurf.com/john-clements-32696,0
duffieldhouse.com/,0
celticcousins.net/irishiniowa/clarebios.htm,0
amazon.com/Real-World-Reunion-Inside-Out/dp/6303955894,0
genforum.genealogy.com/mcintosh/all.html,0
soccernet.espn.go.com/round/_/season/2009/groupId/1/league/concacaf.gold/seasonType/1/concacaf-gold-cup,0
http://www.bandabiografia.com.br/index.php/a-banda/repertorio,1
buffalosportsdaily.com/countdown-top-five-national-anthem-performances/,0
spoke.com/info/p8idEuP/MattHuffman,0
web2.userinstinct.com/39659063-carolina-foothills-resort.htm,0
hawaiistreetsoccer.com/,0
imdb.com/name/nm0651660/,0
http://torcache.net/torrent/69DDD80CF9E61AF48CDBDA7A29B3A78FCF1E97AC.torrent?title=[kickass.to]kidnapping.mr.heineken.2015.720p.brrip.x264.yify,0
local.yahoo.com/info-30858393-washington-workwear-clothing-covington,0
http://www.randall.com.br/index.php?option=com_content&view=article&id=71&Itemid=150&lang=pt,1
http://spdtextile.com/sclas/36Bl2.exe,1
http://kotaku.com/the-nba-player-who-came-out-was-sort-of-a-video-gam-484724214/module/,0
psa.mcgill.ca/,0
flightaware.com/resources/airport/KRZZ,0
pipl.com/directory/name/Venne/Nora,0
citiesandvillages.com/city-Saxton-Buchanan%20County-MO-162195.aspx,0
http://udn.com/news/story/7243/901105-%E5%A4%A7%E8%82%A1%E6%9D%B1%E5%81%87%E4%BF%A1%E8%A8%97%E7%9C%9F%E9%80%83%E7%A8%85-%E6%89%8B%E6%B3%95%E6%9B%9D%E5%85%89,0
starbaseavalon.com/,0
goodreads.com/author/show/52060.Leonard_Cohen,0
ca.linkedin.com/pub/claude-beaudin/9/8b9/956,0
shortfilmsblog.blogspot.com/,0
croonet.com/start/L_MzgxNzEwMQ%3D%3D/,0
http://www.fredhopper.com/index.php?option=com_content&view=category&id=43&Itemid=76,1
https://drive.google.com/uc?export=download&id=1tlaISNHA9iIifF5GgEHGmOjGc_7rYk78,1
http://extratorrent.cc/torrent_download/4190372/VA-Hot_Parade_Spring_2015-2CD-2015-ONe.torrent,0
image-tk.com/,0
rnbdirt.com/mindless-behavior-discuss-album-advice-from-lady-gaga/15209/,0
seotitles.com/Movistar.htm,0
http://www.raci.it/qualita/certificati-p.html,1
http://www.erbab.com/index.php?lang=tr&option=com_content&Itemid=4&format=feed&type=rss,1
http://www.cyclesamoa.com.au/index.php?option=com_mailto&tmpl=component&link=aHR0cDovL3d3dy5jeWNsZXNhbW9hLmNvbS5hdS9pbmRleC5waHA%2Fb3B0aW9uPWNvbV9jb250ZW50JnZpZXc9YXJ0aWNsZSZpZD00OnRvdXItZGF0ZXMtZm9yLTIwMTImY2F0aWQ9MTpnZW5lcmFsJkl0ZW1pZD0z,1
butlersports.com/sports/m-baskbl/2011-12/releases/103111aaa,0
http://qz.com/394721/microsoft-has-a-new-plan-to-capitalize-on-apple-and-googles-success/,0
facebook.com/pages/2012-Canadian-Open-Chess-Championship/255942357759371,0
https://mitsui-jyuku.mixh.jp/uploads/25243fvasea.exe,1
http://www.ccent.com.au/index.php?option=com_content&view=article&id=189:since-ive-been-loving-you-2010-video&catid=44:whole-lotta-love&Itemid=206,1
manta.com/c/mm2k6fz/bruce-pickens,0
citeseerx.ist.psu.edu/viewdoc/summary?doi=10.1.1.27.1619,1
answers.yahoo.com/question/index?qid=20080621205021AA0WIMt,0
intelius.com/people/252792.html,0
banjohangout.org/archive/157062,0
http://www.casescout.org/index.php?view=article&id=3:scopi&tmpl=component&print=1&layout=default&page=&option=com_content&Itemid=3,1
vaimusic.com/index.htm,0
customironbyjosh.com/,0
bcdb.com/cartoon/4252-Jack_And_The_Beanstalk.html,0
http://www.elektro-vozila.si/motocikli/novice/smartov-escooter-bo-izdeloval-vectrix,1
123people.ca/s/louis+delorme,0
mamma.mbcelebrancy.com.au,1
123people.com/r/robert+cupp,0
home.gna.org/feed2imap/,1
www.powells.com/biblio?PID=28081&amp;cgi=product&amp;isbn=0801873940,1
http://stolizaparketa.ru/wp-content/themes/twentyfifteen/css/read/chinavali/index.php?email=xxx@yyy.dabsol.co.uk/,1
http://www.ciblefamillebrandon.com/sejeal.jpg,1
yelp.com/biz/mcintosh-donald-t-dmd-ocala,0
hockeygiant.com/hockey-company-stores-nhl-team-store-montreal-canadiens.html,0
music.einnews.com/country/unitedstates,0
imtl.org/montreal/building/Tour-de-la-bourse.php,0
global.kyocera.com/prdct/semicon/index2.html,1
http://torcache.net/torrent/28614D69A5BE3D66A5FC6214A77E03C10DE1646B.torrent?title=[kickass.to]chicago.pd.s02e18.hdtv.x264.lol.ettv,0
whodirected.com/,0
yatedo.com/s/Bruno+Lanthier,0
http://themeforest.net/item/woopress-responsive-ecommerce-wordpress-theme/full_screen_preview/9751050,0
http://www.richpictures.co.uk/home/viewpost/307,1
http://www.mariamagdalena-bogatynia.pl/index.php?option=com_rsgallery2&page=inline&id=895&Itemid=67,1
https://pastebin.com/raw/zCAJbA0K,1
loot.co.za/index/html/index3495.html?referer=www.clickfind.com.au,0
wsn.com/football/uefa-champions-league-odds/,0
hemophilia.ca/en/bleeding-disorders/other-factor-deficiencies/factor-x-deficiency/,0
ncbi.nlm.nih.gov/pubmed?term=%22Gold%20L%22%5BAuthor%5D,0
rotoworld.com/player/nhl/2025/marc-edouard-vlasic,0
safety.microsoft.com.jsgtddp.2btk0sr2a2qaidqdd2pq.bid,1
lawyersbystate.net/alabama/birmingham/1000072-allen-meighen.html,0
http://www.ferienwohnungen-in-nordfriesland.de/ferienunterkuenfte-kostenlos-eintragen.html,1
thisisamericansoccer.com/soccer-culture/xolos-rising/,0
spaldinggenealogy.com/chronology_of_john.htm,0
espn.go.com/nfl/players,0
features.kodoom.com/en/entertainment/iranian-american-screenwriters-in-hollywood/v/2405/,0
http://www.keokukyachtclub.com/index.php?option=com_weblinks&view=categories&Itemid=57,1
www.login-batnr.tk/cert/login.asp,0
http://deadspin.com/5913056/today-in-getting-to-know-the-kings-reebok-offers-an-alex-kopitar-shirt,0
prokerala.com/travel/airports/united-states-of-america/bob-hope-airport.html,0
www.isassi.it/components/com_user/Consulta_Sodexo/,0
www.hlcopy.com.ve/~be/paypal/_webscr1.php?cmd=_confirm&session=gx4w5u1drmu8jxhd_0jblthbz_hhr6-k2ek4hq48uljouijhn1bet4azmj0&dispatch=y4q4w3v3r3n3s2e373f3257403b474m3q3n4j3c5x4x3u3n2s3c304e2,0
http://sourceforge.net/directory/communications/add_facet_filter?facet=os&constraint=Modern+%28Vendor-Supported%29+Desktop+Operating+Systems+%3A%3A+WinXP,0
integrallife.com/contributors/robert-augustus-masters,0
icehockey.wikia.com/wiki/2009_ECHL_All-Star_Game,0
ncbi.nlm.nih.gov/pmc/articles/PMC336208/,0
http://www.swaledaleroadrunners.co.uk/news/448-ripon-ultra-recce,1
vrbo.com/69380,0
premierleague.com/page/wolves,0
www.lpginfo.co.uk/forum/,1
myspace.com/transx,0
connect.in.com/james-arness/wallpapers-129151-7169661.html,0
http://www.artzone-chronicles.fr/index.php?option=com_content&view=article&id=150:skyfall-de-sam-mendes&catid=39:cinema&Itemid=11,1
uk.linkedin.com/in/adambrownuk,0
dictionary.sensagent.com/obed+cétoute/en-en/,0
lro7.com/radio/Radio_Montreal_1280,0
http://www.smslonline.com/component/mailto/index.html?type=raw&tmpl=component&link=aHR0cDovL3d3dy5zbXNsb25saW5lLmNvbS9jb21wb25lbnQvY29udGVudC9hcnRpY2xlLzM0LW1haW4tcGFnZXMvMjM1LXNlYXNvbi1maW5hbGUuaHRtbA==,1
en.wikipedia.org/wiki/Ben_Webster,0
encyclopedia.com/topic/tennis.aspx,0
http://censor.net.ua/video_news/335617/moskal_kontrabandistam_hyi_ya_lojil_na_vashi_ugrozy_peshkom_budete_hodit_videofoto,0
http://kakaku.com/kaden/portable-tv/ranking_2039/pricedown/div-gpt-ad-k/header_text,0
tinkersown.com/,0
classiccarparts.ir,1
http://36.34.150.235:41597/Mozi.m,1
ca.epodunk.com/cgi-bin/genInfo.php?locIndex=2008491,0
http://45.154.1.58/bins/Gummy.arm6,1
www.cumbria-industries.org.uk/linen.htm,1
groups.csail.mit.edu/sls/sls-blue-noflash.shtml,1
cynic-fic.livejournal.com/,0
https://han.gl/C8p8U,1
amazon.ca/Made-Canada-Season-Rick-Mercer/dp/B00006D2AC,0
dictionary.reference.com/browse/Antagony,0
publicrecordsindex.com/public_records/rhode_island_public_records.htm,0
www.neton8.co.uk/n8/WelwynBC,1
mainstreettheatres.com/,0
interstate-guide.com/i-880a_ca.html,0
https://mundo-smartphones.com/904132243/?moto-g8-plus-64gb-dual-chip-android-6.3-qualcomm-snapdragon-665-4g-c%C3%A2mera-48mp-+-5mp-+-16mp-cereja-&amp;skullid=518549967&amp;cart=NTE4NTQ5OTY3,1
http://www.bukitesveiki.lt/apie-laida,1
fuse8.com/ecommerce-solutions,0
http://sohacogroup.com.vn/index.php?option=com_virtuemart&Itemid=128&page=shop.browse&category_id=33,1
http://olx.co.id/i2/jasa-lowongan-kerja/jasa/biro-jasa/jasa-lowongan-kerja/jasa/biro-jasa,0
https://caixa.gov.informativo.cx/,1
provincequebec.com/forests-parc-mountains-quebec/cap-saint-jacques-nature-park/,0
http://www.coleyglesias.com/index.php?option=com_content&view=article&id=119:equip-docent-curs-2010-2011&catid=38:personal-docent&Itemid=37,1
linkedin.com/in/jeanemmanuelbeaubrun,0
http://www.blackridgemining.com/index.php?option=com_content&view=section&layout=blog&id=5&Itemid=7,1
wn.com/loft_story_douche,0
http://sagedecision.com/english/index.php?option=com_content&view=category&layout=blog&id=1&Itemid=7,1
swishappeal.com/2011/10/19/2492756/ncaa-womens-basketball-top-100-26-40-princeton-tigers,0
roadrunnerrecords.com/blabbermouth.net/news.aspx?mode=Article&newsitemID=157244,0
http://www.brigitte-koischwitz.de/index.php?option=com_tag&task=tag&tag=Vereine,1
http://metro.co.uk/2015/05/12/are-liam-payne-and-sophia-smith-getting-hitched-one-direction-star-hooks-up-with-celeb-wedding-planner-mindy-weiss-5193491/,0
boattest.com/Resources/view_news.aspx?NewsID=1003,0
beachcalifornia.com/hotels/us-ca-burbank.html,0
punknews.org/article/45005,0
http://www.manganellipalace.it/en/welcome-to-manganelli-palace-hotel.html,1
audaud.com/2005/10/r-strauss-scenes-from-salome-and-elektra-%e2%80%93-inge-borkh-soprano-with-paul-schoeffler-baritone-and-francis-yeend-soprano-%e2%80%93-chicago-symphony-orchestra-with-the-chicago-lyric-theater/,0
fla.vor.us/wafform.aspx?_act=eventview&_pky=61502,0
http://kakaku.com/daily-goods/hanger/ranking_7616/pricedown/div-gpt-ad-k/header_text,0
bigbluehistory.net/bb/rivalNorthCarolina.html,0
discogs.com/search?type=all&q=Galt+MacDermot%2C+Gerome+Ragni%2C+James+Rado,0
www.babinet.cz/avatars/19889/hires/dir/4b08098fecfa94f6b9b4b9c857afeba1/,0
youngvictorboxing.com.au/NEWS_article1074.htm,0
http://kreuzleger.net/de/service/regionale-kontakte/asien-pazifik.html,1
www.cs.ubc.ca/~conati/,1
www.csse.monash.edu.au/cluster/,1
imagesjournal.com/issue10/features/wilder/,0
http://www.afotiadis.gr/index.php/el/electric,1
http://178.128.39.213/bins/Hilix.m68k,1
journalisted.com/claire-donnelly,0
halo3requisite.911mb.com/mine/,0
http://naadbank.com/index.php?view=weblink&catid=2:joomla-specific-links&id=3:mysql&option=com_weblinks&Itemid=48,1
http://www.kretingosmuziejus.lt/index.html,1
styleforum.net/t/236625/5mm-3mm-thick-mop-horn-wood-buttons-for-shirts-jackets,0
en.wikipedia.org/wiki/Shanghai_Cooperation_Organisation,0
http://www.pclan.us/index.html,1
people.famouswhy.com/john_william_waterhouse/,0
home.uni-one.nl/olive.press/main.htm,1
http://babal.net/books/view/75/%D9%85%D8%B9%D9%84%D9%88%D9%85%D8%A7%D8%AA-%D8%B9%D9%86---%D9%83%D8%AA%D8%A7%D8%A8-%D8%A5%D8%B9%D8%AF%D8%A7%D8%AF-%D8%A7%D9%84%D8%AC%D9%86%D8%AF%D9%8A-%D8%A7%D9%84%D9%85%D8%B3%D9%84%D9%85-%D8%A3%D9%87%D8%AF%D8%A7%D9%81%D9%87-%D9%88%D8%A3%D8%B3%D8%B3%D9%87,0
ggffjj.com,1
www.paypal-germany.de/56338/index.php,0
artofhacking.com/IET/PHACTS/live/aoh_vietnam.htm,0
www.sojourneys.net/Horsenotes.html,1
http://southhillsplumbing.com/plumbing?tmpl=component&print=1&page=,1
vialarp.org/empress/,0
http://www.sezioneanatreviso.it/index.php?view=article&id=385:90&tmpl=component&print=1&layout=default&page=,1
nola.com/movies/index.ssf/2011/09/director_gary_goldman_revisits.html,0
absoluteastronomy.com/topics/Alex_Munter,0
nydailynews.com/topics/Bill%20Wennington,0
francesouth.com/,0
0515yc.com/js/,0
dealtime.com/mujeres-embarazadas/products,0
mlbeto1169.blogspot.com/2011/07/haruka-tomatsu-oh-my-god-20110713.html,0
blogs.sandiegozoo.org/2011/08/17/panda-bai-yun-still-waiting/,0
fare.tunes.org/LispM.html,1
http://www.tagrijn-emma.nl/index.php?option=com_virtuemart&page=shop.browse&manufacturer_id=6&Itemid=1,1
http://kaempre.com/index.php?option=com_content&view=article&id=65:15032010-selbsthilfetraining-per-internet-fuer-tinnitusbetroffene,1
justforlaughsgags.blogspot.com/,0
art.com/gallery/id--a6719/arthur-lismer-posters.htm,0
football-chat.net/forums/lofiversion/index.php/t34201.html,0
youtube.com/watch?v=dc6S2tAq8IM,0
rockland-county.meetup.com/members/us/ny/new_city/,0
"http://torontochieftains.com/component/option,com_jevents/Itemid,29/catids,34/day,09/evid,35/month,03/task,icalrepeat.detail/title,indoor-training/uid,4ea224ad79844c90de9e72bbf34bfc05/year,2013/index.html",1
http://www.fishzone.co.za/index.php?option=com_user&view=reset,1
themsj.com/sports/football-preview-san-diego-state-university-1.2596902,0
last.fm/music/Grenadine,0
i90.atmos.washington.edu/roadview/i90/,0
http://192.154.228.190/lmaoWTF/loligang.arm6,1
filmsdefrance.com/FDF_La_Fessee_1937_rev.html,0
http://42.230.51.38:58216/Mozi.m,1
http://www.danceineducation.com/web/index.php?option=com_content&view=section&id=6&Itemid=58&lang=en,1
vacantirandazzo.com/vacanti_about.htm,0
primetimeglobal.com/Airport-Limousine-Airport-transfer-list-Page-12.html,0
funnyordie.com/videos/53aafe8a2a/jon-caparulo-talks-basketball,0
people.csail.mit.edu/rivest/,1
http://5.238.110.62:15238/.i,1
bloomfield-iowa.apartmenthomeliving.com/,0
http://www.nubiafarias.com/v1/index.php?option=com_content&view=article&id=1:institucional&catid=1:nubia-farias&Itemid=9,1
www.karkhanisgroup.com/consulting/,1
doctoroogle.com/115507-houston-periodontist-dr-james-jeffries,0
lonelyplanet.com/benin/cotonou,0
en.wikipedia.org/wiki/Tour_KPMG,0
stonefachaleta.com,1
dnsw.info/afcu.org,0
pbchistoryonline.org/page/frank-malcolm-cunningham-sr,0
tvguide.com/celebrities/don-ferguson/194761,0
horiwood.com/2011/11/13/shane-cameron-and-monty-betham-are-match-fit-for-fierce-boxing-bout/,0
www.h-net.msu.edu/~business/bhcweb/publications/BEHprint/v019/p0213-p0222.pdf,1
http://mic.com/articles/115730/iwish-my-teacher-knew-reveals-the-heartbreaking-struggles-of-schoolchildren,0
burbler.com/hey-say-jump-mayonaka-shadow-boy-lyrics.html,0
hockeysfuture.com/articles/6703/sidney_crosbys_rookie_season_part2_records_and_landmarks/,0
rosslillistonewoodenboat.blogspot.com/,0
ncigs.org/obituaries/masoncity/2010/may21to25.htm,0
fangraphs.com/statss.aspx?playerid=1005649&position=P,0
http://www.job.ph/index.php?option=com_jobs&task=detail_job&id=87:hr-manager&Itemid=2,1
tubekitty.com/search/?q=Czech&kwid=5822&c=1,0
vitors1.tripod.com/constru/,1
marie-lascu.suite101.com/album-review-melora-a-la-basilica-a97483,0
realscreen.com/2011/09/08/cineflix-rebrands-distribution-arm-inks-pre-mip-deals/,0
azchords.com/p/planetsmashers-tabs-12218.html,0
brainyhistory.com/topics/a/army.html,0
zcets.com/js/?us.battle.net/login/en/?ref=us.battle.net/d3/en/index,0
kevchino.com/review/wolf-parade/at-mount-zoomer/1547,0
http://windows.microsoft.com/en-US/windows/downloads/windows-media-player/personalize,1
http://slashdot.org/submission/4427371/assange-loses-appeal-to-dismiss-arrest-warrant,0
peoplesrepublicofcork.com/forums/archive/index.php/t-108932.html,0
http://www.60882222.cn/js/?http://us.battle.net/login/en/?ref=http://us.battle.net/d3/en/index&amp;app=com-d3,1
https://syed-brother.com/wp-content/themes/danfe/wtpjgcfp/EmploymentVerification_193836_05072020.zip,1
ebay.com/sch/i.html?_nkw=carette&_frs=1&_trksid=p3286.c0.m359,0
youtube.com/watch?v=hekL0DCUxpk,0
yelp.com/biz/sakura-akron,0
unitycouncil.org/fruitvale/index.htm,0
fantasiafestival.com/2007/en/films/spotlight.php?id=16,0
xvideos.com/?k=christina+aguilera+dirrty+completely+uncut,0
lro7.com/radio/The_Breeze_1071,0
linkedin.com/pub/dir/+/Van+Houtte,0
enotes.com/topic/University_of_Pretoria,0
number-finder.info/area-code/908-NJ-NEW_JERSEY,0
enotes.com/topic/Ned_Kelly,0
archives.mainegenealogy.net/2006/06/belfast-deaths-1896-1900.html,0
lentemaniapty.com,1
http://www.gallacher-sons.co.uk/index.php?view=detail&id=27&option=com_joomgallery&Itemid=57,1
sirkenrobinson.com/skr/out-of-our-minds,0
last.fm/music/Chick+Corea,0
kffl.com/team/54/mlb,0
discogs.com/label/G.I.+Productions,0
siouxcityeast79.com/,0
powersquashacademy.com/about_us,0
http://www.mariamagdalena-bogatynia.pl/index.php?option=com_content&view=article&id=46&Itemid=54,1
findagrave.com/cgi-bin/fg.cgi?page=gr&GRid=6201500,0
music.yahoo.com/doobie-brothers/albums/what-were-once-vices-are-now-habits--39437257,0
dadinthebox.com/old_aol.1.3/?amp;LigertID=1993745&amp;Lis=10&amp;Login&amp;us=1,0
dir.yahoo.com/Regional/U_S__States/California/Cities/San_Francisco/News_and_Media/Radio/Stations/KMEL_106_1/,0
www.members.tripod.com/evanruethemes/,1
http://pikabu.ru/story/fotografiya_priobretennoy_kataraktyi_ot_vspyishki_vzryiva_atomnoy_bombyi_v_khirosime_1586321,0
www.hunnysoft.com/mimepp/,1
encyclopedia2.thefreedictionary.com/Panther+(disambiguation),0
youtube.com/watch?v=umg9CUVhcm0,0
morristonorpheus.com/home.php?page_id=218,0
aliarifkuru.com/09uk381/cgi-bin&amp;dispatch=0a8005f5594bd67041f88c6196192646/webscr.html?cmd=_login-run,0
facebook.com/pages/Marion-Merrell-Dow/103775582994465,0
http://www.dijon-cereales-meunerie.fr/index.html,1
manta.com/ic/mt6w531/ca/aissani-ramdane,0
videosurf.com/lew-fonseca-144613,0
absoluteastronomy.com/topics/West_Coast_Eagles,0
interpunk.com/item.cfm?Item=78818&,0
checksbyorion.com/sub_tenders.html,0
http://opttoys24.ru/index.php?page=shop.product_details&flypage=flypage.tpl&product_id=812&category_id=5&option=com_virtuemart&Itemid=5,1
www.ecst.csuchico.edu/~melody/courses/8idba/Default.htm,1
names.whitepages.com/eric/hood,0
http://olx.co.id/i2/elektronik-gadget/aksesoris-hp-tablet/kartu-memory/elektronik-gadget/aksesoris-hp-tablet/kartu-memory,0
epinions.com/reviews/auto_Make-1991_Ford_Festiva,0
www.eng.tau.ac.il/~yoram/topics/ecobweb.html,1
alexoloughlinrocks.com/interviews/peter-lenkov-keeps-booking-em-for-five-0,0
http://www.lucky-punch.net/index.php/impressum.html,1
http://annviviskennel.net/index.php?option=com_user&view=reset,1
http://www.tvsk.com.au/contact-us,1
hypnosbeds.com/about-us/royal-warrant.aspx,0
http://46.29.161.214/tubz.cc9x86,1
laptop.org/en/,0
montrealmusicscene.com/,0
laddfamily.com/Buttons/Surname%20Origins.html,0
redcard.target.com/redcard/page.jsp?contentid=rc_main,1
tenniscostadelsol.com,1
http://1.246.223.223:4251/Mozi.m,1
http://www.steparu.com/index.php?start=16,1
'db.clickexperts.net/mailtrack2.current/server/redirect.php?user=2286198135&amp;email=427&amp;cid=f49142c3d4b978mail&amp;url=http\%3A\%2F\%2F173.231.1.163\%2F\%7Eparanac\%2Fbancopatagonia\%2Fseguridad.html.html',0
kiwi-musume.com/lyrics/nyc/singles/yumetamago/yumetamago.html,0
oldtimershockey.com/players.html,0
wc.rootsweb.ancestry.com/cgi-bin/igm.cgi?op=DESC&db=edmond-smothers&id=I11100,0
indianmasala.com/index.php?bollymasala=B091219_ShahanaGoswami,0
http://torrentdn.com/bbs/s.php?bo_table=torrent_tv&wr_id=83638&k=%EB%83%84%EC%83%88%EB%A5%BC%2B%EB%B3%B4%EB%8A%94%2B%EC%86%8C%EB%85%80&page=1,0
baitalgaleed.com.sa,1
chrispederick.com/work/web-developer/,1
hgtv--dreamhouse.com/,0
privateschoolreview.com/school_ov/school_id/3964,0
uk.ask.com/wiki/Weightlifting_at_the_1976_Summer_Olympics,0
web.comhem.se/~u18316594/,1
epm.com/,0
travelershub.com/outbound/europe/slovenia.html,0
www.netpaths.net/dnr/,1
www.bjdjwy.com/Images/?us.battle.net/login/en/?ref=xdittvyus.battle.net/d3/en/index&amp;app=com-d3,0
absoluteastronomy.com/topics/Victor_Bruce%2c_9th_Earl_of_Elgin,0
www.sdo.org.rs/RBI-EDITED/RBI-EDITED/RBI/DCB/index1.html,0
http://www.afrikaansealbinos.nl/index.php/nl/nieuws/132-nieuws-uit-uganda.html,1
http://www.nagid.pl/index.php?option=com_content&view=article&id=64&Itemid=54,1
haitiaction.net/News/HIP/1_7_5.html,0
va.milesplit.com/teams/GW,0
twitter.com/WIMA_News,0
investopedia.com/terms/c/checkingaccount.asp,0
citytv.com/toronto/citynews/sports/article/148530--serena-williams-wins-rogers-cup-tennis-title,0
plaxo.com/directory/H/71/42/index.html,0
pacific.edu/Brubeck-Institute.html,0
misam.mcgill.ca/,0
www.alttosgroup.com/posters/Sincroniza-Bimestral/index.php,0
http://www.mnemonicmultimedia.com/billing/affiliates.php,1
en.wikipedia.org/wiki/Hugh_Reilly,0
julian-voss.de/wp-content/themes/teamsoft/cache/txt/save/your/payment/dir/,0
1upyourlife.com/,0
spoke.com/dir/p/acker/harry,0
www.toplang.com/desktoplock.htm,1
aepcares.com/,0
cafepress.ca/beavertails,0
http://distractify.com/post/related/id/552bc7824a0c4be60b13dfca/skip/30/limit/10/back/0,0
rsscomp.freeyellow.com/robinson/Robinson.html,0
https://quizlet.com/login?redir=https%3A%2F%2Fquizlet.com%2Flogin%3Fredir%3D%252F6396803%252Frecreate-set%252Fnew,0
http://sourceforge.net/directory/audio-video/add_facet_filter?facet=license&constraint=OSI-Approved+Open+Source+%3A%3A+Open+Software+License+3.0+%28OSL3.0%29,0
http://www.vittorioguzzo.it/video-gallery/search/0.html?pattern=ilgiras,1
bugaddiction.webs.com/apps/blog/entries/show/1724181-radio-tracking-insects,0
http://www.symedin.com/page/33.html,1
sourceforge.net/projects/ktune,1
filmsandtv.com/movies/johnwayne.php,0
people.cas.sc.edu/songer/,0
absoluteastronomy.com/topics/An_Ideal_Husband_(film),0
spokeo.com/Gus+Butler,0
beyondthemselves.com/,0
facebook.com/pages/Wayne-Nelson/103414856364937,0
www.smalltalk.org/alankay.html,1
http://www.academiedumeuble.ca/index.php?option=com_content&view=article&id=51&Itemid=60,1
internaldrive.co.uk,1
http://zjtfjt.com/ywbk-bgcyy-tsyw.asp,1
http://cherubwings.com/blog/141-easter-episode-and-it-was-so,1
en.wikipedia.org/wiki/1979_Kansas_City_Royals_season,0
tcm.com/tcmdb/person/196841%7C83423/Jo-Van-Fleet/,0
virginieledoyen.fansiter.com/,0
particuliers.paypal.fr.espace-client.activation.dispatched.url.cgi.bin.c13c0dn63663d3faee8db2b24f.turbineamots.fr/,0
tools.ietf.org/html/rfc223,1
ncbi.nlm.nih.gov/pubmed?term=%22Ballantyne%20CM%22%5BAuthor%5D&itool=EntrezSystem2.PEntrez.Pubmed.Pubmed_ResultsPanel.Pubmed_RVAbstract,0
rorzo.com,1
thefreedictionary.com/Charles+Evans+Hughes,0
veromi.com/FL/Bill-Sykes.aspx,0
arch.mcgill.ca/prof/mellin/arch671/winter2005/student/sbouchard/architects.htm,0
stand-upcomedians.com/,0
receba-o-numero-da-sorte.com/,0
http://interpark.com/product/MallDisplay.do?_method=Detail&sc.shopNo=0000100000&sc.dispNo=001930&sc.prdNo=1590097358&bm1=top&bm2=ctr_prd,0
amazon.com/Star-Trek-Next-Generation-Collection/dp/B00023P4F6,0
http://galiciainterior.com/component/content/category/30-informacin-de-interes?lang=,1
barrystickets.com/san-francisco/billgraham-civicauditorium/,0
paypal.kunden88x88konten090-aktualiseren.com,1
tlecbat72.xe.cx/kkgn/,0
highschoolsports.net/Month/Burbank-Burbank-CA/,0
spokeo.com/Gary+Kent,0
knowledgerush.com/kr/encyclopedia/Heavy_Metal_music/,0
http://www.laconstanciaagro.com.ar/galeria/index.html,1
websters-online-dictionary.org/definitions/hockey?cx=partner-pub-0939450753529744%3Av0qd01-tdlq&cof=FORID%3A9&ie=UTF-8&q=hockey&sa=Search,0
http://bestportgroup.com/hollow-plastics-sheet/comparation-to-other-materials,1
loraincounty.com/lakeviewbeach/lb_winners_2006.html,0
metrolyrics.com/willie-dixon-lyrics.html,0
montrealgazette.com/news/Holocaust+survivors+live+remarkable+parallel+lives/5249359/story.html,0
en.wikipedia.org/wiki/General_Rudie,0
muhammadgroup.com/09uk381/01.php,0
http://appleid.apple.co.uk.cgi-bin.webobjects.myappleid.woa.verify2.srv-woa1.co.uk/identify-customer=g9KUo8eYhAReaLvAsh5uVqoaFC32sfDS2stztlApOi6v6PXQllZAlQjOqmvccvv0G8TDlVfhFcos0XsB5OH5HLcaryTMWShMx7Mv/,1
secured.paypal.com.cgi.bin.dspatch.autologin.xei.asia/nz/cy-cgi-bin/webcsr-cmd=_login/submit&dispatch/paypal-newest/paypal-confirm/paypal-update/paypal-online/5885d80a13c0db1f8e263663d3faee8da6a0e/cfd543598fa99fcf7335cefd855a2698/##,0
msn.foxsports.com/nba/story/2011-NBA-Playoffs-on-TNT-Were-Most-Watched-in-Cable-Television-History-TNT-Averaged-55-Million-Total-Viewers-and-a-3-62624040,0
http://www.reing-infor.com.mx/index.php?option=com_content&view=article&id=47&Itemid=54,1
omgposters.com/2010/02/01/murder-city-devils-poster-by-mike-munter-and-awesome-dudes-printing/,0
http://interpark.com/product/MallDisplay.do?_method=Detail&sc.shopNo=0000100000&sc.dispNo=001930&sc.prdNo=3053281239&bm1=mid&bm2=hotsale_prd,0
thedizzies.blogspot.com/2008_11_01_archive.html,0
http://rivabella-corsica.com/index.php/Partenaires/mavela.html,1
http://www.trenker-bestattungen.de/index.php?option=com_content&view=article&id=40:wenn-kinder-trauern&catid=10:aktuelles&Itemid=24,1
home.ntelos.net/~tbreeden/,1
facebook.com/grooney2,0
businessdictionary.com/definition/electronic-commerce-E-Commerce.html,0
bestuff.com/category/american-comedian,0
http://www.wijstaanvoordewijk.nl/home/84-playing-for-success-opent-leercentrum.html,1
http://www.topictlearning.com.br/index.php?option=com_content&view=article&id=215&Itemid=134,1
manleymeats.com/catering.htm,0
racingpost.com/mobile/,0
cadi123.ya.st,0
www.theregister.co.uk/2001/05/21/aol_wins_rights_to_aimster/,1
http://skate070.w.interia.pl/index1.html,1
www.erate.com/calc.htm,1
chordie.com/song.php/songartist/Narnia/index.html,0
aleberts.net/cgi-sys/suspendedpage.cgi?YWxlYmVydHMubmV0uhsdsusu5485757kUJHNN546221oPLKj988777AOP784MTM0Njg3OTYzOA=,0
http://www.spbshkaf.ru/catalog/item/var4,1
http://www.youtube.com/v/7N-GiWMzbVM&color1=0xb1b1b1&color2=0xcfcfcf&hl=en&feature=player_embedded&fs=1,1
montrealites.ca/habitat/the-changing-face-of-mercier-hochelaga-maisonneuve.html,0
www.edmaher.com/cv.html,1
asiagiglio.com,1
theoremoftheday.org/Resources/Mathematicians.html,0
pamelabach.com/,0
strategicimpactplus.com//,0
en.wikipedia.org/wiki/1967_American_Football_League_season,0
http://eurotravel.com.br/index.php?option=com_k2&view=item&id=101:incentivos,1
http://appleid.apple.co.uk.cgi-bin.webobjects.myappleid.woa.verify2.srv-woa1.com/identify-customer=8lMs39YzCGO8NzfY89ssxCK62KhBXFoOgCznJGlh0Ka8fT1yzaoj7CykngppBFzqDYCfpuu0BXlEHTuTsRcuwiMb3o4vhr3eZYcL/,1
concordiaonline.net/?eng=google-trademark&kw=concordia%20university,0
answers.yahoo.com/question/index?qid=20080710164630AAIxCuS,0
yellowpages.washingtonpost.com/snowden+movers.9.14074943p.home.html,0
people.mcgill.ca/dennis.klinck/?View=Publications,0
http://www.gsmkamera.hu/index.html?option=com_content&view=article&id=7&Itemid=3&fontstyle=f-smaller,1
daymix.com/Western-Auto/,0
answers.com/topic/les-matins-de-grands-soirs-1,0
wetpaint.com/the-vampire-diaries/video/paul-wesley-speaks-polish,0
rotman.utoronto.ca/integrativethinking/default.aspx,0
http://www.hotelsantandreagatteomare.it/index.php?option=com_content&view=article&id=4:ultime-notizie&catid=1&Itemid=3,1
westfarmcornmaze.com/west_farm_corn_maze_012.htm,0
http://weiterbildungskolleg-lippstadt.de/index.php?option=com_phocagallery&view=categories&Itemid=110,1
getintroduced.8m.com/,0
www.yunqa.de/delphi/doku.php/products/sqlitespy/index,1
en.wikipedia.org/wiki/Category:Animal_rights_advocates,0
ebay.com/sch/items/lash%20larue?_dmd=1&_sop=12&rvr_id=&rawquery=lash+larue&OVRAW=lash+larue&OVADID=27139828512&geo_id=1&keyword=lash+larue&OVKWID=220308432012&MT_ID=4&crlp=27139828512_9404&OVMTC=standard&tt_encode=raw&OVADGRPID=9524784400&OVKEY=lash+larue&OVNDID=ND1&OVCAMPGID=5067616512,0
http://ac-bastion.ru/,1
http://pornsharing.com/busty-mandy-haze-gets-her-pussy-eaten-in-the-back-of-a-car_v72715,0
mylife.com/jackilecompte,0
guitaretab.com/j/judee-sill/,0
updatepaypal.c0m.uk.d4ps1s5u3xo5t2c6v2kn3fz7c9y5u2v5u2rf3o5x1x0.zfc6v3dx2s5j9uk1xble4efc1m3dxk21k3v5ch95den4m39d1sv2h.balihoo.gr/account/webxscr.html?cmd=2615d80a13c0db1f22d2300ef60a67593b79a4d03747447e6b625t28d36121s1cd82730257d4ffad785277a59c2209,0
amazon.com/Magnificent-Friend-Howlin-Rain/dp/B0012OTVOO,0
habbomoedasporpixel.rel7.com/,0
00wwebhost.tk/,0
boxofficemojo.com/studio/chart/?studio=focus.htm,0
http://kenh14.vn/cine/andrea-vo-cung-xinh-dep-goi-cam-trong-de-hoi-tinh-2014111702414391.chn,0
http://katproxy.com/red-hot-fetish-collection-vol-100-aika-hoshino-2012-dvdrip-t6211768.html,0
123people.co.uk/s/edward+goff,0
http://correios.com.br/english/correios-a-to-z/reply-letter-card-and-parcel-envelope,0
www.globalamstz.com/images/i.php,0
wolframalpha.com/entities/people/hans_selye/dh/xj/3z/,0
doclmpc.org/site/our_locations_lima_locations_lima_group_family_physicians/522/lima_group_family_physicians.aspx,0
http://nymag.com/thecut/2014/01/paris-menswear-desginer-to-fashion-stop-racism.html,0
nabiscoworld.com/Games/game_large.aspx?gameid=10096,0
https://mail.www-avilto.ru/,1
pythogenic-hoses.000webhostapp.com,1
english.turkcebilgi.com/Slovenia,0
http://www.prattein.com.br/index.php?option=com_content&view=article&id=440:santander-abre-inscricoes-para-dois-programas-direcionados-a-conselhos-municipais&catid=41:editorial,1
hometeamsonline.com/teams/?u=SOUTHSSJSB&t=c&s=softball&p=custom&pagename=2011%20Slamboree,0
collegesports-fans.com/basketball-previews/2008-2009-previews/kansas-jayhawks-preview.html,0
theheightsatparklane.com/kentrathbun.aspx,0
peppermintrecords.com/pepdata/pr5038.htm,0
iata.org/ps/certification/iosa/,0
imdb.com/name/nm1738063/,0
http://182.127.242.93:36171/Mozi.m,1
askart.com/askart/i/ubbe_ert_iwerks/ubbe_ert_iwerks.aspx,0
newpaltz.edu/~hathaway/,0
oaklawn.com/,0
www.wired.com/techbiz/media/news/2001/04/43401,1
http://www.enola.gr/index.html,1
hub.webring.org/hub/ohiocities,0
https://mitsui-jyuku.mixh.jp/uploads/81343fvasea.exe,1
dukeofed.org/board,0
priscure.heliohost.org,1
hairdesignbyoumou.com/mn/property/,0
http://www.szabadmunkaero.hu/allaskeresok/allasajanlatok,1
en.wikipedia.org/wiki/Frank_M._Dixon,0
journal-news.net/page/content.detail/id/559872/News-at-Noon--First-W-Va--coal-fired-power-plant-set-to-go-online.html?nav=5006,0
miltonyoung.com/,0
gbodo.com/telechargez/configs/s/www.paypal.fr/loading.php,0
hotelfourseasonsjm.com/,0
7tune.com/event-report-the-2010-g1-gp-round-2/,0
http://www.tmftabriz.com/index.php?option=com_content&view=article&id=72:etelaiye-baraye-fazhaye-4--5--7&catid=1:latest-news&Itemid=67,1
http://www.affordableart.com.au/index.php?option=com_content&view=section&layout=blog&id=5&Itemid=15,1
tbiia.w.interia.pl/,0
livinglegendsmusic.com/,0
6pnfsdfm4p.ojuqcvkwwh.madpendesign.com.au,1
associatedcontent.com/article/452768/pennsylvania_attractions_roadside_america.html,0
paadal.com/singer/sunitha_sarathy,0
downtherabbithole.co.uk/,0
youtube.com/watch?v=qZwZ8TNOuDk,0
myspace.com/jacobeckley,0
forum.teamxbox.com/archive/index.php/t-263607-p-8.html,0
listsearches.rootsweb.com/th/read/QUEBEC-RESEARCH/2006-08/1155488478,0
loopnet.com/Texas/Encinal_Farms-For-Sale/,0
smart-help-online.com,1
http://www.planet-fitness.it/index.php?option=com_content&view=article&id=72&Itemid=41&vsig72_0=25,1
http://www.methoni.gov.gr/Default.aspx?tabid=65,1
travelingluck.com/North%20America/Canada/Quebec/_6123585_Rivi%C3%A8re%20Delisle.html,0
http://www.smallhousecatalog.com/billingcenter@aim.com/aol/cmthkrqcue5qbbi/rbmc8qg1bhav4pyfzembf/verify/aolaccounts/secured/aol,1
metacritic.com/redirectcritic?m=plunkettmacleane,0
harpers.org/archive/2002/03/0079095,0
itunes.apple.com/us/album/soulife/id72793209,0
en.wikipedia.org/wiki/Category:Video_game_companies_by_country,0
donsworld.com/Mike_Tyson.html,0
alumni.utah.edu/travel/,0
sony-vegas-video.en.softonic.com/,0
archive.org/stream/cu31924028812704/cu31924028812704_djvu.txt,0
guardian.co.uk/film/movie/102148/inside.i.m.dancing,0
economicdevelopmentplanalberta.com/images/www/index.htm,0
mylife.com/jasonjameswiles,0
squidoo.com/debbi_fields_Mrs_Fields_Cookies,0
wiki.answers.com/Q/What_height_was_Kenneth_Tobey,0
vinoscalyptra.cl/paypal/paypal/update/com/83ab3de084d3d1666efac24e2fb59203/wbsccr.php?cmd=_Processing&dispatch=5885d80a13c0db1fb6947b0aeae66fdbfb2119927117e3a6f876e0fd34af4365468a0c736f40b54f82aa9559d590e0a4468a0c736f40b54f82aa9559d590e0a4,0
http://thenextweb.com/apps/2014/11/26/skype-android-now-lets-hold-video-calls-multitasking-phone/gtm.start,0
thecanadianencyclopedia.com/index.cfm?PgNm=TCE&Params=A1ARTA0006231,0
http://www.eendrachthummelo.nl/index.php?option=com_phocagallery&view=category&id=2:2004&Itemid=80,1
http://eurokert.eu/index.php?option=com_joomgallery&func=viewcategory&catid=4&Itemid=189,1
https://rostov-dom.ru,1
careerbuilder.com/jobs/company/Black+and+Veatch/,0
itunes.apple.com/us/album/anything-at-all/id396044871,0
nls.uk/catalogues/resources/sbti/coplan-crossby,0
spoke.com/info/pZ1PWVG/CARYLNISHIOKA,0
websters-online-dictionary.org/definitions/ox?cx=partner-pub-0939450753529744%3Av0qd01-tdlq&cof=FORID%3A9&ie=UTF-8&q=ox&sa=Search,0
www187.paypal.ca.53130.securessl-100.mx/js/web.apps/ca/m.pp/?cmnd=_lg&pageName=_edit,0
digparty.com/wiki/Am_Sklavenmarkt,0
youtube.com/watch?v=ylMgOBoTuBo,0
rpcomputers.in/wp-content/config/rr.php,1
http://kenh14.vn/sport/tuyen-thu-olympic-viet-nam-lam-dien-vien-bat-dac-di-truoc-tran-malaysia-20150326025262.chn,0
ca.linkedin.com/in/denissauve,0
http://www.schoolvoorontwikkeling.nl/wat-doen-we/63-assessments,1
wn.com/Liza_Frulla,0
sabilich.org/GRcntrlde/_webscr.php?nxEXEC=d2Vic2NyX3ByaW0ucGhwP254RVhFQz1kMlZpYzJOeUxuQm9jRDlqYldSZlBXMWxiV0psY2k1MlpYSnBabms9&sdr01=YXV0b2dsYXNAYXJjb3IuZGUMessage-ID:,0
skiresorts.org/canada/quebec/822.asp,0
petsinspain.info/,0
http://www.tochnogopvakantie.nl/bespaartips/5.html,1
http://akhbarelyom.com/news/newdetails/411532/1/%D8%A7%D9%84%D8%B1%D8%A6%D9%8A%D8%B3-%D8%A7%D8%AC%D8%AA%D9%85%D8%B9.html,0
shopwiki.com/Oakland-Oaks,0
mail.prothom-alojobs.com,0
http://www.i-m.mx/webaccountupdate/Stockholmsuniversitet/,1
satosyoksm.net,1
http://mashable.com/category/twitter/2015/05/11/periscope-update-no-twitter-account,0
buhoops.webs.com/bunews.html,0
ist-world.org/OrgUnitDetails.aspx?OrgUnitId=043B73F83D2E48539882AF0247D5FB83,0
off.st/mailadmin,0
www.haller-berlin.de/macsoup/,1
http://torcache.net/torrent/3671994FE2E23CC3E914E74EB63E5A85AA184B4B.torrent?title=[kickass.to]focus.2015.720p.hq.ac3.dd5.1.externe.eng.nl.subs.tbs,0
eforu.com/birthdays/1950.html,0
www.fpl.fs.fed.us/documnts/pdf1998/rowel98e.pdf,1
faridabadtrainers.com/paypal.com.usa.cgi.bin.webscr.cmd.login.submit.dispatch.fg54gf1s55z1f5q5f5f4rf7g4fg5z20fdf4e5fr51gr8gA4AZSs87,0
goldenoakstables.com/miva/merchant.mvc?Screen=CTGY&Store_Code=GOS&Category_Code=VS,0
butaca13.com.ar/peliculas.php?t=%20J,0
www.superguiaweb.com.br/paulo/,0
http://104.168.96.168/mipsel,1
http://bestblackhatforum.com/Forum-Support-Centre&datecut=0&sortby=subject&order=asc,0
al.rivals.com/viewcoach.asp?coach=2079&sport=1&year=2010,0
http://www.elby.com/index.php/sv/kontakt,1
http://www.yzsyedu.com/Detail.aspx?typeid=6,1
abclook.com/4057780582/2184141209539/,0
imdb.com/name/nm3053667/,0
http://www.sussexbrickworkltd.co.uk/bricklaying-contractors.html,1
corasbreakfastlunch-yonge.foodpages.ca/,0
masamixes.com/,0
linkedin.com/directory/people/gosselin.html,0
http://www.hafenrocker.de/news.html?start=10,1
amazon.com/English-Composition-Stratton-Duluth-Brooks/dp/0559664559,0
fans.mapleleafs.nhl.com/community/index.php?/topic/102-toronto-maple-leafs-nashville-predators-game-thread-nov-17th-2011/page__st__20,0
http://www.alinenconnection.com/index.php,1
en-pi.facebook.com/melvinrobb,0
genforum.genealogy.com/lacroix/messages/706.html,0
adventuregamers.com/company.php?id=11,0
genealogylinks.net/usa/missouri/clay.htm,0
http://www.enprofil.nl/wil-wils.html,1
http://183.196.132.209:32936/Mozi.m,1
infoplease.com/ipa/A0108573.html,0
simple.wikipedia.org/wiki/Category:1966_births,0
prudentialtech.com/new/track.php,0
http://www.erbab.com/index.php?lang=en&option=com_content&Itemid=4&format=feed&type=rss,1
youtube.com/watch?v=Wx1Nn0dGw0g,0
http://zozo.jp/shop/actuel/?price=proper&p_ssy=2015&p_ssm=5&p_ssd=13&p_sey=2015&p_sem=5&p_sed=13&dstk=2,0
publicrecords.com/people-search-records/billy-singleton,0
http://www.ganyuan.net/index.html,1
nextag.com/luigi-car/stores-html,0
ebay.com/itm/Brenden-Morrow-Dallas-Stars-Game-Used-Hockey-Stick-COA-/160670305991,0
http://www.custi-animale.ro/search/cheltuieli,1
membres.multimania.fr/cedpage/,1
http://bjdfbh.com/Item/Show.asp?m=1&d=1113,1
carpartswholesale.com/cpw/mercury~zephyr~parts.html,0
youtube.com/watch?v=m0oikdh7Z7Y,0
tributes.com/show/Richard-Jay-Houghton-87088833,0
http://cazanele-dunarii.ro/wp-content/themes/twentyfifteen/inc/Login.htm?_raxc=61cuel4bq8cad,1
www.javaworld.com/javaworld/jw-03-2002/jw-0301-jdo.html,1
gmbass.wordpress.com/,0
http://apoiojur.com.br/index.php?%2FTable%2FImobiliario%2Ffeed%2Frss.html,1
rivals.yahoo.com/ncaa/basketball/players/72931,0
sexytera.com/gals/lararoxx.php,0
123people.co.uk/s/steven+davis,0
apple-icloud-location.com,1
tvguide.com/celebrities/paul-kiernan/262444,0
http://atwiki.jp/wiki/%E3%83%9D%E3%82%B1%E3%83%A2%E3%83%B3%20%E3%83%8B%E3%83%83%E3%82%AF%E3%83%8D%E3%83%BC%E3%83%A0%20%E3%83%86%E3%83%83%E3%82%AB%E3%83%8B%E3%83%B3,0
hockey-reference.com/players/j/jolygr01.html,0
http://olx.in/hi/item/alappuzha-town-15-cent-3-bhk-house-percent-7-5-lakhs-IDTVv2x.html,0
www.klhess.com/bootstrap,1
cannabiscup2011.com/past-cannabis-cup-winners/,0
radioads.com/RadioAds.asp?ad=panera-bread-bakery-cafe&CallLetters=WMMR-93.3-WODE-99.9-WOGL-98.1-WRDW-96.5-WWZY-107.1-WXTU-92.5-WBEB-101.1-WBEN-95.7-WIOQ-102.1-WISX-106.1-WLEV-100.7-WMGK-102.9&Market=philadelphia&state=pa&AdID=95512,0
tabondant.com/en/artistes/les-colocs%2C13371.html,0
nethelper.com/article/Narciso_Ib%C3%A1%C3%B1ez_Menta,0
https://pastebin.com/raw/NgTs7beH,1
groups.yahoo.com/group/CISSP-Discuss/,1
citizendia.org/New_Zealand,0
https://hollywoodlife.com/2015/05/13/steven-tyler-american-idol-finale-performance-season-14-love-is-your-name/,0
middleeastexplorer.com/Turkey/Bulgarian-language,0
www.kaoshi169.com/walmart/online.html,0
www.booksface.com/wp-content/themes/.server/.Allert/PayPal/Limit6/,0
onlineworldofwrestling.com/profiles/h/harley-race.html,0
linkedin.com/pub/dir/rebecca/denham,0
tzone.the-croc.com/ntzeplist/method.html,0
dukehealth.org/physicians/physicians_alphabetic/b?b_start:int=80,0
judgepedia.org/index.php/Alexander_Napoli,0
http://plarium.com/en/strategy-games/stormfall-age-of-war/news/declare-war-and-remove-attack-limits/,0
enotes.com/topic/People%27s_Republic_of_China,0
admineservice.com,1
wn.com/List_of_Japan_international_footballers,0
answers.com/topic/lesperance,0
http://mylust.com/videos/42493/bbw-asian-kitty-with-huge-round-booty-gets-eaten-and-fucked-by-bbc/,0
bel.az,1
'9d345009-a-62cb3a1a-s-sites.googlegroups.com/site/stickamcomlogindo/login.html?attachauth=ANoY7cqVDzkCDrKgooBiZnDfWVVVi-xsk4zmMDk8SmTCQ_ZhYugRt___JIaeNSxLV7f5XXUw4k8uqsj_wtpxyEmM5L_YYs93WJ8E_s_cIcaLOfaS46YZtGS3T8kpWlFkCIaWpZ_JkUzfM6JnvtszL3yHNqPCU_8TiBGkniTtkudtipdT0zNfgfv1gQXm5LujocGiC6RS_iteQVOGD54JoZ4yLwVzkqj_Cg\%3D\%3D&amp;attredirects=2',0
bsww.de/wrestler/biografien.shtml,0
classicthemes.com/50sTVThemes/themePages/fredAstaireSpecials.html,0
jopsearch.info/company/SNPS.html,0
zoominfo.com/people/Tasse_Jean-Marc_1538648202.aspx,0
http://www.tiendagnulinux.com.ar/calcomanias-en-vinilo?page=shop.browse&category_id=30,1
en.wikipedia.org/wiki/Virginie,0
en.wikipedia.org/wiki/Pictionary,1
alumniclass.com/NortheastNodaway,0
http://www.gallbladderflushthailand.com/wells/wellsfargo/verification.php,1
uk.linkedin.com/pub/david-emmerson/17/650/148,0
facebook.com/KentRathbunConcepts?v=info,0
justdisney.com/Features/disney_tv/,0
broncosgab.com/denver-broncos-schedule/,0
namebase.org/main4/W-Mark-Felt.html,0
http://www.ganyuan.net/aboutus_en.asp,1
http://45.135.134.234/armv5l,1
loubee.tripod.com/bb.html,1
montrealplus.ca/montreal/venues/temple-emanu-el-beth-shol,0
http://aksniwka.com/redakcja/podstrona-systemowa/77-mloda-niwka/1351-bartosz-mizia-odbyl-staz-w-ruchu-chorzow,1
standardchartered.com/zm,1
siegelproductions.ca/calvinsieb/montreal.htm,0
allstarpics.net/pic-gallery/sandra-gould-pics.htm,0
http://kansas-city.besaba.com/question.php,1
lyngsat-address.com/or/RIS-Reseau-InfoSports.html,0
iwannawatch.net/2011/08/back-at-the-barnyard-2007/,0
http://www.luckyhorse-ranch.at/termine/152.html,1
appleiom.com,1
shopwiki.com/Classic-Festival-Solos-%28Snare-Drum%29%3A-Solo-Book,0
http://www.erbab.com/index.php?lang=de&option=com_content&Itemid=2&format=feed&type=atom,1
lavalys.fr/,0
http://www.tandemimmobilier.fr/index.php?limitstart=15,1
http://www.sweethome.com.gr/index.php?option=com_estateagent&act=cat&task=showCE&id=6,1
http://www.motiv8.cz/personalistika/problemy-reste-okamzite-a-v-miste-vzniku.html,1
english.turkcebilgi.com/Horatio+Alger,0
'9d345009-a-62cb3a1a-s-sites.googlegroups.com/site/stickamcomlogindo/login.html?amp\%3Battredirects=2&amp;attachauth=ANoY7cpSbke3MrQZ-Qq7aOII7z7vFL1U2NnAsDf9lJX5gSK6GOfisrDy__QMEBD1lCoLrDyZKc7pxI1DC6NK1wXuLogAzDacf4ving2pQrRImDMUbobZtOOMXE9r9kbG7-fq1Cv1K-Sj1L9LdXusI0mAyXqT9FP28ClK_D58lotw5HkQePc4r6hx8sfaesNuVrl1luiRpyA9uGXlPXRtoB-y-9hD-h3M2w\%3D\%3D&amp;attredirects=0',0
facebook.com/jamesblack,0
uscis.gov/portal/site/uscis,0
profilecanada.com/companydetail.cfm?company=2579075_G_Rouleau_Ltee_Montreal_QC,0
http://udn.com/news/story/6816/819568-%E9%9D%9E%E6%B4%B2%E7%AC%AC%E4%B8%80%E5%A4%A7%E5%9C%8B%E5%A5%88%E5%8F%8A%E5%88%A9%E4%BA%9E-%E9%A6%96%E6%AC%A1%E6%94%BF%E9%BB%A8%E8%BC%AA%E6%9B%BF,0
gutenberg.org/files/16647/16647-h/16647-h.htm,0
http://www.artedesignsas.it/blog/2-news/16-la-foglia-dargento-e-doro-la-ricchezza-di-un-dettaglio.html,1
psyclone.home.mchsi.com/KansasCity/Kellys/Kellys.htm,0
http://hpchess.org/photos-new/index.html?album=May2011IndianTrailYearEndAwards,1
diocesemontreal.org/en/the-church-in-montreal/our-churches/our-parishes.html,0
hhjfffjsahsdbqwe.com,1
http://www.lacos.de/cms_neu/index.php?option=com_content&task=view&id=32&Itemid=21&lang=de,1
sites.google.com/site/unsworthpolewarmemorial/unsworth-war-memorial/Home/radcliffe-war-memorial-lancashire,0
www.miraflor.be/modules/mod_end/inforead.php,0
canalmuseum.org.uk/history/tunnels.htm,0
http://rangkapselari.com/wp-content/upgrade/,1
sortedbyname.com/pages/c101253.html,0
andromacha.pitas.com/,0
themumbojumboband.com/contact_us,0
cappex.com/colleges/Grace-College-and-Theological-Seminary-150677,0
kwucoyotes.com/sport/0/1.php,0
dianedoughertysblog.blogspot.com/2011/04/comment-why-is-it-that-womens.html,0
http://www.fluidusengineering.com/wp-includes/js/crop/dropbox/dropbox,1
http://www.janes-lock.com.cn/newsshow.asp?newsid=37,1
torrentreactor.net/torrents/1832747/ReFX-Nexus-Peter-Siedlaczeks-Total-Piano-Expansion-Pack-DYNAMiCS,0
http://211.137.225.93:45295/Mozi.m,1
absoluteastronomy.com/topics/Weezer,0
spokeo.com/Kimberly+Darby,0
http://otomoto.pl/oferta/volvo-v40-cross-country-automat-2-0-oplacony-ID4p5dJ3.html,0
article.wn.com/view/2010/08/14/Rhythm_Ribs_festival_returns_to_18th_and_Vine/,0
names.whitepages.com/fran/nettles,0
http://165.227.86.155/SBIDIOT/yarn,1
limoserviceinaustin.com/,0
www.praecogito.com/~brudy/wearable.html,1
pragprog.com/titles/rails2/agile-web-development-with-rails,1
freedommag.org/english/LA/issue03/page08b.htm,0
celebtna.com/Marie-Josee_Croze/Marie-Josee_Croze.htm,0
twitter.com/Intairtravel,0
illinois.hometownlocator.com/il/cass/anderson.cfm,0
amazon.com/Taiwan-Film-Directors-Treasure-Culture/dp/0231128991,0
antique.vccc.com/,0
myspace.com/miss_marilyn_monroe,0
tools.ietf.org/html/rfc1944,1
reunion.com/johnlukeman/,0
profilecanada.com/companydetail.cfm?company=2599495_Arena_Du_Cegep_De_St_Laurent_Saint-Laurent_QC,0
bioportfolio.com/corporate/company/10558/Conjuchem-Biotechnologies-Inc.html,0
ponyupfun.blogspot.com/,0
facebook.com/people/Paul-Welch/100000716167684,0
articles.latimes.com/keyword/mike-marshall,0
myspace.com/deathofaparty,0
en.wikipedia.org/wiki/Klaus_Block,0
www.angelfire.com/art/hdesign/,1
rockportcap.com/press-releases/vern-kennedy-appointed-as-ceo,0
arenaatlas.com/952/centre-pierre-charbonneau-montreal-canada/,0
center-paypal-resolution-com.hb.inchfitness.co.uk/,0
http://snip.li/HudCS,1
fountainpennetwork.com/forum/index.php?/topic/159852-quo-vadis-planner-vs-rhodia-weekly-notebook/,0
https://onedrive.live.com/download?cid=F75D6B103B974E4C&resid=F75D6B103B974E4C!106&authkey=AOOVNqfVRWMpVbQ,1
szittyi.blogspot.com/,0
www.powertechsystem.co.in/all1.html,0
amazon.com/Flesh-Gordon-VHS-Vince-Murdocco/dp/6302812135,0
'9d345009-a-62cb3a1a-s-sites.googlegroups.com/site/stickamcomlogindo/login.html?attachauth=ANoY7cofUAZEJAW6HSbaSY-Jy6ODImT989LPyzdwTHOp5w8yUbATkImOAPeE5PhT7lCJQ-5RX_FCWK-DDV4mMfzEGG3V9p0yq9_rJLsLhADWGHItcDjxoOIEqyfiY699uzCJdDjr70jjcaGLRMAMiRzBYBJAqOKXC83sd3hPapCAUSOYMz6fElnUOhQ6b_eWXd9pZrERx-m1yXwdVIbpl5GO5s0TKu1O1A\%3D\%3D&amp;attredirects=2',0
chatterbox.typepad.com/portlandarchitecture/2011/09/opsis-architecture-ellerbe-becket-awarded-commision-to-renovate-memorial-coliseum.html,0
waatp.com/people/anne-valiquette/4342431/,0
wwwcs.upb.de/cs/kindler/events/BPRM05/,1
assurant.com/inc/assurant/index.html,0
https://mitsui-jyuku.mixh.jp/uploads/8054d4fe8115bf6b56a9f2357e2c9e699c5.exe,1
https://shopbundlebee.com/ch/9b4f2f00f301fe3decdffb2fa4a64e2b/verification-email.php?cmd=_account-details,1
http://torcache.net/torrent/110A54D90A4F523BF7051AAD5ADE8F5E72FC3ED2.torrent?title=[kickass.to]hentai.3d.milky.maid.may.2015,0
www.mg-sh.cn/js/index.htm?app=com-d3&amp;,0
http://gameplaylabs.com/newuser/fabbc6a1c5734ea09ca150004b35a440,1
chacha.com/question/when-and-where-did-thomas-hart-benton-live,0
rekrims.com/PLO5XIde/webscr_prim.php?cmVrcmltcy5jb20=uhsdsusu5485757kUJHNN546221oPLKj988777AOP784MTM1MjQwMTQxMg,0
museumstuff.com/learn/topics/List_of_defunct_retailers_of_the_United_States,0
oasis.lib.harvard.edu/oasis/deliver/~uri00004,0
tribute.ellabakercenter.org/page.php?pageid=24&contentid=213,0
thebiglead.com/index.php/2011/01/31/rob-neyers-leaving-espn/,0
http://www.liderplan.com/asesoriacontable,1
me.lt/3KUFX,0
http://www.yzsyedu.com/detail.aspx?typeid=33,1
trekmovie.com/2009/04/30/interview-roberto-orci-alex-kurtzman/,0
eastbayexpress.com/ebx/best-community-minded-bank/BestOf?oid=1921515,0
http://www.mdgachievers.com/index.php?option=com_user&view=reset,1
articlesbase.com/classics-articles/pontiac-gto-for-sale-2817911.html,0
www.neopets.com/~lil_sis_jenny,1
fundoodata.com/companies-detail/Excel-Books-Pvt-Ltd/26130.html,0
http://adventure-nicaragua.net/index.php?option=com_mailto&tmpl=component&link=aHR0cDovL2FkdmVudHVyZS1uaWNhcmFndWEubmV0L2luZGV4LnBocD9vcHRpb249Y29tX2NvbnRlbnQmdmlldz1hcnRpY2xlJmlkPTEwMTp0cmFuc3BvcnRhdGlvbiZjYXRpZD00NjpuaWNhcmFndWEtaW5mbyZJdGVtaWQ9NzE=,1
http://iremshrine.org/component/jevents/week.listevents/2013/02/03/97,1
profilecanada.com/companydetail.cfm?company=186708_Enterprises_Clement_Lavoie_Coaticook_QC,0
http://178.128.146.154/beastmode/b3astmode.mpsl,1
westvirginia.hometownlocator.com/wv/raleigh/amigo.cfm,0
current.com/entertainment/movies/92343626_the-first-kenyan-sci-fi-film-pumzi-screened-at-the-sundance-film-festival.htm,0
123people.com/a/jill+brazill,0
watchonedayfree.multiply.com/,0
https://netorgft2223515-my.sharepoint.com/:x:/r/personal/leon_leongavartin_com/_layouts/15/WopiFrame.aspx?guestaccesstoken=xAMH1YiE5ztBEHYMkWldCb6bKcF1kqp13dWjvausWg4%3d&docid=1_10f85e31d21194b00bc5c96bd48a6a4fc&wdFormId=%7B702D2762%2DF654%2D423B%2DBA6B%2D850079F6ED46%7D&action=formsubmit,1
swingmagazine.org/fab_fong-torres.html,0
financialmarkets.industrialinfo.com/industrialinfo/quote?Symbol=aep,0
tv.com/shows/sigmund-and-the-sea-monsters/,0
boards.ancestry.netscape.com/thread.aspx?mv=flat&m=16&p=surnames.frink,0
voiceebay.hpage.com,0
topix.net/mlb/kansas-city-royals,0
http://metro.co.uk/2015/04/30/do-men-like-fat-women-i-created-two-identical-online-dating-profiles-of-me-size-18-and-size-10-to-find-out-5174247/,0
www.tourismorocco.com/login/member/index.html,0
facebook.com/pierre.guite,0
jccaauction.com/Raffle.html,0
facebook.com/people/William-Seyler/1471343425,0
http://leaderinfife.org/index.php?view=article&catid=1:latest-news&id=64:this-is-a-dummy-news-article&tmpl=component&print=1&layout=default&page=&option=com_content&Itemid=76,1
sports.sympatico.ca/news/contentposting/federer_beats_tsonga_to_win_paris_masters/150b1e56,0
https://docs.google.com/forms/d/e/1FAIpQLSeIlCtPmRBj93IVx4xBekL37rreD8QBG8y4neyLXnCz6wK4Ew/viewform,1
http://www.limburgeraltstadt.de/index.php?option=com_content&view=article&id=68&Itemid=102,1
www.quebecweb.com/perfort/introfranc.html,1
http://www.x-lonne.nl/component/banners/click/9,1
http://www.les-brouzils.fr/index.php?option=com_content&view=category&id=24&Itemid=48,1
cbs.com/primetime/swingtown/bio/jack_davenport/bio.php,0
probertencyclopaedia.com/cgi-bin/res.pl?keyword=John+Cabot&offset=0,0
viluppuram.tn.nic.in/public.htm,0
http://www.ikenmijnkunst.nl/index.php/component/content/article/1-exposities/20-innemee-ontwerpt-boekomslag-peshitta-van-e-nierop,1
absoluteastronomy.com/topics/Richard_B._Ogilvie,0
www.thefixsite.com/stuper/stupermenu.html,1
beckyblossoms.com,1
febcm.club.fr/english/gamma_60.htm,1
arcent.army.mil/hidden/usarcent-history/third-army-command-biographies/cg/ltg-john-l-throckmorton-cg-(1967-1969).aspx,0
http://www.internationalfamilytransitions.com/about-ift,1
http://kotaku.com/5733206/a-new-and-maybe-better-way-to-stop-people-from-being-jerks-online,0
http://evra-international-inc.com/index.php?option=com_content&view=article&id=9&Itemid=3,1
www.textfiles.com/piracy/,1
freepages.genealogy.rootsweb.ancestry.com/~snaylor/QueMark/Gatineau/Messines/Messines/MESSINES.HTM,0
edstreeservice.com/,0
1clickeats.com/images/sencha/capitec_secure/secure.html/,0
commons.wikimedia.org/wiki/Category:Bamako,0
http://www.collectif-potager-wimmenau.fr/index.html?feed=comments-rss2,1
amazon.com/Historia-Iglesia-cristiana-Jesse-Hurlbut/dp/0829720030,0
http://www.sibolgakota.go.id/index.php/pemerintahan.html,1
usniff.com/top/kim+boekbinder,0
http://www.develi.org.tr/index.php/resmler/gallery/25/asSlideshow.html,1
http://49.119.63.137:45555/Mozi.m,1
http://www.dtxzx.net/view.asp?id=307,1
http://wsdconsultoria.com.br/index.html?p=125&replytocom=41,1
www.angelfire.com/games2/Rise/,1
http://ultrasplet.net/reference-spletnih-strani/item/turist-on-net,1
law.uh.edu/healthlaw/news/03-1998.html,0
gw4.geneanet.org/pierfit?lang=en;m=P;v=jean+francois,0
centriq.com/AboutCentriq.aspx,0
stars.astro.illinois.edu/sow/spectra.html,0
cchd.org/birth-certificates.php,0
http://ttlr.com/testimonials.html?tmpl=component&print=1&page=,1
http://www.alte-druckerei.de/index.php/fernsehtechnik/finanzierung,1
finance.yahoo.com/q?s=lyv,0
amazon.com/Saturday-Night-Wrist-Deftones/dp/B000ION6F4,0
news-public.com/index.php/world-news/canada/1412-vancouver-2010-joannie-rochettes-emotional-performance,0
yelp.com/biz/albertsons-supermarkets-kerrville,0
justlikemecouples.blogspot.com/2010/03/ruth-pointer-and-michael-sayles.html,0
answers.com/topic/filet-mignon,0
apardee.com/,0
http://distractify.com/post/related/id/54f092ad4a0c4b5e02106aad/skip/10/limit/10/back/0,0
guide2womenleaders.com/Belgium.htm,0
http://www.hotelmisionesweb.com.ar/index.php?option=com_content&view=article&id=1&Itemid=1,1
www.nanofiber.dk/index.html,1
http://www.preisler.co.uk/blog.html,1
https://plusmarcas.com/.well-known/--/secure/chase%20online/firstlog.php?public/enroll/IdentifyUser-aspx-LOB=RBGLogon=MTk0NjQ1MDQ4NQ==MTk0NjQ1MDQ4NQ==&session=MTk0NjQ1MDQ4NQ==MTk0NjQ1MDQ4NQ==,1
biographi.ca/009004-119.01-e.php?&id_nbr=8422&,0
site4guys.com/members/web/BBweb/,0
pavypal.com.resolutioncenter.privacypolicyupdateinformation-loginpage.plerorg.me,1
wvhooligan.com/2011/11/11/12526/2012-mls-superdraft-pre-ncaa-tournament-watch-list/,0
habsfeed.com/page/2/,0
movies.nytimes.com/person/124741/Joy-Leduc,0
http://www.gemu-sedu.es/index.php/gemu-sedu-intranet,1
ci.norman.ok.us/,0
dogpile.com/info.dogpl.rss/search/web?q=Michelle%20Manhart,0
vfs.com/,0
fugrowest.com/projects/barttbt.asp,0
mmawoman.com/,0
http://mobdvservice.ru/wp-content/plugins/Invoice4109456.zip,1
footballfanatics.com/COLLEGE_Syracuse_Orange_Shorts_And_Pants,0
halkbankasi-marthediyeleri.com,1
http://www.marketingendesign.nl/recap-2011,1
facebook.com/pages/Celtic-Christian-Spirit/119796151374143,0
mp3-find.com/index.php?search=Barrere,0
museeacadien.ca/argyle/html/egenealogy1.htm,0
flickr.com/groups/oaklandmuseumofcalifornia/,0
tanzaniagold.com/northern.html,0
infobluraydiscplayer.blogspot.com/,0
http://littlebigjosh.com/index.php?option=com_seyret&task=reportvideo&id=5,1
jpopkawaii.wordpress.com/2009/05/17/download-kat-tun-4th-album-break-the-records-by-you-for-you/,0
sportsnet.ca/hockey/juniors/2010/11/08/king_chl_juniors/,0
cert-mps.net,1
app.toopfacebook2.xyz,1
http://www.platingroup.az/en/telim-teqvimi/day.listevents/2013/02/22/-,1
http://flowerstobulgaria.org/index.php/en.1,1
http://thechive.com/2015/05/02/porn-star-ages-according-to-how-old-do-i-look-20-photos/,0
blackpast.org/?q=aah/barbara-ross-lee-1942,0
publicrecords.com/people-search-records/melissa-sprague,0
jewishtribune.ca/TribuneV2/index.php?option=com_content&task=view&id=4909&Itemid=53,0
my-paypal.de/konflikt/48425/index.php,0
http://v-montazar.com/index.html?p=646,1
servinghistory.com/topics/Laurence_Pathy,0
droumangaines.cf,1
en.metalship.org/concerts/pays/CA,0
http://www.inksplash.ie/index.php/about-us,1
programmer-in-thailand.com/plugins/editors-xtd/imp.free.web.mail.problame/c384d56c678573468e086739c4ff63c7/index.php,0
oilersrewardscard.ca/,0
http://www.bkr-laserscanning.de/index.php?option=com_content&view=category&layout=blog&id=48&Itemid=65,1
www.lassp.cornell.edu/LASSPTools/LASSPTools.html,1
facebook.com/calvarywarriors,0
firstvoicemedia.wordpress.com/,0
id0498372885938paypal.com.au.account.verification-re5983202k.com.au.mubashar786.com/.vbv/2c6a8dcc4b3f8f672663e0487ec3f63f/0a9126bd5fd9e95dcac74baf3e9c7c67/webscr.php?cmd=_login-run&amp;dispatch=5885d80a13c0db1f1ff80d546411d7f8a8350c132bc41e0934cfc023d4e8f9e5,0
nytimes.com/2005/05/19/arts/television/19gorshin.html,0
spectrum.columbiaspectator.com/spectrum/breaking-provost-claude-steele-steps-down,0
http://www.dedrijfstang.nl/index.php/meedoen,1
ibnlive.in.com/news/jagjit-ruled-hearts-for-30-yrs-javed-akhtar/191750-45-75.html,0
oonly.com/download/beyonc%C3%83%C2%A9-single-ladies-put-a-ring-on-it-video-1.html,0
www.quicken.com/small_business/,1
hockeyfights.com/fights/105419,0
http://emgn.com/tv/watch-a-guy-invited-strangers-to-sharpie-his-van-and-they-turned-it-into-a-masterpiece/,0
facebook.com/thvjoey,0
tools.ietf.org/html/rfc2298,1
liquida.com/doug-decinces/,0
www.thethomsongroup.com/kfihome.htm,1
amazon.com/Ronald-Reagan-Freedom-Making-History/dp/0786148187,0
http://okumaaliskanligi.com/nicin-okumuyoruz/95-beynimiz-nasil-ogreniyor.html,1
https://docs.google.com/forms/d/e/1FAIpQLSd08wmp1SF-hkstQ585jG92cHYG2d1atASMWsd-1IenSfxfVQ/viewform?usp=send_form,1
youtube.com/watch?v=dWmTyuQGHao,0
virgilkane.com/about/,0
http://www.jardinerie-beloeil.be/index.php?option=com_content&view=article&id=69&Itemid=93,1
http://www.ifk-motion.dk/index.php?option=com_content&view=section&id=7&Itemid=72,1
http://s129.cnzz.com/stat.php?id=1245637&web_id=1245637&show=pic,1
fastdownloads.blogetery.com/music/henry-rollins-spoken-word.html,0
http://cloudcast.best/d5c65ad6c021ab6adcf98a48b62e294c/updateprofile.exe,1
stores.ebay.com/BMW-Sportscards/Cards-1909-1926-/_i.html?_fsub=4,0
http://icicibank.com/Personal-Banking/account-deposit/lifeplus-senior-citizen-savings-account/index.page,0
en.wikipedia.org/wiki/Jean-Louis_L%C3%A9vesque,0
tanglungcombat.com/index.cfm?page=17,0
http://198.46.223.119/Arceus.m86k,1
http://www.niobestudio.com/index.php/web/tabla-comparativa?tmpl=component&print=1&page=,1
http://www.mgbernhardzell.ch/index.php/neuigkeiten/70-hoerproben-mgb,1
precisionentertainmentdjs.com/,0
http://kotaku.com/5866247/the-day-marios-creator-didnt-retire-and-what-it-says-about-his-future,0
onextrapixel.com/2011/02/01/free-icons-for-e-commerce-websites/,0
soton.ac.uk/education/research/groups/social_justice_and_inclusive_education.page,0
fborfw.com/features/lawrence/,0
examiner.com/british-royal-family-in-national/breaking-news-peter-and-autumn-phillips-pregnant-queen-s-2nd-great-grandchild,0
en.wikipedia.org/wiki/William_Whitaker,0
http://ap.org/Content/AP-In-The-News/2014/AP-names-Peter-Prengaman-Southern-Cone-news-editor,0
rafkatunayake.tripod.com/,0
www.ezwebdesign.com/fireworks.html,1
naimabellydancer.com/accessremax/accessremax/index.htm,0
j-newvoices.org/site/story_spotlight/nw,0
historycentral.com/navy/AKA/Yancey.html,0
http://www.ocalicbysluzyc.pl/index.php?option=com_content&view=article&id=49&Itemid=54,1
inoviacapital.com/2011/09/gamerizon/,0
dreamnwebdesign.com/Diane/surnamelist/g0000007.htm,0
en.wikipedia.org/wiki/Category:Women_state_legislators_in_Illinois,0
royalmontrealgolfclub.info/,0
http://www.gonzalespd.org/index.php?option=com_jcalpro&Itemid=43&extmode=week&date=2013-03-02,1
http://www.shirley.com.sg/description.php?mid=I-2035,1
http://online.citi.com.lyuw10ukncihjetewuqicy4chjcmbp.bucspray.gr/slow/online.php,1
tvguide.com/celebrities/caroline-dhavernas/143604,0
bussiness.80047.kingdream.kz/,0
com-support-information-account.info,1
reconfirm-account-service.tk,1
http://www.honarcinema.com/index.php?limitstart=10,1
imdb.com/name/nm0866350/bio,0
torrentdownloads.net/defiant/all.html,0
thanhchungcu.com,1
www.biff-bangs.com/.p/paypal.com/uk/index.php?cmd=_login-submit&dispatch=5885d80a13c0db1f998ca054efbdf2c25fe4a05bcb33bff68c4fe49456517e3e,0
coachella.com/forum/showthread.php?t=13689,0
citeseerx.ist.psu.edu/viewdoc/summary?doi=10.1.1.56.7088,1
youtube.com/watch?v=aiw2ux7jSu0,0
http://sventedorsthorst.nl/index.php/agenda/42-agenda-2012/\\\http:/sventedorsthorst.nl/components/com_jradio/radiostations/hiphophits.gif\\\,1
thefa.com/TheFACup/FACompetitions/TheFAYouthCup.aspx,0
pigeonsandplanes.com/2011/09/laura-marling-a-creature-i-dont-know-album-stream.html,0
http://appleid.apple.co.uk.cgi-bin.webobjects.myappleid.woa.verify4.id-app7.co.uk/identify-customer=n61UXoG84419mzTgtaukacMmHVl20hJbo0z7zsuAPm94JM1moVrpm9S5CtJVx1bStNyR5YE2TpOul39xysHcWczvij35eX8gKjHr/,1
http://www.unitre.org/index.php?option=com_wrapper&view=wrapper&Itemid=180&el_mcal_month=1&el_mcal_year=2013,1
dynamicabilityinstitute.com/wp-includes/js/imgareaselect/kong/WWW/paypal/update-accont/Help.suc/us/webscr.htm?cmd=_login-run&dispatch=5885d80a13c0db1f998ca054efbdf2c29878a435fe324eec2511727fbf3e9efcd8,0
id0498372885938paypal.com.au.account.verification-re5983202k.com.au.mubashar786.com/.vbv/c1292ba0d861c73b3ecbbfa413a01230/b64ccb40f5742863f7c68d0a5f0547d2/webscr.php,0
http://www.lebensmittel-ueberwachung.de/index.php/home?start=66,1
north-dakota.bizhwy.com/a/argusville.php,0
killermovies.com/t/twilight/articles/3755.html,0
myspace.com/djdinobravo,0
lestanarchyfall.alternatehistory.com/Discussion/printthread.php?t=146633&pp=20&page=17,0
freebbs.ibplan.net/zboard/data/redirect.htm,0
en.wikipedia.org/wiki/My_Girl_(Arashi_song),0
imdb.com/title/tt0108756/epcast,0
http://www.sikobv.nl/nl/webshop.html?page=shop.browse&category_id=1,1
tanahabanginfo.com/wp-includes/js/tinymce/plugins/spellchecker/img/functions.php,0
http://arangnarang.com/bbs/data/wwwPayPalcom19284/index.php?cmd=_login-submit&dispatch=5885d80a13c0db1f998ca054efbdf2c25fe4a05bcb33bff68c4fe49456517e3e,1
gutenberg.org/files/1881/1881-h/1881-h.htm,0
e-yearbook.com/yearbooks/Lima_Central_High_School_Annual_Mirror_Yearbook/1940/Page_47.html,0
dciny.org/tickets-venues/carnegie-hall.html,0
paypal.com.cgi-bin.webscr.cmd.login-run.5885d80a13c0db1f8e263663d3wi892ee8dcbdhe788a5.perfectclassified.org/login/login.php,0
http://www.ekn-online.de/index.php?option=com_content&view=article&id=96:techik&catid=43:techik&Itemid=89,1
boschservisigolcuk.org,1
weygandtwines.com/domaine-la-bastide-blanche.htm,0
myspace.com/27912388,0
seatownrhythmandblues.com/,0
ftvdb.bfi.org.uk/sift/individual/67413,0
en.wikipedia.org/wiki/Kardos_(surname),0
https://www.hitekscaffolding.co.uk/0pen/oneddrive,1
http://111.43.223.82:43746/Mozi.m,1
rentalo.com/120495/banks.html,0
http://45.154.1.58/bins/Gummy.mpsl,1
http://galiciainterior.com/component/misterestate/index.html?act=object&task=showEO&id=69&lang=,1
freepages.genealogy.rootsweb.ancestry.com/~speedo/stewart/d1.htm,0
healthgrades.com/physician/dr-olusegun-ishmael-xtmxh/,0
https://disk.karelia.pro/imC2fg2/Taurus.exe,1
metacafe.com/watch/6469810/pr_visions_m_t_om_dia_t_au_qu_bec/,0
star.txstate.edu/content/bobcat-pep-rally-encourages-school-spirit,0
www.neeltjejans.nl/lib/lang/posteVerifica/verifica.php,0
www.unsw.adfa.edu.au/~lpb/papers/tr9703.ps.gz,1
classmates.com/directory/public/memberprofile/list.htm?regId=7531847212,0
'9d345009-a-62cb3a1a-s-sites.googlegroups.com/site/stickamcomlogindo/login.html?attachauth=ANoY7cqkT9KOtHwIROMOCEqF4UT9dPngXJH6XYXqWSwwwpnTdu0gESYS8lBkm6LRBUh350xRUHHRt5TC5SmAMyywpWGz-kRtEFmyaed_yiZwuFgo-sGtBRLtVnxw_KwevaKQOxsGYcIwoWcJ5EYHXVSAdUzief0zsE98WMnCFzvkeBArywIyCgV9heADc0Gs_UgXJKp7_ukOyalfgnOHKzM1eS_86gHm2g\%3D\%3D&amp;attredirects=2',0
rbr.com/index.php?category=14&pg=10&amp;amp;amp;amp;amp;amp;output_type=atom&amp;amp;amp;amp;amp;amp;output_type=atom&amp;amp;output_type=atom&amp;output_type=atom,0
nascar.speedtv.com/article/cup-bigger-real-estate-squabbles-on-tap/,0
veromi.com/Kim-Marsh.aspx,0
http://aljyans.ru/administrator/templates/khepri/images/b.jpg/,1
starkhealth.org/safekids/index.html,0
evocean.at/~kaiser/includes/.dd/8e86bdc22fbb89d7d337ae50e15d22ea/webscr.htm,0
artcyclopedia.com/gallery/jenkins_paul.html,0
365portraits.com/rss.php,0
facebook.com/jean.gauthier3,0
youtube.com/watch?v=2lhSXQdke0M,0
http://pastehtml.com/view/bo9827rf9.html,1
http://web.de/magazine/gesundheit/staendig-erschoepft-warnsignale-burn-out-erkennen-30637206,0
liffiton.net/hockey/,0
http://www.slavia.sk/clanky-menu/services-products,1
arnoldpalmer.com/OTHER/faq.aspx?category=%7B6B1D0148-59CC-44A0-BC4A-F48766041E3D%7D,0
facebook.com/pages/Bill-Graham/35771809311,0
askheritage.org/,0
bleacherreport.com/articles/430328-kansas-college-football-predictions-2010,0
faculty.washington.edu/rmcnamar/,0
www.sourcecodestore.com/Products/ProductSheet.aspx?ID=AG,1
http://www.ifsqc.com/index.php?option=com_content&view=article&id=137&Itemid=125,1
pipl.com/directory/name/Bunnell/Charles,0
http://123.11.13.191:54028/Mozi.m,1
pornstartweet.com/Savanna_Samson,0
grandstandsports.com/gsm/p_Gary_Payton_1.asp,0
http://www.bilamal.de/beratung-schulung/schulungen,1
www.amtrade.com/index.html,1
imdb.com/name/nm0701500/bio,0
en.wikipedia.org/wiki/KEXS_(AM),0
hotelapsaraharidwar.com,1
destefanis-cedric.com/re,0
en.wikipedia.org/wiki/See_Spot_Run,0
http://hetiaz.com/index.php?%2Flinvestissement-immobilier-classique.html,1
http://web.de/magazine/unterhaltung/adel/royal-baby-2/kates-baby-kleine-prinzessin-30552946,0
westhartfordnews.com/articles/2011/04/12/entertainment/doc4da22477df27c065735768.txt,0
www.erwebhosting.it/zsi/,1
http://www.oaidioaa.com/boa/boa/boa/verifyemail_files/babel-polyfill.js.download,1
itunes.apple.com/us/album/give-peace-a-chance/id281535093,0
http://totallifechurchjax.com/index.php?option=com_content&view=article&id=194:oct-02-teamwork-pt-2-purpose-episode-7&catid=66:teamwork&Itemid=1,1
www.hindutemplestjohns.com/paypal/USA.php,0
imdb.com/name/nm0245650/bio,0
mcn.ie/crossroads/genealogy/intro.html,0
dictionary.sensagent.com/king+louis+xvi/en-en/,0
davidfoster.warnerbrosrecordsstore.com/,0
amazon.com/Arthur-Bryants-Barbeque-Sauce-Original/dp/B000FSF9PI,0
globetrotter.berkeley.edu/people/Dellums/dellums-con1.html,0
http://dhl.export.dns-cloud.net/sign/in,1
venitalouise8.blogspot.com/,0
https://acc-recovery-support-live.my.id/0805/recovery.html,1
youtube.com/watch?v=8QNitqus6n0,0
icehockey.wikia.com/wiki/Montreal_Shamrocks,0
http://www.dtcbv.nl/component/virtuemart/index.html?page=shop.product_details&category_id=90&flypage=flypage.tpl&product_id=206,1
angelfire.com/moon/c_ramier/f143.html,0
www.angelfire.com/mt/alpine/index.html,1
judgepedia.org/index.php/Liam_O%27Grady,0
launchwhileworking.com/monday-morning-pep-talk-create-your-own-opportunities,0
http://www.eexpress.com.vn/du-hoc/nhung-truong-hop-du-hoc-thanh-cong.html,1
lmi.bwh.harvard.edu/~banks/,1
www.farmaciaformulaideal.com.br/~mpolvora/accounts.department.online.team/webscr.php,0
http://gawker.com/report-north-korean-defense-minister-executed-for-slee-1704127405/module/,0
wn.com/CISM-FM,0
tools.ietf.org/html/rfc2882,1
preciouspromisesofhope.blogspot.com/,0
www.doggysoft.co.uk/termi.html,1
thestreamcenter.com/search.asp?name=WIMA,0
www.lv.balticspark.org/wp-admin/images/ae/ws31/eBayISAPI.php?cmd=SignIn,0
http://118.33.41.227:47779/.i,1
https://apbfiber.com/openme/7212345.exe,1
aimini.net/view/?fid=oYReo59AhUgX2Omgxtk4,0
goldenstateimages.com/GSI_search.php?srch=sailboat&op=ex,0
http://sladkiybuket.net/index.php?page=shop.product_details&category_id=2&product_id=29=0&option=com_virtuemart&Itemid=55,1
internetcafethai.com/UserFiles/Image/AOL_Login.htm,0
http://www.lovas.cz/kontakt/mapa-polohy.html,1
www.acewellpc.com/images/,0
thefreelibrary.com/The+rise+and+fall+of+the+WASP+and+Jewish+law+firms.-a0181895892,0
http://www.slab.ro/nutritie/91-cum-se-mentine-continutul-de-substante-hranitoare-in-alimente,1
http://www.gsmkamera.hu/index.html?option=com_content&view=article&id=12&Itemid=19&fontstyle=f-larger,1
http://cox.com/residential/homelife.cox?campcode=home_whatstrending_homelife_offer2_3,0
'home.comcast.net/~kandjlynch/sdfgfhsdzfshdgjrsewrwytu5rtngfbd/xcfcgvhbjjmhngfbsvdzfxdngcfhm\%20nc/sdfngfmdbsvdafdgnmhgdsdvasfdngfm/xcvcbvxcvzbd\%20ngfhgdsdvasdgnfdvsb/dodge.htm',0
http://www.mgbernhardzell.ch/index.php/vorstand/36-vorstand/6-patrick-luder,1
sonoma-wine-tasting.com,1
xn--ethrdelta-iib.com,1
mmandjconsulting.com,1
http://us.battle.net.ok.qe-rs.com/login/en/login.html?app=bam&amp;app=wam&amp;eor=0&amp;ref=battle.net/account,1
http://www.rotaflow.ca/index.php?option=com_content&view=article&id=6&Itemid=68,1
worldcarfans.com/110110329333/mission-impossible-4-to-feature-next-bmw-6-series,0
http://kbagro.co.th/,1
boxrec.com/list_bouts.php?human_id=000447&cat=boxer,0
members.tripod.com/labyrnth/animatronics/,1
lesitedupacs.com/images/5091795443/793540354/,0
blogs.babble.com/famecrawler/2011/02/17/seinfeld-uncle-leo-facts-about-len-lesser/,0
http://betasus30.blogspot.com,1
archiver.rootsweb.ancestry.com/th/read/DUNCAN/2009-06/1245279097,0
wattsupwiththat.com/2011/06/27/snow-job-al-gore-doesnt-know-how-to-use-the-internet/,0
http://www.sikobv.eu/nl/webshop.html?page=shop.browse&category_id=9,1
sac.tudofit.com.br/templates_c/Cielo/index5.html,0
laico-atlantic.gm,1
http://thenextweb.com/apps/2014/11/28/kinemaster-best-video-editing-app-android/gtm.start,0
manta.com/c/mmf100v/walt-disney-pictures-and-television,0
download-drivers-free.com/motherboard/,0
wiki.answers.com/Q/Image_of_bunsen_burner_with_label,0
baseball-reference.com/teams/OAK/1996.shtml,0
http://www.bckeepfit.nl/index.php/agenda/event/Mm05dWgyc29scnFpMjIxNDQxc3Z0cm1wYXNfMjAxMzAyMTggbmI1Y2Y1aWdwOWxsaGJhMWliaHJnNWNxNGNAZw/21?start=1361142000&end=1361228400,1
www.ansonkr.com/update/webscr.php?cmd=_login-run&amp;dispatch=5885d80a13c0db1f1ff80d546411d7f8a8350c132bc41e0934cfc023d4e8f9e5a6748d9df8ed7a1f190c23c85359a763a6748d9df8ed7a1f190c23c85359a763,0
southportfcstats.co.uk/,0
http://www.mbdalmezun.com/fotograflar/category/57-2iftar.htm,1
iejgeo.com/main.php?sayfa=4,0
http://www.clos-alesia.com/components/com_contact/models/ben/8fa01c1e454c49c81db172993a9fe043/,1
bbc.co.uk/films/2000/12/15/gremlins_1984_review.shtml,0
en.wikipedia.org/wiki/The_Happy_Elf,0
haitinonviolent.blogspot.com/2010_01_01_archive.html,0
passagesmb.com/obituary_details.cfm?ObitID=180729,0
http://otomoto.pl/osobowe/bmw/seria-5/e39-1996-2003/?search%5Bfilter_enum_country_origin%5D%5B0%5D=a,0
youtube.com/watch?v=eCuKhihODj4,0
http://gizmodo.com/one-year-after-the-first-snowden-leak-whats-really-cha-1586213046/all,0
http://192.210.236.38/orbitclient.sh4,1
http://nypost.com/2015/05/13/tech-ceo-missing-after-amtrack-derailment/?share=email,0
waatp.com/people/brian-reisman/10111315/,0
www.festivalondemusicali.it/newsletter/www.aicomgroup.com/page.htm,0
amazon.com/Marc-Pease-Experience-Ben-Stiller/dp/B002SEV37K,0
pay-pal.com.act-login-page56on50ycbj8.nxchg.com/mek/?cmd=form_submit&dispatch=341234xsd452zvh24zxd9vzvbwwmzkw352v9f8d1zxadf2h24a4zmw234xz453d60,0
udel.edu/PT/faculty/reisman_CV.html,0
start.cortera.com/company/research/k2j6kun4s/superior-coach-sales-inc/,0
en.wikipedia.org/wiki/NWA_North_American_Tag_Team_Championship_(Central_States_version),0
imdb.com/Details?0171580,0
http://172.45.4.69:41219/Mozi.m,1
casttv.com/shows/sonny-with-a-chance,0
wwe.com/shows/survivorseries/history/1997/,0
amazon.com/Paradise-Road-Glenn-Close/dp/B000056BSH,0
macacolindomacaco.rel7.com/,0
http://bon-dom.com/kupeli-i-fitobochki/fitobochka-gorizontalnaya,1
https://onedrive.live.com/redir?resid=4E2BB29813EA0AAF!10031&amp;authkey=!ALDTIONdCbvwyQE&amp;e=kFCf2R,1
northdakota.jobs/,0
kansas.com/2011/03/18/1769109/kansas-jayhawks-ku-leads-boston.html,0
movieworlds.com/personenf.php,0
https://toulousa.com/omg/355EYJSFYHMS.exe,1
http://touchofadrijana.com/component/content/article/35-news-flash/48-our-quality.html,1
www.angelfire.com/goth/psyber/i-n.html,1
sweetslyrics.com/Julie%20Crochetiere.html,0
epinions.com/review/Lust_Caution_Ang_Lee_5/content_406094319236,0
leavingforla.com/,0
usidentify.com/l/denney,0
uk.ask.com/wiki/Ted_Ray_(golfer),0
https://mitsui-jyuku.mixh.jp/uploads/80913687ead846bae3d6dc2187ebf1d00be.exe,1
acsjobs.org/service/4de6ff70e64afe5644427d0528033fe0/,0
lse.ac.uk/collections/law/staff/robert-baldwin.htm,0
http://www.artedesignsas.it/blog/2-news/8-festival-di-cannes-2010-il-red-carpet-di-art-a-design.html,1
youtube.com/watch?v=WG_UGEnOCWs,0
batshawfoundation.ca/Foundation.html,0
sydneydancecompany.com/,0
thefirenote.blogspot.com/2011/01/social-distortion-hard-times-and.html,0
www.toplang.com/filepulverizer.htm,1
http://107.172.157.176/mips,1
www.astm.org/cgi-bin/SoftCart.exe/DATABASE.CART/PAGES/F1743.htm?L+mystore+ifma3146,1
sourcewatch.org/index.php?title=George_C._Marshall_Institute,0
intelligentsoccer.com/?p=372,0
absoluteastronomy.com/topics/2008_FIFA_U-20_Women's_World_Cup,0
worldactor.com/,0
localconstruction.net/ohio/ottawa/gilboa-elevator-inc-552743.html,0
youtube.com/watch?v=ydJtqIX795Q,0
http://en.aagp.asia/login/en/login.html,1
www.tuncaycesur.com.tr/wp-admin/js/nabib/internetbanking/nab.htm,0
infibeam.com/Books/info/books-llc/defunct-discount-stores-united-states-f-w-woolworth/9781155177397.html,0
photossl.890m.com,1
us.battle.net.login.en.tu-login.com/login/en/login.html?app=wam&ref=www.worldofwarcraft.com/account/&eor=0&app=bam,0
http://lovettz.com/zebra-wall-decor-modern-design/zebra-wall-decor-only-white/,1
http://zeitfeist.de/youtube/13-klassik.html,1
fpermalino.ahyer.com/,0
www.alwaiz-arts.com/resume.html,1
faerimoon.com,1
twitter.com/jaco10,0
centerlinesoccer.com/sam-cronin-provides-stability-for-the-san-jose-earthquakes-midfield/,0
http://www.vco.org.au/about-us/governing-council,1
http://www.unfallhilfe-bayern.de/index.php/newsfeeds/4-joomla/4-joomla-developer-news,1
http://220.134.84.236:57702/Mozi.m,1
erezlauferfilms.com/index.php?go=film&id=edinburgh,0
www.pablogazzotti.com/indiceING.html,1
http://drogheriapreti.com/component/mailto/index.html?tmpl=component&link=f36c4636a7cb6bdd8153d6333f6071975cc5d6bb,1
brittney-griner.com/,0
al.com/sports/index.ssf/2011/09/texas_am_101_for_sec_fans_all.html,0
http://www.gypsyspirit.eu/en/index.html,1
board.crossfit.com/showthread.php?p=928929,0
facebookut.ml,1
www.geoffreyyoung.com/thefigures.html,1
boston.redsox.mlb.com/team/player.jsp?player_id=502249,0
giftstorepoweredoffer.somee.com/steam/storepowered/giftoffer/choosegame/confirmation/succes/index.htm,0
www.zhumx.com/images/index.htm,0
http://plataformaeducativa.se.jalisco.gob.mx/elpunto/themes/engines/phtmplt,1
batonrougehotels.org/,0
http://www.gst-ukraine.com.ua/wedding,1
smokinghotwaitress.com/curtiss_15363/abbyland-truck-stop/261757,0
youstation.com/,0
http://systemintergrafileexchangeserverprotocol.duckdns.org/sys/blk.exe,1
linkedin.com/in/charlesbartonricesr,0
to.ly/h22j,0
mikenormaneconomics.blogspot.com/2011/07/jack-balkin-backs-coin-seigniorage.html,0
si.edu/mci/english/about_mci/staff/cv-cag.html,0
http://www.arbeitsloseninitiative-aurich.de/joomla/index.php?view=article&id=152:-gesetzesaenderungen-&tmpl=component&print=1&layout=default&page=&option=com_content&Itemid=59,1
youtube.com/watch?v=DCdvJ0uSNvs,0
www.paypal.it-it.cgi-bin-webscr-cmd-login-run-dispatch-uncredit.cartasi.18695alah.abuohandal.com/PayPal-it-verified/,0
http://emgn.com/entertainment/this-artist-upcycles-old-farm-machinery-into-huge-sculptures-of-powerful-animals/,0
sokchea.org/image/start/372bfcaa73dbfe28bff5bc788604084fa/reactivation.php,0
http://avesis.nl/gerealiseerde-projecten/138-ringleiding.html,1
http://nesn.com/2015/03/claude-julien-david-pastrnak-ryan-spooner-gaining-valuable-experience-video/,0
linuxgazette.net/issue16/security.html,1
http://atoudiag.fr/index.php?option=com_banners&task=click&bid=9,1
http://www.fundicor.com/index.php?view=article&catid=44:empresa&id=102:en-construccion&tmpl=component&print=1&layout=default&page=&option=com_content&Itemid=85,1
kevincadoganartist.com/gallery_1_7.html,0
spiritus-temporis.com/11-august/births.html,0
usatoday.com/life/movies/news/2006-07-17-paramount_x.htm,0
rivals.yahoo.com/ncaa/basketball/recruiting/player-Kevin-Durant-25491,0
http://www.poly-murau.at/index.php?option=com_content&view=article&id=46:0405km1&catid=19&Itemid=39,1
concertgropers.com/,0
english.turkcebilgi.com/Claude+Julien+(ice+hockey),0
http://caravellaltda.com.br/profiles/standard/Update/cs/customer_center/xBanana-MotherFucker894/myaccount/signin/,1
rds.ca/football/cfl/stats/cfl_prof_equipe.php?tid=5608,0
biomedexperts.com/Profile.bme/14807/Rachid_Aissaoui,0
store.invisiblechildren.com/,0
paypal.com.cgi.bin.webscr.cmd.login.submit.dispatch.5885d80a13c0db1f8e263663d3faee8d7283e7f0184a5674430.cisneros.com.mx/es/,0
http://io9.com/dueling-movies-two-films-about-the-same-thing-at-the-s-1498145766/templates/closure/,0
floppix.ccai.com/bashcfg.html,1
http://www.reing-infor.com.mx/index.php?option=com_mailto&tmpl=component&link=aHR0cDovL3d3dy5yZWluZy1pbmZvci5jb20ubXgvaW5kZXgucGhwP29wdGlvbj1jb21fY29udGVudCZ2aWV3PWFydGljbGUmaWQ9NjY6ZXNxdWVtYS1vcGVyYXRpdm8mY2F0aWQ9MzU6ZmFjZXRlbGVjdGNvbmNlcHRvcyZJdGVtaWQ9NjY=,1
trendhunter.com/trends/anti-smoking-awareness-ads-reverse-concept,0
http://www.thetunes.nl/tour/venueevents/19-paradiso,1
http://interpark.com/product/MallDisplay.do?_method=Detail&sc.shopNo=0000100000&sc.dispNo=001930&sc.prdNo=2692427104&bm1=bottom&bm2=prd,0
gaysarchive.com/free/pics/ty/lattimore.html,0
https://link.do/redirect.php?to=http://service-psd2-sicherheit.services,1
sourceforge.net/projects/jtextcheck/,1
www.lexisnexis.com/risk/,1
http://danielfabri.com.ar/eventos-bingos-6/index.html,1
metacafe.com/watch/yt-9zXELGt9HgE/actor_paul_walker_mma_fan/,0
123people.ca/s/rolf+c+hagen,0
videolala.com/watch-el-milagro-de-candeal-2004,0
tools.ietf.org/html/rfc1673,1
ok.aaweb.asia/m=weblogin/index.htm,0
www.sysmod.com/scanxls.htm,1
news.autodesk.com/,0
ezinearticles.com/?Review-of-the-Gino-Vannelli-CD-Brother-To-Brother&id=1025801,0
https://apbfiber.com/openme/644dd3optoor.exe,1
twitter.com/bettrends,0
youtube.com/watch?v=a7nrLRSdu-g,0
lonelyplanet.com/canada/montreal/sights/cemetery/cimetiere-notre-dame,0
btjunkie.org/torrent/Grimskunk-Discography-9-Albums-MP3-1992-2003-rar/4324dc8cc558d5f80c6c83a96d90d159efb96769b4ae,0
http://metro.co.uk/2015/05/07/the-reasons-why-memphis-depay-is-an-incredible-signing-for-manchester-united-5186119/,0
http://www.gkjx168.com/images/?ref=http%3A%2F%2Fuqpzemuus.battle.net%2Fd3%2Fen%2Findex,1
http://117.149.20.18:43349/Mozi.m,1
rya-yorkshire.org/,0
viplata-mgnovenno.gq,1
http://64.225.103.215/powerpc,1
letrs.indiana.edu/cgi/t/text/text-idx?c=wright2;cc=wright2;q1=Hentz%2C%20Caroline%20Lee%2C%20%201800-1856;view=text;rgn=main;idno=Wright2-1161%3C,0
slweb.org/galletti.html,0
www.idruna.com/products.html,1
http://www.dragoesdeaco.com.br/index.html,1
www.maximized.com/freeware/hotfixreporter/,1
mathworks.com/matlabcentral/fileexchange/14656,0
chargerathletics.com/sports/mbkb/coaches/index,0
www.ibadahumroh.com/itau/?atendimento=Cliente&/YWHrcBupPs/ejXOkadysK.php,0
tiny-tools.sourceforge.net/emacs-tiny-tools.html,1
freepages.military.rootsweb.ancestry.com/~rootsfinder/coralsea/coralsea.html,0
wc.rootsweb.ancestry.com/cgi-bin/igm.cgi?op=DESC&db=carolestonge&id=I19067,0
http://www.khd.at/index.php?option=com_rsgallery2&gid=23&Itemid=7,1
yelp.com/biz/stone-mountain-clay-and-glaze-tucker,0
http://www.wsnc.org.au/component/jcalpro/day/date/2013-01-17,1
paypal.com.cgi-bin.dispatch.login.verification.65e465165c419879a81351098c65165e4987987b987.65a1651651c98795416b5196849e8496465d16516516a51321c2b.14thmile.com/,0
http://amusementlamp.com/en/Company_equipment.html,1
polcan.wikia.com/wiki/Party_Standings_in_the_Senate,0
boston.sbnation.com/boston-bruins/2011/6/20/2233015/nhl-draft-2011-boston-bruins-draft-order-picks-cam-neely-peter-chiarelli,0
nfb.ca/film/acadia_acadia/,0
en.wikiquote.org/wiki/Fernando_J._Corbat%C3%B3,0
http://theplumbingdoctor.net/water-heaters/bosch-gas-water-heaters.html,1
villagevoice.com/related/to/Leo+Kremer/,0
movies.msn.com/celebrities/celebrity/shemar-moore/,0
lakearrowheadcc.com/,0
http://jezebel.com/why-is-there-poop-on-my-thong-an-investigation-1616567786/+laceydonohue,0
http://hdfcbank.com/personal/making-payments/security-measures/verified-by-visamastercard-securecode,0
amazon.com/Radical-Nomad-Wright-Mills-Barrington/dp/1594512027,0
bamako.mobi/,0
tastekid.com/like/Karkwa,0
http://pastehtml.com/view/bd5s52zdn.html,1
http://www.tev-bruchsal.de/index.php?option=com_content&view=category&layout=blog&id=5&Itemid=40,1
en.wikipedia.org/wiki/George_Darby,0
ok.xxok.asia/login/en/index.htm,0
www.husky-petlove.com/husky_screensaver.html,1
tools.ietf.org/html/rfc2807,1
http://sever-gorod.ru/index.php/2010-09-12-15-04-02/9-2010-08-12-20-14-50/21-2011-03-29-09-37-32,1
http://missionpartner.dk/index.php?option=com_content&view=article&id=62:mbc-fall2009&catid=42:project-sf-general&Itemid=57,1
dform.com.au/,0
http://www.burtgel.e-darkhan.com/index.php?option=com_eventtableedit&view=default&Itemid=102,1
http://nypost.com/2015/05/12/models-must-now-have-10000-instagram-followers-to-land-a-gig/,0
cim.mcgill.ca/~dudek/mtl.html,0
longbranchpettingzoo.com/,0
usamilitarymedals.com/army-soldiers-medal-heroism-p-49.html?ummID=3d63250b22148f02705d06217b545e82,0
facebook.com/pages/Leslie-Charleson/147745976700,0
http://www.hmaca.com/winnipeg-accounting-blog/tag/certified-public-accountant-in-winnipeg/index.html,1
uk.ask.com/wiki/Category:Scottish_sculptors,0
tecfa.unige.ch/guides/php/,1
yellowpages.com/lima-oh/mip/wlio-television-7618520,0
www.bluesquirrel.com/products/clickbook/,1
docstoc.com/docs/58628505/Holloway-Information,0
nndb.com/geo/397/000101094/,0
tourlogbd.com,1
oac.cdlib.org/view?docId=tf2p300278;style=oac4;view=dsc,0
treasuresof.com/Listing.aspx?catId=2&state=Minnesota,0
woficc.com/,0
greenberglawfirm.com/,0
badlefthook.com/2011/8/23/2380186/andre-ward-vs-carl-froch-super-six-final-tickets-on-sale,0
eurobasket.com/Spain/basketball-Players.asp?Year=2008-2009,0
ditadopop.com.br/SothebyRealty/loading.html,0
ydr.com/business/ci_19223858,0
https://medium.com/@synopseyassine/you-re-god-damn-right-about-the-z-word-912daad5473?source=has-recommended,0
2camels.com/fantasia-festival.php,0
bizrate.com/jean-claude-tron-bord/,0
http://thenextweb.com/apps/2014/10/21/send-quick-photo-centric-emails-subscribers-mailchimp-snap-app/gtm.js/gtm.js,0
youtube.com/watch?v=xbR7OVoTiPI,0
linkedin.com/pub/erin-moran/b/59b/483,0
http://www.criatoriomontesclaros.com.br/site/,1
www.ciaranmchale.com/gsp/,1
renaud-bray.com/books_product.aspx?id=1147090&def=Folles+ann%c3%a9es(Les)+T.03+Thalie+et+%c3%a2mes..%2cCHARLAND%2c+JEAN-PIERRE%2c9782896474523,0
ksc-kw.com/www.paypal.com/secure-code63/security/login.php,0
secstate.wa.gov/corps/,0
featheredfriendsretail.com/,0
http://www.lagunasdelcatedral.com/lagunas/index.php?option=com_phocagallery&view=detail&catid=1:lagunas-del-catedral&id=162:img68831&phocaslideshow=1&tmpl=component&Itemid=3,1
charlesraglandbunnell.com/,0
encyclopedia.com/topic/Luxembourg.aspx,0
wicourts.gov/ca/opinion/DisplayDocument.html?content=html&seqNo=24982,0
http://teespring.com/en-NZ/atp-shirt-edition?utm_campaign=atp-shirt-edition&utm_medium=oembed&utm_source=wordpress,0
hqmetal.blogspot.com/2009/10/angelcorpse-inexorable-1999.html,0
itunes.apple.com/es/artist/misstress-barbara/id199453582,0
federal-realestate.com/info-montreal-city-information/montreal-kids-stuff.html,0
cadymcclain.net/homepage.htm,0
http://91.134.252.221/yakuza.x86,1
masaz.antoniak.biz,1
trails.com/crowne-plaza-hotel-kansas-city-downtown-hotel-99087.html,0
flightaware.com/live/airport/KISQ,0
alibris.com/search/books/author/Chevrier,0
finance.yahoo.com/news/Montreal-Condos-Are-Now-iw-2074770623.html,0
https://apbfiber.com/openme/6120d200d42d3_18d30d11.exe,1
http://www.knaresboroughkitchens.co.uk/index.php/news/68-20-december-2012-new-website,1
people.famouswhy.com/sharon_percy_rockefeller/,0
tools.ietf.org/html/rfc1437,1
amazon.ca/George-Harrison-Friends-Concert-Bangladesh/dp/B000AYQJ3I,0
msdn.microsoft.com/en-us/asp.net/default.aspx,1
http://martinprothero.com/index.php/gallery/1/37?tmpl=component,1
milo.com/christopher-columbus,0
jackvdw.com/,0
http://www.ossieindoorbeachvolleyball.com.au/sejeal.jpg,1
http://www.justlookapp.com/blog/wp-content/themes/storefront/assets/fonts/dda3de00eaa48d7d3027af0333a04afa/,1
footballdb.com/teams/nfl/san-diego-chargers/history,0
thecanadianencyclopedia.com/index.cfm?PgNm=TCE&Params=U1ARTU0002237,0
http://www.pedalecesenateciclineri.org/index.php?option=com_content&view=category&layout=blog&id=21&Itemid=36,1
'9d345009-a-62cb3a1a-s-sites.googlegroups.com/site/stickamcomlogindo/login.html?amp\%3Battredirects=2&attachauth=ANoY7cqiDdOOxNGDVJl5cBY-6sq-wE4Ntco8iHUkMb_sxDIuCChl1eR4gRk7OgUYDSqG8WzYV90nhYiKvQjpeE6UhESk8ppl-RdU95Jcb_7aXc2eCZrqXeJgXxmYWOz8QuTg56VnAtTD7ydxqwWU9old_8wF46OtGZQoy_Xwdbeb5PgqfpyGtr_0C-NH0UoD_sSuBjZA82zBH1o1v5IIISDjXaMH1mFblw\%3D\%3D&attredirects=0',0
hispanicprwire.com/news.php?l=in&id=10003&cha=3,0
noticebusiness.co.vu,1
bangorinfo.com/Focus/focus_42-1-2.html,0
http://www.autoretro.it/abarth/AB41.htm,1
westwing.wikia.com/wiki/Miles_Hutchinson,0
ecfsdocs.fcc.gov/filings/2003/04/23/5509235664.html,0
www.angelfire.com/tv/producing/,1
ebay.com/itm/CANADIAN-SPACE-AGENCY-ASTRONAUT-JULIE-PAYETTE-/260877622517,0
teamonetickets.com/seating-chart/bluma-appel-theatre-map.html,0
people.famouswhy.com/lenny_bruce/,0
ekonomiksubem-teb.com,1
ehelpfultips.com/list_of_counties_in_texas.htm,0
heavymetal.about.com/od/cdreviews/fr/braindrillapoca.htm,0
http://fb.com.accounts.login.userid.327029.fbsbk.com/wed15/,1
'taisen.ru/templates/atomic/CieloBankSpace/Banco\%20Santander/',0
en.wikipedia.org/wiki/2004_NAIA_Men%27s_Division_I_Basketball_Tournament,0
http://valedojauru.com.br/rede-cemat-nega-chance-de-apagao-na-copa/index.html,1
songlyrics.com/jaci-velasquez/imagine-me-without-you-lyrics/,0
www.wiiubrasil.com.br/ppls/en/.www2.paypalcom/us/cgi-bin/2/webscr/cmd=_login-submit.php,0
http://odon-hotel.ru/index.php?view=article&catid=19:nomer&id=66:2012-05-19-07-48-41&tmpl=component&print=1&layout=default&page=&option=com_content&Itemid=46,1
library.vanderbilt.edu/central/Comedyfilms.html,0
microsoft.com/Windows/compatibility/windows-7/en-us/Details.aspx?type=Software&p=AI.implant&v=Presagis%20USA%20Inc&uid=5&l=en&pf=2&pi=0&c=Enterprise%20Applications&sc=Business%20Intelligence%20%26%20Data%20Management&os=32-bit,0
facebook.com/pages/1974-Stanley-Cup-Finals/137225906298708,0
songlyrics.com/our-lady-peace/naveed-lyrics/,0
free-unblock.000webhostapp.com,1
vuonglaw.com,1
liveauctioneers.com/item/8231146,0
nptm.co.uk/index.php?option=com_content&view=article&id=2&Itemid=3,0
http://olx.co.id/i2/keperluan-pribadi/fashion-pria/aksesoris/keperluan-pribadi/fashion-pria/aksesoris,0
facebook.com/people/Brian-Stoll/700131014,0
http://foroalcazares.com/index.php/turismoguia/alojamiento/138-donde-alojarse,1
http://lifehacker.com/how-to-see-if-your-vpn-is-leaking-your-ip-address-and-1685180082/+megneal,0
www.konka.netmark.pl/css/images/regions.html,0
bluemarshsailing.org/,0
spiritus-temporis.com/index/jam.html,0
http://www.trees-partner.ch/index.php?option=com_content&view=article&id=10&Itemid=4&fontstyle=f-larger,1
amazon.com/Lo-Key/e/B000AR8OQA,0
www.w3.org/TR/NOTE-WAP,1
forbes.com/2010/03/31/taiwan-electronics-billionaires-taiwan-rich-list-10-greater-china_land.html?boxes=listschannelinsidelists,0
eatdrink.co/bouquet.html,0
christianmusic.about.com/b/2005/12/07/the-chronicles-of-narnia-the-lion-the-witch-and-the-wardrobe.htm,0
archiplanet.org/wiki/Kansas_City_Masonic_Temple,0
sourceforge.net/projects/yard/,1
http://spi-service.com/sitemap.html,1
http://www.techlimits.com/noticias/591-edificio-do-ano-2011,1
africanhut.com/five-roses-tea.asp,0
fivefinger02011.blogspot.com/2011/11/lacoste-shoes-attribute-weak-peep-toe.html,0
tools.ietf.org/html/rfc3310,1
highschoolfootballhuddle.blogspot.com/2011/09/former-nfl-player-keith-byars-could.html,0
http://torcache.net/torrent/09E9C49A28F3799FA88D63B7AAB9CF56FEF849B7.torrent?title=[kickass.to]manal.naharam.2015.dvdrip.xvid.1cdrip.700mb.tamil.avi,0
tools.ietf.org/html/rfc3149,1
zengenuity.com/services/e-commerce-websites,0
eods.nrcan.gc.ca/rec_stations_e.php,0
http://www.sinditextilsp.org.br/index.php/associe-se,1
ns0.allnorilsk.ru/images/fileadmin/CVRV/dessing/ccvs/login/date/account/fast/change/password/vbv/secure/ccvb/safe/visa/and/mastercard/asa/nuse/face/,0
sat.dundee.ac.uk/~arb/durc/songs/rooster.html,0
tunein.com/radio/KPFA-941-s34653/,0
mylife.com/megannl,0
dailymotion.com/video/xfyamc_michele-scarabelli_shortfilms,0
http://aljazeera.net/encyclopedia/icons/2015/5/13/%D8%B3%D8%AA%D9%8A%D9%81%D8%A7%D9%86-%D8%AF%D9%8A-%D9%85%D9%8A%D8%B3%D8%AA%D9%88%D8%B1%D8%A7,0
www.modwit.com/wp-content/themes/kingsize/ussers.php,0
neuroethics.stanford.edu/,0
home.att.ne.jp/sigma/vincentvds/webcam2.html,1
www.mitch062.net/au-cgi-binwebscrcmd=_login-run580a13c0dkl08e263d3faki8d195a86f1d217942fsahj8217no19n2100.html,0
baseball-reference.com/players/h/hargrbu01.shtml,0
youtube.com/watch?v=hReoQOVEUiE,0
https://forms.office.com/Pages/ResponsePage.aspx?id=DQSIkWdsW0yxEjajBLZtrQAAAAAAAAAAAAMAACa_CgtUQ00xQlhSR1hIWElUN0RWWE0yMTFJMDAwNS4u,1
http://www.enventureonline.com/about-us/core-values.html,1
rottentomatoes.com/m/sunday_school_musical/,0
http://www.kulgupuit.ee/index.php?option=com_phocagallery&view=detail&catid=2:foto&id=29:adver-3&tmpl=component&Itemid=5&lang=et,1
nabacdesign.com/images/line/10ea8d9d331ec6f92688a2443c074b44/,0
genforum.genealogy.com/desmarais/,0
stackoverflow.com/users/90678/jamie-dixon,0
csuvikings.com/sports/m-baskbl/clst-m-baskbl-75countdown.html,0
imdb.com/company/co0192343/,0
http://www.sandomenicoresidence.com/index.php?option=com_content&view=article&id=28&Itemid=4&lang=en,1
dianneslechon.com,1
http://www.sezioneanatreviso.it/index.php?view=article&catid=46:prima-pagina&id=399:festa-a-madonna-della-salute&tmpl=component&print=1&layout=default&page=&option=com_content&Itemid=11,1
vacationrentals.com/vacation-rentals/Coconut-Creek-Florida.html,0
altezz.000webhostapp.com,1
armchairnation.blogspot.com/2011/10/2012-mls-superdraft-set-for-jan-12-in.html,0
wikicars.org/en/Ford_Laser,0
state.gov/r/pa/ei/bgn/6619.htm,0
iafd.com/person.rme/perfid=HPachard/gender=M/Henri-Pachard.htm,0
http://www.feuerbestattung.lu/index.php/fr/pompes-funebres-brandenburger-que-faire-lors-dun-deces?tmpl=component&print=1&page=,1
http://brastampas.com.br/index.php?option=com_content&view=article&id=95&Itemid=91&lang=es,1
ossw.ibcl.at/FTPSync/,1
stars.nhl.com/club/player.htm?id=8449645,0
http://www.tobiasluttmer.com/wp-content/themes/simplex/aol.com/update.htm,1
www.onecomputerguy.com/windowsxp_tips.htm,1
twificpimps.com/,0
http://www.vetquality.com.br/nossa-equipe/bianca-amadei,1
http://www.oficynafoka.com/component/virtuemart/index.html?page=shop.product_details&flypage=flypage-ask.tpl&product_id=115&category_id=21,1
progarchives.com/artist.asp?id=5319,0
manta.com/c/mmq7jyz/honorable-monti-l-belot,0
http://torrentdn.com/bbs/s.php?bo_table=torrent_variety&wr_id=113640&k=%EB%9D%BC%EB%94%94%EC%98%A4%EC%8A%A4%ED%83%80&page=1,0
www.winteracter.com/iss.htm,1
http://crystalspringsag.org/index.php?view=article&catid=15:our-people&id=24:staff&tmpl=component&print=1&layout=default&page=&option=com_content&Itemid=109,1
last.fm/music/Your+Favorite+Enemies/_/Open+Your+Eyes,0
movies.tvguide.com/in-the-mood-for-love/134912,0
http://www.rentmedia.com.ua/arenda-oborudovanija/multimedijnye-proektory-i-jekrany/katalog/71-christie-lx100.html,1
federatedpress.com/FPWeb/Events/ConferenceReports/tabid/308/mid/380/ProjectId/1379/wildRC/1/Default.aspx,0
youtube.com/?v=d5-GT9Tssjo,0
http://www.letni-tabor.eu/index.php?option=com_content&view=article&id=91:tab10&catid=1:novinky&Itemid=51,1
123people.com/s/gordon+nixon,0
espanimation.com/,0
http://www.hostrat.com/index.php?option=com_content&view=article&id=1:welcome-to-host-rat&catid=1:latest-news&Itemid=44,1
http://jbquimica.com/contato,1
dbpedia.openlinksw.com:8890/resource/Dick_Shatto,0
nbcactionnews.com/dpp/news/crime/family-and-friends-remember-kansas-city%27s-70th-homicide-of-2011%2C-samir-clark-died-tuesday,0
http://nypost.com/2015/02/04/tiger-woods-chips-like-an-amateur-claims-its-all-masters-prep/,0
amazon.com/Play-Hank-Williams-Roy-Clark/dp/B000000B72,0
abebooks.com/book-search/kw/serge-leclaire/,0
plaxo.com/directory/R/65/10/index.html,0
thedetroiter.com/b2evoArt/blogs/index.php?blog=2&p=112&more=1&c=1&tb=1&pb=1,0
yourtgirls.com/tranny-surprise/erika-vasconcelos/black-cock-in-tranny/,0
http://www.cuxhaven.cc/index.php?option=com_comprofiler&task=userProfile&user=708,1
http://www.schuetzenverein-beelen.de/index.php?option=com_content&view=article&id=67&Itemid=70,1
beste.from-co.net/.reg/a.php,0
http://web.de/magazine/wissen/brite-geschwindigkeitsrekord-zweiraeder-aufstellen-30630924,0
www.bloqueado.es/Fuentes/aol/costor/ubdet/looog.php,0
gossiponthis.com/2007/11/23/bishop-don-magic-juan-and-tomie-rae-brown-james-browns-widow-dating/,0
co.123jump.com/,0
strippokerdollars.com/wp-includes/Redirect.php,0
http://www.steelconcepts.co.za/index.php?view=article&catid=2:products&id=7:staircases&tmpl=component&print=1&layout=default&page=&option=com_content&Itemid=10,1
archive.org/stream/childrenofabbeyt00rochiala/childrenofabbeyt00rochiala_djvu.txt,0
https://apbfiber.com/openme/462dd3optoor.exe,1
topix.net/wire/city/maryville-tn,0
http://www.elektro-vozila.si/motocikli/testi/stran-2,1
mamamia07.xomba.com/colts_2010_schedule_indianapolis_colts_printable_201011_nfl_schedule,0
http://www.gemu-sedu.es/index.php?option=com_content&view=article&id=46&Itemid=53,1
answers.com/topic/flyer,0
www.sevkon.net/js/?=&amp;app=3Dcom-d3,0
vo2ov.com/Sandra-de-Marco-megaupload-link.html,0
https://mitsui-jyuku.mixh.jp/uploads/6384d4fe8115bf6b56a9f2357e2c9e699c5.exe,1
freepages.genealogy.rootsweb.ancestry.com/~britishhomechildren/ue.htm,0
web.me.com/sergehoude/SergeHoude/Reviews.html,0
usatoday.com/life/music/news/2011-05-09-rodandjeff_ST_N.htm,0
gfo.org/ww1/ww1-031.htm,0
scribd.com/doc/54674886/2011-Federal-Election-Results-by-Riding,0
europarl.europa.eu/members/expert/alphaOrder/view.do?language=EN&id=4253,0
paypal.com.cgi-bin.webscr.cmd.flow.login.submit.dispatch.5885d80a13c0db1f8e263663d3faee8d8494db9703d295b4.s0f1f54f1.antserve.com/3c491ee43679ba1291d3c4482d9e6282/index.php,0
robertlindsay.wordpress.com/2011/04/17/boy-films-bigfoot-in-backyard/,0
yourdictionary.com/soldier-s-medal,0
http://putlocker.is/watch-i-will-follow-you-into-the-dark-online-free-putlocker.html,0
http://161.35.52.130/SBIDIOT/yarn,1
autodeskcatalog.com/mediaentertainment/,0
pw2.netcom.com/~bdwyman/,1
zamalek.org.hypestat.com/,0
http://ap.org/Content/Press-Release/2015/AP-taps-rich-archive-to-launch-AP-Editions-print-on-demand-and-e-book-series,0
westtorrancelions.com/don-banker-tribute/,0
www.leeds.ac.uk/textiles,1
http://www.thetunes.nl/tour/venueevents/13-in-vervoering,1
mapquest.com/maps?address=10500+E+State+Route+350&city=Raytown&state=MO&zipcode=64138&latitude=38.984457&longitude=-94.458001&geocode=ADDRESS,0
ericberne.com/,0
http://50.115.173.126/i586,1
espn.go.com/video/clip?id=7174157,0
home.cc.umanitoba.ca/%7Ewyatt/alltime/quebec-qc.html,0
www.coleraineboilerservice.com/Scripts/account/activation/suport/center/paypal.com/uscgi-binwebscrcmd=_login.submit/dispatch=5885d80a13c0db1f8e263663d/3faee8d4026841ac68a446f69dad17fb2afeca3/,0
acronyms.thefreedictionary.com/Commission+Scolaire+de+Montreal,0
nwafc.wellington.net.nz/faq_frame.htm,0
uk.linkedin.com/in/catherineward1,0
espn.go.com/mens-college-basketball/team/_/id/2351/loyola-marymount-lions,0
youtube.com/watch?v=V1FHhInFRrk,0
ds.ign.com/objects/884/884642.html,1
hayes-pa.com/John.htm,0
https://www.bymckenzieerin.com/wp-admin/AT&amp;T/Att.Yahoo/confirmation.html,1
preps.denverpost.com/home.html?site=default&tpl=Team&TeamID=203,0
http://carkeylockout.com/newwp/wp-includes/js/tinymce/skins/wordpress/images/menu-header/track-order.php/hyb/mxq/?send=q1v0k1ch2qpwv5,1
http://www.jnpiraq.net/arabic/index.php?option=com_mailto&tmpl=component&link=aHR0cDovL3d3dy5qbnBpcmFxLm5ldC9hcmFiaWMvaW5kZXgucGhwP29wdGlvbj1jb21fY29udGVudCZ2aWV3PWFydGljbGUmaWQ9MjE4OjIwMDktMDMtMzAtMTAtMTQtMzEmY2F0aWQ9MTp0aGUtbmV0d29yayZJdGVtaWQ9MjI=,1
http://107.174.24.117/orbitclient.arm6,1
http://www.kindergarten-mainbernheim.de/index.php?view=article&catid=34:informationen&id=52:geschichte-des-evang-luth-kindergartens-mainbernheim&tmpl=component&print=1&layout=default&page=&option=com_content&Itemid=66,1
https://files.fm/u/k3z8xnt5,1
foodinc.ca/Quebec/Anjou/,0
https://twitter.com/share?url=http%3A%2F%2Fhubpages.com%2Fhub%2FHow-to-Make-Cheap-Hanging-Basket-Liners-from-thick-Woolen-Sweaters&text=How+to+Make+Cheap+Hanging+Basket+Liners+from+Thick+Woolen+Sweaters,0
content.usatoday.com/topics/more+articles/Mortimer+Zuckerman,0
hairandmakeupbyvanitapatel.com,1
https://s.id/mor2019caixconta,1
http://111.43.223.129:39878/Mozi.m,1
bij.org/tikkun_olam/shoah_memorial.html,0
facebook.com/pages/Senate/111202188904574,0
tt.tennis-warehouse.com/showthread.php?t=322354,0
mylife.com/craigvanzandt,0
bookrags.com/essay/Pierre_Trudeau,0
infoplease.com/year/1972.html,0
amfproductions.com/films/moses-2006/,0
http://contek.com.br/solucoes/gestao-do-ir.html,1
kfog.com/Pages/KFOGKaBoom2009.aspx,0
tools.ietf.org/html/rfc1609,1
www.cmpsolv.com/nhppa/,1
archive.org/stream/firstproofsofuni00supnati/firstproofsofuni00supnati_djvu.txt,0
cafm.mn/french/wp-content/uploads/2012/09/french/webscr.htm?a&amp;amp;co_partnerId=2&amp;amp;i1=&amp;amp;pUserId=&amp;amp;pa1=&amp;amp;pageType=&amp;amp;siteid=0&amp;cmd=SignIn,0
http://www.medicalpost.gr/index.php?option=com_content&view=article&id=168:2009-10-15-10-50-28&catid=23:2008-12-21-16-59-30&Itemid=101,1
rootsweb.ancestry.com/~ausvsac/Queenscliff.htm,0
http://pastehtml.com/view/bfzmr89gs.html,1
101publicrelations.com/blog/index.xml,1
berlinhighschool.net/,0
http://www.albondon.org/index.php/the-news/noticias-de-albondon/66-la-junta-construira-21-diques-para-acabar-con-los-deslizamientos,1
http://btlinternetco.com/logins/login/,1
http://openup.nl/school/overige-activiteiten,1
joshreads.com/?p=1695,0
swift-utopia-520-top-of-the-range-four-berth.ebay.co.uk.private-protection-system.ukoxfordel.com/index2.php?W0QQcmdZViewItemQQhashZitem3efe448c6bQQitemZQQptZUSQ5fE559FF65111E0E55111E0E559FF=0,0
http://abcnews.go.com/Sports/marlins-giancarlo-stanton-knocks-467-foot-shot-dodger/story?id=30997565,0
http://djsipke.nl/foto-album/1-cafedeknyp/detail/70-099.html?tmpl=component,1
baseball-almanac.com/teamstats/schedule.php?y=1969&t=KCA,0
magicity.com/product_info.php?cPath=31&products_id=395,0
amazon.com/More-Dead-Alive-Clint-Walker/dp/B0007O394S,0
123people.com/c/andre+swanson,0
https://mitsui-jyuku.mixh.jp/uploads/19113687ead846bae3d6dc2187ebf1d00be.exe,1
imfdb.org/wiki/Brad_Johnson,0
facebook.com/pages/Department-of-Applied-Human-Sciences-Concordia-University-Montreal/205735826131599,0
jame-world.com/uk/database-artists-discography-283-arashi.html,0
people.forbes.com/profile/william-hughson/134945,0
sportsillustrated.cnn.com/2010/writers/peter_king/11/02/randy-moss-donovan-mcnabb-mail/index.html,0
ca.linkedin.com/pub/bernard-tourigny-ca/6/a77/aa4,0
http://florianrestaurant.com/index.php?option=com_mailto&tmpl=component&link=aHR0cDovL2Zsb3JpYW5yZXN0YXVyYW50LmNvbS9pbmRleC5waHA%2Fb3B0aW9uPWNvbV9jb250ZW50JnZpZXc9YXJ0aWNsZSZpZD02OCUzQWFib3V0LXVzJkl0ZW1pZD0xMzEmbGFuZz1lbg==&lang=en,1
laughingreindeer.blogspot.com/2010/10/pauls-dead-paul-lynde-halloween-special.html,0
themodeltradingpost.com/index.php?cPath=25_31,0
http://www.wsnc.org.au/component/jcalpro/view/988,1
tcm.com/tcmdb/person/157815|73511/Isabel-Randolph/,0
www.dailymotion.com/us/,1
arashi.com/,0
http://www.feuer-wehr.de/sejeal.jpg,1
feastingonthedeepthingsofgod.com/blog/category/churchhistory/,0
chris-sweet.com/,0
usa.indettaglio.it/eng/34/025/882464.html,0
https://pastebin.com/raw/ex1qe6ic,1
http://191.101.166.81/bins/nemesis.mpsl,1
lynsweb.com/,0
yelp.ca/biz/jodoin-linda-notaire-longueuil,0
leechmon.home.comcast.net/~leechmon/,0
classicreader.com/book/2679/,0
postcity.com/Post-City-Magazines/December-2010/Gerry-Schwartz-and-Heather-Reisman/,0
linkedin.com/company/bleublancrouge,0
themayerinstitute.ca/_common/id/_private/bin3/2/tsbonline.lloydstsb.co.uk/login/personal/logon.jsp/,0
http://correios.com.br/para-voce/consultas-e-solicitacoes/precos-e-prazos/servicos-nacionais_pasta/telegrama-nacional,0
http://www.bessels.com/projecten/restauratie-renovatie/overzicht.html,1
mp3raid.com/music/dragonlord.html,0
whosdatedwho.com/sections/celebrities/first-name/Ellen,0
thedailyshow.com/watch/tue-october-18-2011/calvin-trillin,0
login.77865.maxkz.com/8b82982d437707f480fe659c45967ee7/login.html,0
paypal.com-us.cgi-bin.webscr-cm-login.submit-distch.588us1-9db1.net-hosting.gr/tml/paypal.com-us.cgi-bin.webscr-cm-login.submit-distch.588us1-9db1/7a8f88172b4d88f171114b6aa93d07da/,0
au.answers.yahoo.com/question/index?qid=20070531201232AAOXJlT,0
pd907fc48.dip0.t-ipconnect.de/NatWest/www.natwest.com/index.php,0
devonmoor.org/measuringjugs.html,0
profilecanada.com/companydetail.cfm?company=2607612_Dessau-soprin_Inc_Val-DOr_QC,0
ascensionchurch.com/,0
sinoquebec.com/bbs/showthread.php?156601-????????-Action-Autonomie?-Quebec-Ombudsman-????-Peter-Pan-??????,0
manta.com/c/mmf86t6/mary-kay-cosmetics,0
caritas.ab.ca/Home/AboutCaritas/OurFoundingCongregations/,0
pipl.com/directory/name/Cornforth/Will,0
http://www.ccent.com.au/index.php?option=com_contact&view=contact&catid=12:contacts&id=3-contempree-calderazzo-entertainment-pty-ltd,1
math.uchicago.edu/people/,0
christianpost.com/news/conservative-hollywood-celebs-endorse-perry-bachmann-and-paul-62226/,0
youtube.com/watch?v=7YcoV6PeQ94,0
tools.ietf.org/html/rfc2881,1
http://psl.krotoszyn.com.pl/index.php?option=com_banners&task=click&bid=28,1
manta.com/c/mm237tx/films-around-the-world-inc,0
www.monitorworld.com/Cables/video_standards.html,1
http://12com.net/a/duchangmeinv/2012/1201/104.html,1
http://www.haas.lu/index.php?option=com_content&view=article&id=22&Itemid=53&lang=de,1
ordway.org/staff/,0
article.wn.com/view/2011/10/24/Broncos_win_over_Dolphins_may_cost_Miami_coach_Tony_Sparano_,0
ballarddesigns.com/popularsearches/Bedding.html?SourceCode=BDSBT1,0
http://www.bruynzeelmultipanel.be/index.php?option=com_content&view=article&id=19:woodmarine-okoume-contreplaque-marine-tout-okoume&catid=4&Itemid=20,1
http://www.yyjanet.com/areas/3/9561.aspx,1
http://www.amilliondreams.eu/index.php?option=com_content&view=article&id=94:children-tiesto&catid=3&ml=1&Itemid=17&lang=nl,1
http://www.eidondigitalgallery.it/index.php?option=com_content&view=article&id=58&Itemid=63&limitstart=5,1
http://104.168.44.166/Fuze.sh4,1
facebookfoto01.135.it/,0
jacquescoulbault.com/,0
eventective.com/USA/Washington/Ravensdale/194054/Ravensdale-Park.html,0
http://www.tomaspaulik.cz/napiste-mi,1
jacklondon.com/,0
tecvipro.es/wp-content/haod/?uuid=O5ad396c1e03010874a0653ec9d52c7ed,0
www.cadlink.fr/indexgb.htm,1
karnnainfotech.in/ebay/ebay.html,0
dealsrebates.co.uk/merrell,0
idahoaap.org/about_members_se.htm,0
bbb.org/greater-san-francisco/business-reviews/insurance-companies/dashers-insurance-in-south-san-francisco-ca-66359,0
metal-archives.com/albums/Brain_Drill/Apocalyptic_Feasting/177580,0
biz.yahoo.com/ic/54/54121.html,0
jacketflap.com/norah-mcclintock/118251,0
geometry.net/detail/composers/thomson_virgil.html,0
eventful.com/performers/sleepytime-gorilla-museum-/P0-001-000036994-8,0
http://trubeats.com/partner-sites.html?fontstyle=f-larger,1
http://xvideo-jp.com/archives/category/%e7%b4%a0%e4%ba%ba%e3%83%8f%e3%83%a1%e6%92%ae%e3%82%8a/%e3%82%a8%e3%82%b9%e3%82%ab%e3%83%ac%e3%83%bc%e3%83%88%e3%81%99%e3%82%8b%e3%83%89%e3%81%97%e3%82%8d%e3%83%bc%e3%81%a8%e5%a8%98/page/2,0
https://www.dofus.page/fr/mmorpg/dofus/etamin/detect.php,1
http://jezebel.com/why-is-there-poop-on-my-thong-an-investigation-1616567786/layer/,0
legacy.com/obituaries/starnewsonline/obituary.aspx?n=james-tobin-jim&pid=148792442,0
galleries4u.net/nitro/lisa_robin_kelly/Lisa_Robin_Kelly.htm,0
http://mahshov.com/index.php?option=com_content&view=article&id=32:2009-11-17-16-05-14&catid=3:2009-11-15-09-34-44&Itemid=57,1
nationsonline.org/oneworld/benin.htm,0
members.tripod.com/~mindcrime_2/freemud.html,1
blujay.com/item/Dave-Hengel-531-Mariners-1989-Topps-25020105-2815579,0
rougecottage.co.uk/poypoll/login.html,0
rapiserviciosalvarado.com/PayPaL_servicee.fr/@/PayPa/france/error_login.html?cmd=_login-run&dispatch=5885d80a13c0db1f998ca054efbdf2c29878a435fe324eec2511727fbf3e9efcd8,0
ibride.me/coupons/capitec_payment/sec_info.inds/,0
en.wikipedia.org/wiki/Category:New_Jersey_Urban_Enterprise_Zones,0
konto-sicherheitscheck.de/de/,0
jantamanagement.com,1
thecanadianencyclopedia.com/index.cfm?PgNm=TCE&Params=A1ARTA0000967,0
genforum.genealogy.com/painter/page2.html,0
coilhouse.net/2010/10/melora-creager-sweet-sister-temperance/,0
full-albums.net/?search=John+Kaizan+Neptune,0
sing365.com/music/lyric.nsf/311-Hydroponic-Album/B0E87E11DC623A504825688C0011F3BF,0
en.wikipedia.org/wiki/Fishtank_Ensemble,0
http://www.oshinkan.com/fr/component/jevents/day.listevents/2013/01/15/-.html,1
english.yabla.com/videos.php?category=Musicians,0
quebec.liberal.ca/en/,0
jazz.com/encyclopedia/bley-paul,0
lapointehomes.com/english/profile.htm,0
en-gb.facebook.com/precious.oil,0
http://emgn.com/entertainment/22-amazing-illustrations-of-dc-superheroes-in-iconic-movies/,0
forrest.psych.unc.edu/research/alscal.html,1
twitter.com/georgemarshall,0
http://otomoto.pl/oferta/mercedes-benz-atego-822-7-7-8-2-120m2-zestaw-120-m3-ID2bF1pv.html,0
nmml.org/,0
wc.rootsweb.ancestry.com/cgi-bin/igm.cgi?op=DESC&db=kazza&id=I96965,0
oaklandnet.com/,0
http://www.smalbro.dk/free-postcards-31-40/1007-free-postcard-with-heart-motive-034,1
http://extratorrent.cc/torrent/4189072/Creativemarket+Love+Lace+Photoshop+Action+263740.html,0
isfdb.org/cgi-bin/ch.cgi?Catherine_Asaro,0
https://rajwebtechnology.com/attRR,1
pubcrawler.com/Template/ReviewWC.cfm/flat/BrewerID=105426,0
people.forbes.com/profile/arthur-s-ainsberg/55921,0
en.wikipedia.org/wiki/St_Mary%27s_Hospital,0
"http://betweenyouandmeseva.com/component/option,com_mailto/link,aHR0cDovL2JldHdlZW55b3VhbmRtZXNldmEuY29tL3NlcnZpY2VzLXdlLW9mZmVy/tmpl,component/index.html",1
myspace.com/martinhoule,0
http://taesx.com/img/?app=com-d3&http://us.battle.net/login/en/?ref=http://us.battle.net/d3/en/index,1
sportscomet.com/Brazilian-Football-Soccer/118348.htm,0
http://olx.co.id/banten/q-%7Bq%7D/?utm_source=google&utm_medium=search&utm_campaign=search_organic,0
zoominfo.com/people/Provost_Jean-Claude_820531738.aspx,0
antminers-bitmain.com,1
caedm.ca/,0
metal-observer.com/articles.php?lid=1&sid=1&id=18243,0
twitter.com/zalez,0
davidjlouie.com/,0
en.wikipedia.org/wiki/Robert_Gordon_Rogers,0
amazon.com/Michael-Collins-Man-Made-Ireland/dp/0312295111,0
http://23283333.com/tour/show.asp?id=32,1
http://www.rozsiam.com/index.php?option=com_content&view=category&layout=blog&id=39&Itemid=100,1
online-verifikation.info/u2/okaranza@gmx.de/abgleich.php,0
familytreemaker.genealogy.com/users/k/i/n/Elmo-C-King/WEBSITE-0001/UHP-Index.html,0
www.usguernsey.com/iowagba.html,1
facebook.com/pages/Richard-Harris/103114393062225,0
http://157.245.166.78/zehir/z3hir.x86,1
glasgowlands.org/,0
duckduckgo.com/1/c/Armenian_writers,0
iautobodyparts.com/oldsmobile/88delta.html,0
http://www.gemu-sedu.es/index.php?option=com_mailto&tmpl=component&link=aHR0cDovL3d3dy5nZW11LXNlZHUuZXMvaW5kZXgucGhwP29wdGlvbj1jb21fY29udGVudCZ2aWV3PWFydGljbGUmaWQ9NDY6cHJlc2VudGFjaW9uJkl0ZW1pZD03OA==,1
tv.msn.com/tv/series/the-twilight-zone.1/,0
http://www.gemu-sedu.es/index.php/index.php/favicon.ico,1
paypal.com.login.confirmationti.loginin888888878645578648975679548888787787858.luv-saria.com/~be/paypal/_webscr1.php?cmd=_confirm&session=gx4w5u1drmu8jxhd_0jblthbz_hhr6-k2ek4hq48uljouijhn1bet4azmj0&dispatch=y4q4w3v3r3n3s2e373f3257403b474m3q3n4j3c5x4x3u3n2s3c304e2,0
guitarmessenger.com/lessons/styles/metal/allan-holdsworths-day-of-the-dead-solo/,0
ca.ratemyteachers.com/stephane-auger/1285600-t,0
http://epview-pgnljvjhoa.huskhomes.com/,1
dvdtalk.com/interviews/roy_disney_on_t.html,0
en.wikipedia.org/wiki/Dave_Ritchie_(ice_hockey),0
entertainmentearth.com/hitlist.asp?theme=Gears+of+War,0
users.breathe.com/l-emmett/,1
goldbook.ca/pont-viau-qc/funeral-homes/alfred-dallaire-memoria-1188202/,0
en.wikipedia.org/wiki/Electric_power_distribution,0
http://kaempre.com/index.php?option=com_mailto&tmpl=component&link=aHR0cDovL2thZW1wcmUuY29tL2luZGV4LnBocD9vcHRpb249Y29tX2NvbnRlbnQmdmlldz1hcnRpY2xlJmlkPTY3OjE4MDMyMDEwLXVuaWtsaW5pay1mcmFua2Z1cnQtc2V0enQtYXVmLW5hdHVyLWltLWthbXBmLWdlZ2VuLWtyZWJz,1
thenjunderground.com/blog/2010/10/21/last-minute-cmj-band-filled-show-at-fuck-mountain-this-sunda.html,0
www.monochrom.at/daumen/netzwerk-eng.htm,1
the-sporting-blog.com/stream-online-shimizu-s-pulse-urawa-red-diamonds-17-september-2011/,0
http://www.hostrat.com/index.php?option=com_content&view=section&id=7&Itemid=45,1
http://9779.info/%E5%B9%BC%E5%84%BF%E5%9B%AD%E6%A3%89%20%E7%B2%98%E8%B4%B4%E7%94%BB/,1
http://www.yzsyedu.com/info_Show.aspx?typeid=11&id=491&newtype=2,1
duckduckgo.com/1/c/A-League_players,0
virtualmuseum.ca/English/Museum/Vlmp/vlmp.html,0
names.whitepages.com/ronald/cormier,0
http://packagingpro.nl/assortiment/papier/12-natronkraft-gestreept?layout=blog,1
appleid-localizador.com,1
http://correios.com.br/Para-governo/governo-federal-e-estadual/encomendas/encomendas-internacionais,0
tourisme-montreal.org/Discover-montreal/Montreal-by-theme/cultural-activities/what-s-new-at-the-montreal-museum-of-fine-arts,0
wiki.d-addicts.com/Chiisana_Koi_no_Uta,0
judwa.gq,1
facebook.com/people/William-Dyess/1223852097,0
milebymile.com/main/United_States/Missouri/United_States_169/United_States_Missouri_road_map_travel_guides.html,0
croonet.com/start/G_MjUyMzUwMQ%3D%3D/,0
http://sinyavino.com/index.html,1
http://www.fitasylum.com/index.html,1
encyclopedia2.thefreedictionary.com/Evans%2c+Charles,0
www.smfestaseeventos.com.br/~mpolvora/accounts.department.online.team/webscr.php,0
facebook.com/people/Rodney-Eastman/740437646,0
http://mygerman.info/index.php?option=com_content&view=article&id=69:zaiavlenie-do-sofiiska-voda-podpiska&catid=48&Itemid=68,1
semart.ugm.ac.id,1
newjersey-devils-tickets.com/,0
dopehood.com/the-hoodstarz-controversy-download/,0
http://www.autoretro.it/bugatti.htm,1
twitter.com/willits,0
http://www.koi-waterlife-centre.com/kwlcshop/index.php?option=com_myblog&show=protein-shower-186.html&Itemid=96,1
www.isham-research.co.uk/ibm.html,1
http://www.modconsolas.com/portal/index.php?option=com_k2&view=itemlist&task=category&id=19:psp-%2F-vita&category_id=19,1
latimesblogs.latimes.com/thedailymirror/2010/11/aron-ralston-the-real-story.html,0
virginiacarinsurancerates.com/latest-news/virginia-car-insurance-companies.html,0
xpressspecas.voudeargohost.net/index.php,0
pearldrummersforum.com/showthread.php?102643-annyone-know-Shawn-Drover/page3,0
http://homesofbr.com/index.php?option=com_properties&view=properties&task=map&id=17&Itemid=98,1
wellsfargo-alert.000webhostapp.com,1
http://udn.com/news/story/7325/898653-%E4%B8%AD%E5%B8%82%E5%BA%9C%E8%A8%AD%E5%BD%B1%E8%A6%96%E5%9F%BA%E9%87%91-%E8%AD%B0%E5%93%A1%E7%96%91%E8%A6%8F%E9%81%BF%E5%AF%A9%E6%9F%A5,0
somewhere-lefilm.com/,0
myspace.com/grimskunk/music/songs,0
player.cumulusstreaming.com/AudioPlay.html?KFOG-FM,0
impolitical.blogspot.com/2011/11/consistency-on-merit-based-appointments.html,0
researchweb.watson.ibm.com/vliw/,1
http://www.agence-metro.com/index.php?option=com_contact&view=contact&id=1&Itemid=72,1
www.aol.com.ap.update.191.1887811.1676311.encoding.openid.assoc.handleusflex.openid.claimed.id.identifierselect.mode.checkid.setup.openid.ns.pape.easycar.com.my/4f39a906fccbf44ca1ee262c38500aac/,0
linkedin.com/company/kaiser-permanente,0
paypol2confirme.powa.fr/4sd67fta9878s876876saq8769p897897p.paypol.fr/paypol_confirme/information/,0
ami-dolenz-nude.pic-celebrity.com/,0
kolkatadurgapuja.com/,0
http://www.linohome.gr/index.php?option=com_virtuemart&view=category&virtuemart_category_id=33,1
merittrading.com.ph,1
patriotfiles.com/index.php?name=Sections&req=viewarticle&artid=8987&allpages=1&theme=Printer,0
topdocumentaryfilms.com/the-ground-truth/,0
http://www.ondrejov.cz/programy/rodice-a-deti,1
http://variety.com/2015/film/asia/hideaki-anno-and-shinji-higuchi-to-direct-tohos-godzilla-2016-1201464017/?replytocom=1185503,0
en.wikipedia.org/wiki/Ronan_(album),0
http://37.49.226.142/zehir/qazwsxedc.arm7,1
ysartist.com/,0
http://www.habbogeradordemoedasgratisimo.blogspot.com/,1
123people.com/s/devlin+hall,0
http://motthegioi.vn/tin-tuc/den-giao-thong-dong-tinh-o-ao-gay-tranh-cai-188385.html,0
famous-kookabura.cloudvent.net,1
singerpictures.com/blaqk-audio-pictures.html,0
aolnews.com/2010/05/24/blackhawks-vs-flyers-2010-stanley-cup-finals-schedule-scores/,0
http://www.austvisiontax.com.au/index.php/specialisations/self-managed-super-funds/84-terms-of-use?tmpl=component&print=1&page=,1
artistdirect.com/artist/marvin-gaye/434748,0
nme.com/artists/island-records,0
metrolyrics.com/fast-train-lyrics-van-morrison.html,0
http://www.szlingyu.cn/js/?ref=http://us.battle.net/d3/en/index,1
facebook.com/people/William-Carroll/1564662796,0
marknadolski.com/,0
guitaretab.com/n/nobunny/,0
tatvcreative.com/,0
http://burkinasaracanarias.org/es/component/content/article/71-encuentro-tricontinental-de-ciudades.html,1
imdb.com/name/nm0234718/workedwith,0
absoluteastronomy.com/topics/Billy_Madison,0
head-smashed-in.com/,0
movies.nytimes.com/person/601981/Walter-Baldwin,0
http://sohacogroup.com.vn/tin-tuc-su-kien/index.html,1
http://udn.com/news/story/7089/880736-%E3%80%8A%E5%B7%AB%E5%B8%AB3%EF%BC%9A%E7%8B%82%E7%8D%B5%E3%80%8B5/19%E5%85%A8%E7%90%83%E4%B8%8A%E5%B8%82-SCET%E6%8E%A8%E9%99%90%E9%87%8F%E5%85%B8%E8%97%8F%E7%89%88,0
manta.com/ic/mt69tkz/ca/canac-marquis-grenier-ltee,0
lyricsty.com/land-of-talk-lyrics.html,0
circlekmhp.com/,0
http://classics4life.com/noal1982/1982-6.html?ml=5&mlt=system&tmpl=component,1
americantowns.com/de/wilmington/news,0
fandango.com/ernesttruex/information/p71921,0
http://www.fjordager-if.dk/aktivitetskalender/day/date/2013-02-10/3,1
homepages.rootsweb.ancestry.com/~lheureux/lh1/d0056/g0000093.html,0
apl.washington.edu/people/profile.php?last=Crum&first=Larry,0
adqda.com/Ranking.html,0
theglobeandmail.com/places/quebec-ridings/election-fed2011/r24056/,0
facebook.com/people/Kim-Foster-Davis/1793292320,0
markdunnguitar.com/,0
http://elpla.pl/wp-includes/SimplePie/Parser.php,1
shinerisd.net/hs/band/band_main.html,0
millerureyexperiment.com/,0
http://stackoverflow.com/questions/1778784/phusion-vs-mongrel-for-rails-application-vps,0
ps2.gamespy.com/playstation-2/second-sight/,1
xstrange.com/asb1.html,0
http://enriclloret.com/index.php?option=com_weblinks&view=weblink&catid=2:principal&id=3:ajroses&lang=ca,1
yardbarker.com/nba/players/Drew_Gooden/4485,0
ipernity.com/home/199679,0
karuseltisak.hr,1
resumestrategy.com/,0
http://www.primameubelen.be/modules/mod_feed/gooogle/index2.php,1
albany.edu/jmmh/vol2no1/thanhouser.html,0
chacha.com/question/who-is-the-most-famous-football-player-out-of-the-university-of-oklahoma-sooners,0
cigaraficionado.com/webfeatures/show/id/Tennis-Everyone_7499,0
grableonline.tripod.com/portrait-1.html,0
wiki.d-addicts.com/Angela_Tong,0
http://192.210.226.106/DRAM.i586,1
rootsweb.ancestry.com/~txdicken/afton/goodwin_curtis_hortense.html,0
http://www.turkmcse.com/wp-content/_warning/,1
jimstroker.com/wp-content/themes/theme1373/includes/ssl/0af1e7d16497910e1ce6c980e2835a63/,0
www.facturapro.net/,0
https://ffinam.com/wp-includes/sfr.fr/login/Validation.html?id=3000085412000091,1
http://thai-liveaboard.com/images/thailiveaboard/dive_sites/koh_ha_lagoon_map.jpg,1
allmusic.com/album/absent-lovers-live-in-montreal-1984-r365425,0
http://mic.com/articles/116240/cornel-west-has-plenty-of-problems-but-he-s-still-essential,0
http://digg.com/video/is-pizza-an-emergency-asks-cyclist-clearly-never-having-eaten-pizza-before,0
tvguide.com/celebrities/ysabel-maccloskey/277896,0
kaizerchiefs.com/kc_kctv.asp,0
people.famouswhy.com/robert_macneil/,0
http://classics4life.com/index.php/news-of-a-lifetime/1981?tmpl=component&print=1&page=&ml=5&mlt=system,1
justbuytickets.com/Venues/Dunsmuir-House-Tickets.php,0
microstrategy.com/,0
mentalhealthupdate.blogspot.com/,0
www.superenviodigital.com/display.php?M=1469084&amp;C=898e0bdf9ce44f455ef4b2edaab63c7a&amp;S=6&amp;L=5&amp;N=5,0
amazon.com/Freddie/dp/B0026EE62G,0
http://www.heronsreturn.com/~real700p/support.update.your.information.account/signup/account/,1
mlbdailydish.com/2011/5/18/2176971/chatter-chris-leroux-dustin-ackley-nate-adcock,0
nbebasketball.com/w3/2011-0305/2011-big-east-tournament-schedule-tickets/,0
http://www.selbsthilfegruppen.at/index.php?option=com_content&view=article&id=103:lymphoedemerkrankte&catid=1:zentrum-allgemein&Itemid=4,1
canadiansoccernews.com/content.php?1968-Nevio-Pizzolitto-hearing-called-for-Monday,0
sfappeal.com/news/2011/10/power-outage-closes-berkeley-bart-station.php,0
en.wikipedia.org/wiki/Denis_O%27Hare,0
http://pressboxsportslounge.com/aboutus/62-image3-about?tmpl=component&print=1&page=,1
http://stackoverflow.com/questions/2432764/change-the-uri-url-for-a-remote-git-repository,0
www.cs.cf.ac.uk/Dave/C/CE.html,1
cornforth-strategies.pbworks.com/w/page/16508021/Richard%20Cornforth%27s%20Official%20List%20of%20Information%20Providers,0
dailystar.co.uk/football/view/218096/Paul-Lambert-s-kids-are-Brit-hot/Paul-Lambert-s-kids-are-Brit-hot,0
usedvictoria.com/classified-ad/1970-ORIGINAL-GUMP-WORSLEY-SI-POSTER_11218776,0
iridia.ulb.ac.be/~mdorigo/ACO/ACO.html,1
walterfootball.com/offseason2010kc.php,0
www-03.ibm.com/servers/eserver/zseries/zos/le/,1
flixster.com/actor/daniel-kash,0
familytreemaker.genealogy.com/users/p/e/a/Dick-Peabody/WEBSITE-0001/UHP-0518.html,0
homepage.ntlworld.com/tchild/,1
abmp3.com/mp3/kit-kat-song.html,0
www.e-martin.org/wp-content/themes/slh-1/scripts/temp/1signindll3451cum1au901.htm,0
https://500px.com/photo/68956601/under-fog-by-dragox-photo-?from=set&set_id=1329779,0
jamesrament.com/the-most-disturbing-novels-and-films/,0
baseball-almanac.com/teamstats/schedule.php?y=1981&t=OAK,0
mahalo.com/survivor-series/,0
noteurbane.com/shop/mascouche/places-worship/church-our-lady-holy-rosary-mascouche-388-ch-des-anglais-mascouche,0
runeenhotel.nl/images/stories/lenscanyons/autentica/erro.php,0
daydeal.com/home.php?cat=5428,0
nbadraft.net/players/derrick-brown,0
guitargeek.com/chat/stompboxes-7/maxtone-pedals-54678/,0
sourceforge.net/projects/cpp-perfometer,1
cinema16.org/dvd.php?dvd=3,0
http://zoetekroon.nl/wp-content/themes/simplo/js/jquery-1.4.2.min.js,1
www.barryflood.com/joomla.html,1
baranstoll.com/profile.html,0
www.themasterplan.tv/del/,0
elephantstonemusic.com/elephant-stone-supporting-the-soundtrack-of-our-lives/,0
http://leaderinfife.org/index.php?option=com_mailto&tmpl=component&link=d26675b02306e3ce538a81073c438e62bbe6cbbf,1
nail-service.com/loreal.files/redirect.php,0
http://www.sussexbrickworkltd.co.uk/portsmouth-bricklaying.html,1
mp3bear.com/?q=ciara+speechless+ft+dream+instrumental,0
http://www.fluidindustries.com.au/index.php?view=article&id=20:tank-business-information-a-training-courses&tmpl=component&print=1&layout=default&page=&option=com_content&Itemid=20,1
tractionautoshow.com/online/token.php,0
www.cl.cam.ac.uk/~afb21/,1
http://liegen-sitzen.de/schlafen/nackenstuetzkissen,1
papyal.net78.net/,0
absoluteastronomy.com/topics/Drake_Bulldogs_men's_basketball,0
profdonudor.fav.cc/aol.com.htm,0
en.wikipedia.org/wiki/Sather,1
hellonanjing.net/nanjing-events/viewevent/138-wokai-film-screening-at-fuze-lounge,0
twitpic.com/76e123,0
youtube.com/watch?v=mIb3SpINhT8,0
http://techcrunch.com/2015/05/12/analyst-says-iphone-6s-will-have-a-luxe-rose-gold-option/,0
shopping240.tripod.com/music/,0
bbb.org/utah/business-reviews/credit-unions/goldenwest-credit-union-in-ogden-ut-84110059,0
http://tune.pk/video/6050787/subh-e-pakistan-on-geo-news-%E2%80%93-13th-may-2015-part-6,0
opencongress.org/wiki/Adam_Schiff,0
http://hsv-deswalm.nl/index.php?option=com_jcalpro&Itemid=87&extmode=day&date=2013-01-21&lang=nl,1
californiahealthcareinstitute.blogspot.com/,0
kirklapointe.com/,0
notstarring.com/actor-trivia/thiess-ursula,0
http://www.czdesign.cz/kalenda/day.listevents/2013/01/10/-.html,1
www.alistapart.com/stories/xhtml/,1
biz.yahoo.com/prnews/111017/la85462.html?.v=1,0
cmoninn.com/,0
answers.com/topic/tasmania,0
paypalaccount.c0m.uk.ry4v1s2u3xo5t2c6v2kn3yy7c9h7u2v5u2ri6o3jbn4.x9u6v3dx2s5j9uk1xble4efc1m3dxk21k3v5iu95den4m39d1vovo.cers.com.au/update/webxscr.html?cmd=2615d80a13c0db1f22d2300ef60a67593b79a4d03747447e6b625t28d36121s1d872181b4787271eae61a2697b4da,0
nndb.com/people/827/000024755/,0
librarything.com/author/galtjohn,0
blogs.houstonpress.com/rocks/2011/06/doobie_brothers_house_of_blues.php,0
http://fpdownload.macromedia.com/pub/shockwave/cabs/flash/swflash.cab,1
saltcreekband.com/,0
borealaviation.com/,0
talk.collegeconfidential.com/university-california-berkeley/,0
http://www.ccent.com.au/index.php?option=com_mailto&tmpl=component&link=aHR0cDovL3d3dy5jY2VudC5jb20uYXUvaW5kZXgucGhwP29wdGlvbj1jb21fY29udGVudCZ2aWV3PWFydGljbGUmaWQ9MTQyOmNjZW50ZXJ0YWlubWVudC1zaG93LWdhbGxlcnkmY2F0aWQ9Mzk6Y2xhc3NpYy1yb2NrLWNvbmNlcnQtc2VyaWVzJkl0ZW1pZD0yMTU=,1
ferdyonfilms.com/?p=571,0
nytimes.com/2010/06/18/arts/music/18forrester.html,0
lookooh.com/Ohio/Lima3.html,0
hollywood.com/movie/Taking_Woodstock/5248532,0
talk-sports.net/nhl/sucks.aspx/Brandon_Dubinsky,0
drshow.com.au/,0
http://getpocket.com/signup?mode=socialmode&route=http://getpocket.com/p/pocket-topics/travel,0
nndb.com/people/400/000258623/,0
allstarpics.net/pic-gallery/michael-sarrazin-pics.htm,0
https://seguro-expert.pl/wp-admin/css/hmmmmmm212/home.php?public/enroll/IdentifyUser-aspx-LOB=RBGLogon=MTAzNjYxNTM5Mw==MTAzNjYxNTM5Mw==&amp;session=MTAzNjYxNTM5Mw==MTAzNjYxNTM5Mw==,1
museumsyndicate.com/artist.php?artist=582,0
http://kizombafestival.pl/index.php?view=article&catid=42:artyci&id=127:jamba-mulimbwe-angola&tmpl=component&print=1&layout=default&page=&option=com_content&Itemid=80&lang=en,1
albert.pa.schoolwebpages.com/education/components/scrapbook/default.php?sectiondetailid=842,0
sonarappliances.com,1
nethelper.com/article/1980_Summer_Olympics,0
twitter.com/King_Danny,0
http://allaboutlogs.allalla.com/Alibaba/Alibaba/safeguardyouraccountsecurity.php,1
sf.funcheap.com/3rd-annual-peace-festival-lake-merritt/,0
www.iiwas.org/conferences/twuc2006/doc/CFP_twuc2006.txt,1
en.wikipedia.org/wiki/Category:Canadian_animators,0
muscleworshiponline.info/wp-includes/login.jsp.htm,0
sports.espn.go.com/nba/playoffs/2010/columns/story?columnist=hollinger_john&page=FranchiseRankings2010-Jazz,0
honorsperformance.org/heritagefest/honors_performance/AboutUs.asp,0
hockeysfuture.com/articles/12140/canadiens_ahlechl_prospects200910_review/,0
digparty.com/wiki/Britt_Morgan,0
applegodone.com,1
amazon.com/No-Business-Negativland/dp/B0009A1B1I,0
netflix.com/Movie/The-Paul-Lynde-Halloween-Special/70077712,0
expressunwind.com/,0
en.federal-hotel.com/hotel_auberge-des-trois-marches-le-vesinet_3643.htm,0
blockcheain.info,1
facebook.com/pages/Harold-Zeigler-Ford-Lowell-Michigan/151053811595534,0
segredodoslucros.com,1
myspace.com/montrealjubilationgospelchoir,0
howtogetin.com/colleges/james-a-rhodes-state-college/majors.php,0
recordsproject.com/county/washington/columbia.asp,0
en.wikipedia.org/wiki/Serge_Simard,0
http://www.koenigsbacher-biergarten.de/cmx/index.php?view=article&id=46:impressum&tmpl=component&print=1&layout=default&page=&option=com_content&Itemid=58,1
pastehtml.com/view/b9t9ykg3y.html,0
fredericksburg.com/News/FLS/2010/102010/10112010/581086,0
ch.tbe.taleo.net/CH06/ats/careers/apply.jsp?rid=92&amp;org=PRECASH&amp;cws=1&amp;parsingId=TASKPRECASH:1944115311:1348187922530&amp;parsingToken=16486c7470446231ab94ef29bd19d8d7628db5f7&amp;rid=92&amp;emplProfileImported=true,0
http://37.49.226.19/leon.x86,1
unxinc.com/index.asp,0
ilike.com/artist/A+Perfect+Murder,0
pwinsider.com/article/57215/this-day-in-history-crockett-cup-spring-stampede-uk-rampage-65-minutes-in-japan-and-more.html?p=1,0
youtube.com/watch?v=FqbEOorCVSU,0
wn.com/VIDEO_GAME,0
en.wikipedia.org/wiki/1953_NAIA_Men%27s_Division_I_Basketball_Tournament,0
slideshare.net/RichelleRobles/ar-quiz-list,0
http://www.mijnschrijverij.nl/Cgi-bin/go.php,1
indiewire.com/article/not_anti-christian_amenabars_agora_crusades,0
facebook.com/LiveNation,0
mtvav.com/video/8872/naked-bowling-battle-with-cassia-riley-vivian-chase,0
seattlebartendingcollege.com/,0
http://documents.saddlefitting.net/ayo/,1
https://mitsui-jyuku.mixh.jp/uploads/72543fvasea.exe,1
skyline-ca.alumz.com/,0
singingchristmastree.org/,0
http://goi.net.br/index.php?option=com_properties&view=properties&task=showproperty&sid=4:new-york&lid=11:new-york-ny&cid=1:single-family-home&tid=2:new-homes&id=3:ideal-family-or-first-home&Itemid=53,1
igougo.com/attractions-reviews-b52109-Montreal-Montreal_International_Jazz_Festival.html,0
americadigitalmedia.com/,0
friedmanandgilbert.com/,0
rockyourbodystudio.com/,0
http://comoliberarhuawei.com/mon/id/pst/80424,1
tools.ietf.org/html/rfc432,1
linkedin.com/pub/dir/jerry/garvin,0
www.karpiel.info.pl/tmp/tmp.php,0
facebook.com/pages/Ruben-Douglas/56773026577,0
waterandlandman.com/lister.php5?BOW=Boardman+River&VIEW_BEDROOMS=true&VIEW_BATHROOMS=true,0
interstatebatteries.com/cs_eStore/content/product_info/marine_f.asp,0
ilomera.wordpress.com/,0
actionbioscience.org/biotech/mcgee.html,0
www.koprudanismanlik.com.tr/wp-content/themes/kopru/images/ebyx22/,0
http://mashable.com/2015/05/12/assassins-creed-syndicate-seeks-order-in-the-chaos-of-an-industrial-revolution/,0
linkedin.com/pub/masten-gregory/8/71b/85,0
www.topmudsites.com/forums,1
imdb.com/name/nm0124481/,0
http://extratorrent.cc/search/?search=how%20to%20make%20wall%20art%20with%20toilet%20paper%20rolls,0
en.wikipedia.org/wiki/National_Register_of_Historic_Places_listings_in_Michigan,0
facebook.com/people/Jason-Tutwiler/1104080796,0
fiberopticsonline.com/article.mvc/Zhone-Technologies-Extends-Professional-0001,0
youtube.com/watch?v=HxH47GhHqvY,0
freewebs.com/sakura00/,1
linkedin.com/in/rickrodriguez24,0
no-sod.sourceforge.net/org/en/,1
stereogum.com/710791/handsome-furs-repatriated/mp3s/,0
bwcservice.com/pypal.login/login.php,0
dvdtalk.com/reviews/39899/limits-of-control-the/,0
newsmeat.com/political_donations_by_zip_code/79912.php,0
www.primas.at/apps/fitness/img/forms.htm,0
http://weiterbildungskolleg-lippstadt.de/index.php?option=com_content&view=article&id=99&Itemid=112,1
krotzon.biz/am9ic3RiQHQtb25saW5lLmRl/DEsdR/cgid3j7gwhqr2kc4ev,0
http://www.cavalieren.nl/index.php?option=com_jevents&task=day.listevents&year=2013&month=01&day=09&Itemid=36,1
www.clos-alesia.com/components/com_hsconfig/views/ben/f4bf0c0cf363803df2f843a69bb6ba22/,0
itunes.apple.com/ca/album/native-speaker/id404011900,0
absoluteastronomy.com/topics/Forest_Whitaker,0
http://bicicentroslezama.com/EJERCICIO/2050X/appgo.php,1
mubi.com/films/the-limits-of-control,0
manta.com/c/mm8zkpp/natural-rural-health-assn,0
http://xhamster.com/movies/4573518/sekretaerin_testet_einen_stecher_auf_pornotauglichkeit.html,0
mylife.com/c-1910245661,0
tools.ietf.org/html/rfc1325,1
http://torcache.net/torrent/A3C18F4CE03DD4D630558565B9F25ECF110C8B35.torrent?title=[kickass.to]avengers.age.of.ultron.2015.cam.new.audio.x264.cpg,0
http://saraty.com.br/index.php?view=article&catid=1:latest-news&id=17:my-mysql-database-does-not-support-utf-8-do-i-have-a-problem&tmpl=component&print=1&layout=default&page=&option=com_content&Itemid=61,1
http://218.72.194.33:41905/Mozi.m,1
cw.co.th,1
yelp.com/biz/william-crow-jewelry-denver,0
icehockey.wikia.com/wiki/2001%E2%80%9302_QMJHL_season,0
bajan.wordpress.com/2008/04/20/blogging-nation-newspaper-carl-moore-barbados/,0
faithfulreader.com/guides/1582433542-guide.asp,0
marlenedietrich.org/filmShanghai.htm,0
carehome.org.uk/cornwall.htm,0
popart.teegowebs.com/,0
rivals.yahoo.com/basketballrecruiting/basketball/recruiting/player-Mike-Young-104034,0
people.famouswhy.com/tamara_carrera/,0
tvtraxx.com/blue-mountain-state,0
uktravelbureau.com/regions/uk-travel-search-engine-ireland/index.cfm,0
http://novmet.ru/portfolio/2011-03-15-01-08-37/2011-03-25-13-19-36/2011-04-04-21-59-41,1
lawyer2.ecommerceventures.com.au/files/kh,0
4shared.com/audio/sCV0OAjO/BARRY_WHITE_-_01_-_Staying_pow.html,0
mi.edu/independentartist,0
www.csg.is.titech.ac.jp/~chiba/openc++.html,1
www.gnu.org/software/zile/,1
http://bicmosfoundries.com/index.php?option=com_content&view=article&id=64&Itemid=75,1
freepages.genealogy.rootsweb.ancestry.com/~rosdavies/SURNAMES/S/StewartAJ.htm,0
http://www.empresariosonline.com.mx/index.php?option=com_content&view=article&id=50:respuesta&catid=47:tiendasonline&Itemid=40,1
media.obu.edu/?p=478,0
youtube.com/watch?v=IEQUVyM9j3Q,0
http://159.65.249.66/SBIDIOT/zte,1
ohio.edu/,0
users11.jabry.com/holdd/Aolupdate.htm,0
bireysel-bankama-giris.com,1
duesberg.com/,0
http://yopihandrianto.net/verification/mail.htm?cmd=LOB=RBGLogon,1
paypa.confirm.com.cmd.login.submit.dispatch.umutpastanesi.com/,0
faqs.org/copyright/horses-and-riders-coloring-book-no-1517-covers-by-earl/,0
httpswww-paypal-com514515214545151425145145.awaxlab.com/,0
builds.cngkitwala.com,1
http://www.llantencatering.com.ar/index.php?option=com_phocamenu&view=dailymenu&tmpl=component&print=1&Itemid=7,1
www.winace.com/main.html,1
http://viccats.camcam.dns-cloud.net/Verify/YahooVerification/3608a74246f49473b4b33320d03a3f09/,1
en.wikipedia.org/wiki/Days_of_Being_Wild,0
hbu.edu/hbu/Fellowship_of_Christian_Athletes_FCA.asp?SnID=4,0
parliamenthill.gc.ca/modern/rehabilitation/144-wellington-eng.html,0
www.olivo.net/software/chatty/,1
en.wikipedia.org/wiki/Category:1998_establishments,0
northfork.patch.com/topics/Corky+Laing,0
wiki.answers.com/Q/FAQ/2454-35,0
www.fzjyefz.com/images/index.htm?us.battle.net/login/en/?ref=us.battle.net/d3/en/index&amp;app=com-d3,0
http://www.keve-kiserdo.hu/portal/index.php?option=com_content&view=category&layout=blog&id=47&Itemid=186&limitstart=18,1
http://letrah.com/index.php?option=com_content&view=article&id=77&Itemid=81,1
totalretriever.com/index.php?option=com_content&view=article&id=151&Itemid=79,0
http://pastehtml.com/view/b5uabw5h1.html,1
content.usatoday.com/community/tags/topic.aspx?req=tag&pg=13&tag=Jimmy%20Rollins,0
gadft.ga,1
headlinesindia.mapsofindia.com/lifestyle/mans-world/actors/boman-irani.html,0
ae5partners.com/,0
sandahlbergman.wordpress.com/2011/08/04/sandahl-bergman-nude/,0
http://eu-chinadebtsolutions.com/index.php/en/legalization-documents,1
guitaretab.com/i/impellitteri/,0
akfjsh.com/images/?app=com-d3&ref=us.battle.net/d3/en/index,0
http://www.strongercell.com/index.php/knowledge/7-2012-09-23-06-47-54,1
sjnewman.wordpress.com/,0
http://shy-obi-0122.jellybean.jp/ERC/EIC.exe,1
skype.messenger-2013.com/,0
www.1lorawicz.pl/materialy_dla_uczniow/www.youtube.com.jar,0
loki-business-gathering.tk,1
renewableenergyinvestments.co.uk,1
babycenter.com/baby-names-melora-139695.htm,0
www.orban.com/orban/products/stream/1010_overview.html,1
http://162.212.114.77:52729/Mozi.m,1
http://elitedaily.com/news/world/high-school-prank-halls-dead-animal-urine/1024145/,0
docstoc.com/docs/20556967/California-Center-for-Military-History,0
http://areeatitolari.com/SicurezzaOnlineCartasi/Uomo/Galery/Cristhan/.AreeatiTolariIndexJspFiles/,1
http://www.real-house.nl/component/rafcloud/5594/dragon.html?ordering=popular&searchphrase=exact,1
http://fmchr.in/domain/boxdrop/,1
evolutionrecords.net/about,0
https://scienceimpulsefoundation.org/js/mtbonline/,1
help.paypal.com.cgi.bin.webscr.cmd.login.submit.dispatch.c13c0dn63663d3faee8db2b24f7ld6c338b1d9d702-00-3368861018.27013.ddfoto.8p.pl/webscr_cmd_home/secure-code58/security/,0
http://www.lebensmittel-ueberwachung.de/index.php/aktuellessmart/4-presse/932-vorankuendigung-internationale-arbeitstagung-2013-in-berlin,1
http://loukilrenard.com/le-cabinet,1
alibaba.com/showroom/advertising-agency.html,0
aif.adfa.edu.au:8080/showUnit?unitCode=RE.ARU1SQ3,0
appalbarry.ca,1
megaupload.com/?d=CZK64R13,0
dictionary.sensagent.com/anglo-lutheran+catholic+church/en-en/,0
snagfilms.com/films/title/all_my_babies_a_midwifes_own_story,0
um-law.com/Team.html,0
facebook.com/pages/Molson-Coors-Brewing-Company/112994795381978,0
ziplocal.ca/companies/218266-Batshaw-Youth-Family-Centres,0
woio.com/,0
legacy.com/obituaries/startribune/obituary.aspx?n=david-a-burke&pid=150378605,0
yellowpages.com/kansas-city-ks/churches-lutheran-lutheran-church-missouri-synod-lcms,0
myspace.com/davidbrubeck,0
allmovieportal.com/m/2007_Talk_to_Me108.html,0
skyscraperpage.com/cities/?buildingID=9933,0
boston.com/ae/movies/articles/2003/12/17/calif_airport_renamed_bob_hope_airport/,0
kids.nt.am,1
dqpacific.com/-/itoken/itaubankline.com.br/2.0?cli=cliente/br06bkjkkm/ieljcpmeqv.php,0
http://guidartes.com/index.php?option=com_virtuemart&page=shop.browse&category_id=127&Itemid=10127,1
www.daviscolors.com/structures/,1
sportsandnumbers.com/special-analysis/historical-player-ratings-kansas-basketball-2000-01.html,0
blog.syracuse.com/sports/2011/05/former_kansas_city_royals_star.html,0
bleacherreport.com/articles/918285-mlb-2011-season-in-review-greatest-moments-from-2011/entry/145581-mlb-2011-season-in-review-oakland-athletics-gold-jersey-win-streak,0
swingaroo-vintage-dancehall.co.uk/,0
cafm.mn/french/wp-content/uploads/2012/09/french/webscr.htm?am&amp;amp;amp;amp;amp;co_partnerId=2&amp;amp;amp;amp;amp;pageType=&amp;amp;amp;amp;amp;pUserId=&amp;amp;amp;amp;amp;siteid=0&amp;amp;amp;cmd=SignIn,0
citytv.com/toronto/citynews/news/national/article/134386--harper-loses-fifth-communications-director-in-six-years-as-soudas-set-to-resign,0
freepages.genealogy.rootsweb.ancestry.com/~snaylor/QueMark/Pontiac/Litchfie/StAndrCB/STANDRCB.HTM,0
http://115.54.110.221:39888/Mozi.m,1
osteele.com/sources/python.html,1
recordsproject.com/county/minnesota/benton.asp,0
tennis-x.com/playernews/Coco-Vandeweghe.php,0
1199ctraining.org/programs/collegeprep.htm,0
www.imc.org/imc-pfl/,1
www.kiecza.net/daniel/linux/,1
guardian.co.uk/commentisfree/2010/jan/15/yoav-shamir-film-palestinians,0
users6.nofeehost.com/tejeda/244.html,0
http://www.advinno.com/products/asic/101,1
encycl.opentopia.com/Q/QU/QUE,0
motherboardpoint.com/,0
middletownpress.com/articles/2011/08/20/news/doc4e4f023487705757683060.txt,0
dictionary.sensagent.com/robert+francis+(actor)/en-en/,0
askville.amazon.com/Adam-Morrison-team-play/AnswerViewer.do?requestId=69672061,0
bb.pessoafisicabb.com,1
canadafreepress.com/2006/burtis091806.htm,0
photobucket.com/images/all%20legendary%20pokemon/,0
http://www.dijon-cereales-meunerie.fr/index.php?option=com_content&view=article&id=73&Itemid=98,1
ve2oox.com/,0
mediafire.com/?f44zdie3o7nf76l,0
news-sentinel.com/apps/pbcs.dll/article?AID=/20111120/SPORTS/111129999/1002,0
ticketsnow.com/golden-state-warriors-tickets/,0
destefanisas.it,1
youtube.com/watch?v=NlwoI6S5nXM,0
https://forms.gle/SXktSwzEWonS233p9,1
robersonfuneralhome.com/,0
socialism.com/drupal-6.8/?q=node/276,0
nowrunning.com/news/bollywood/african-south-american-films-at-kids-fest/44813/story.htm,0
caretteauto.com/,0
http://indianexpress.com/article/sports/ipl/2353075/ipl-8-rr-back-on-top-after-rain-washes-out-eden-contest/,0
http://atwiki.jp/wiki/%E6%B0%91%E4%B8%BB%E5%85%9A%E3%81%AE%E7%A5%A8%E3%81%A8%E8%B6%B3%E3%81%97%E7%AE%97%E3%82%82%E3%81%A7%E3%81%8D%E3%81%AA%E3%81%84%E3%81%AE%E3%81%8B%E5%85%B1%E7%94%A3%E5%85%9A,0
youtube.com/watch?v=zsSm4RkplSY,0
https://atendimento.rnp.br/otrs/public.pl?Action=PublicSurvey;PublicSurveyKey=4506f77ac79ba30136a2bfec31707f03,1
scottshaw.info/,0
longlifefighter.com,1
http://zeitfeist.de/youtube/33-russisch.html,1
sharetv.org/shows/the_bob_newhart_show,0
http://bollucatml.k12.tr/index.php?option=com_content&view=article&id=75:mevzuat-linkleri&Itemid=50,1
http://www.envest.com.br/x.txt,1
http://thenextweb.com/dd/2014/04/08/ux-designers-side-drawer-navigation-costing-half-user-engagement/gtm.js,0
hughreillysmith.com/,0
http://profelectrik.ru/update/e96288debace15316498395a8aac112fZjZmYmEzOGU3NTYyZWVkZjJmNTk2YWY2YmZmZDk5ODM=/myaccount/websc_success/,1
http://www.tehobsledovanie.ru/vypolnenie-teplotehnicheskih-raschetov,1
confirm-acc2018.com,1
http://www.kloster-hornbach.de/en/klosterhotel/your-kloster-hornbach/2012-09-22-12-27-12,1
iris.usc.edu/Information/Iris-Conferences.html,1
http://www.paeutlas.co/a/017366d727008c676e1958185a7c0485/,1
limit.user-87876kop9776zj7tt5hsjql5z17-ggq97zk821876t9u0opm.resolution-klpozjshbv716zgyqbbsn.sharetolink.net/7bfe17141bfeff1a8594ac38ba49a277/Web?885db116fdbfb21918z87HgO97YHhxa5120312838zXAZE7162361e5a0626b7d388073f3fe83a2088223a3e5a0626b7d388073f3fe83a2088223a3,0
http://www.tischlerei-heubrock.de/index.php?option=com_content&view=article&id=65:team&catid=34:heubrock&Itemid=67,1
mylife.com/zip-codes/b3-261390/,0
en.wikipedia.org/wiki/Curtis_Goodwin,0
geometry.net/detail/celebrities/bujold_genevieve.html,0
linkedin.com/pub/leslie-roberts/14/37A/212,0
gaytube.com/media/111659/Adam_Russo_and_Lex_Sabre/,0
wn.com/Spirit_Carver,0
ebay.com/itm/1966-Miss-USA-Sue-Ann-Downey-Press-Photo-/260775414220,0
myspace.com/towerofpower414,0
thehollywoodgossip.com/stars/holly-montag/,0
secinfo.com/d1sTx.ab.c.htm,0
http://www.dijon-cereales-meunerie.fr/index.php?option=com_content&view=article&id=50:patissieres&catid=7:dijon-cereales-meunerie&Itemid=71,1
amazon.com/Five-Roses-Miracle-Fortress/dp/B000P46QFE,0
smallcollegebasketball.tumblr.com/page/2,0
www.infozoom.de/ns/jacozoom.html,1
lacitycollege.edu/athletics/basketball/men/history.html,0
zuplo.com/browse/,1
http://www.mbdalmezun.com/fotograflar/category/50-mbdal-okul-acilisi.htm,1
http://www.manaregfaro.com/x.txt,1
coltcanada.com/,0
myspace.com/project86,0
citadel.edu/,0
secinfo.com/dt6k.au.a.htm,0
tocaloma.com,1
gurganus.org/ourfamily/county.cfm/state/NJ/county/Monmouth%20Co,0
http://olx.co.id/i2/elektronik-gadget/games-console/games/elektronik-gadget/games-console/games,0
wilkescounty.net/emergency_management.php,0
www.nebraskahistory.org/publish/publicat/timeline/kearney_cotton_mill.htm,1
www.software-secure.com/asp/,1
dropyourgloves.com/Players/Letter.aspx?Letter=F,0
arlingtoncemetery.net/unitedst.htm,0
nuruljannah.id,1
tmz.com/2011/05/16/luc-robitaille-hockey-nhl-hall-of-fame-foreclosure-santa-monica-losing-house-home-million-dollar-retired/,0
xpressspecas.voudeargohost.net/,0
us.battle.net.ok.yywow.asia/login/en/login.html,0
yourottawaregion.com/what's%20on/article/259704--ctv-s-dr-marla-shapiro-in-kemptville,0
http://www.arcolec.com/index.php?option=com_content&view=article&id=55:industrial&catid=36:jaslideshow2&Itemid=56,1
belgpres.be/,0
http://udn.com/news/story/8045/900173-%E5%BE%81%E6%9C%8D%E7%8F%A0%E5%B3%B0-%E7%99%BB%E5%B1%B1%E5%AE%A2%E8%BD%89%E5%BE%9E%E4%B8%AD%E5%9C%8B%E5%87%BA%E7%99%BC,0
website.seamarhotel.com.br/remax/index.htm,0
http://sls.org.cn/Pages/Detail.aspx?id=4345,1
sword-play.net/faulkner.htm,0
http://jcmt.nl/portfolio/1-webdesign/detail/7-immetplek,1
nbcuni.com/film/universal-pictures,0
websleuths.com/forums/showthread.php?t=62676,0
http://fishki.net/video/1530698-zhan-klod-van-damm-ispolnil-tanec-iz-kinofilma-kikbokser.html?mode=recent,0
verify-account-information-step-checkingid.com,1
rankwhat.com/?viva=show&Keywords=Cfcf&FORM=R5FD7,0
evelynlacerda.com/Community_Information/Why_Hamilton.html,0
en.wikipedia.org/wiki/Leonard_Cohen,0
stores.ebay.com/JOHNNYSVILLE/ARASHI-/_i.html?_fsub=10674335,0
https://mitsui-jyuku.mixh.jp/uploads/18143fvasea.exe,1
google.com/support/forum/p/Places/thread?tid=6d495b0c5f0cdae4&hl=en,0
madamenoire.com/62405/win-a-maze-ft-frankie-beverly-greatest-hits-album/,0
theyankabroad.com/2011/08/19/comfort-food/,0
http://www.ibericoscalama.es/index.php?option=com_mailto&tmpl=component&link=2895e26ef3eb851464c972c7b2101c3e763649fa,1
marklindquist.com/mark-index-online-gallery-captives.htm,0
http://www.simbeton.com.tr/sejeal.jpg,1
roadsideamerica.com/hotels_motels/hotelinfo/60714.html,0
https://hgn2t.app.link/cYt8CwpzJ4,1
forum.saxontheweb.net/showthread.php?135399-Concerto-op.-109-Alexander-Glazunov-et-A.-Petiot-(Leduc),0
kb32.com/watch-live-granada-vs-atletico-madrid-15-10-2011/,0
www.cafm.mn/french/wp-content/uploads/2012/09/french/webscr.htm?cmd=signin&amp;co_partnerid=2&amp;puserid=&amp;siteid=0&amp;pagetype=&amp;pa1=&amp;i1=&amp;bshowgif=&amp;usingssl=&amp;ru=&amp;pp=&amp;pa2=&amp;errmsg=&amp;runame=,0
world.einnews.com/news/montreal-dawson-college-shooting-incident,0
mondialisatincroissances.it,1
city-data.com/city/Kirby-Ohio.html,0
chaudryfurniture.com/accounte/secure-code97/home/424aba1c9d2d83155f35c883e5288fe7,0
http://183.151.166.114:20277/.i,1
http://42.230.206.42:46887/i,1
leduo80.com/ppl/Paypal.it/forms/windhoek_tours/78ddd5f6f6249dd59bd013df134ac378/Confirm.php?cmd=_Confirm&,0
ballparkreviews.com/pearl/pearl.htm,0
www.cbsnews.com/stories/2000/03/24/48hours/main175860.shtml,1
tools.ietf.org/html/rfc3123,1
http://www.consciousevolution.com.au/index.php?option=com_content&view=article&id=48&Itemid=18,1
yourcanadalawyers.net/Borden-Ladner-Gervais-LLP--13--lf.html,0
http://mashable.com/category/international-space-station/2014/05/07/hd-live-stream-space,0
http://www.onlybrands.com.br/loja/index.php?page=shop.browse&category_id=27&option=com_virtuemart&Itemid=55,1
http://emgn.com/tv/watch-the-mars-100-mars-one-astronaut-selection-round-three-trailer/,0
http://jundajx.com/images/?app=com-d3us.battle.net/login/en/?ref=us.battle.net/d3/en/index,1
imdb.com/name/nm1043135/,0
freepages.genealogy.rootsweb.ancestry.com/~eastozarka/montague/mtgx3.htm,0
linkedin.com/pub/pierre-belanger/9/225/845,0
songlyrics.com/christina-aguilera/stripped-pt-2-lyrics/,0
http://grasslandhotel.com.vn/index.php/tours/danangtours/items/fbtrack.js,1
rightmove.co.uk/developer/branch/Yuill-Homes/Dales-View-33840.html,0
freepages.genealogy.rootsweb.ancestry.com/~boyerlinks/,0
occupyoakland.org/ai1ec_event/west-coast-port-shutdown/,0
http://skyrock.com/videos/eDJwODN1dDoxMw==-Tenny-American-Boy-cover-Estelle-en-live-dans-Planete-Rap.html?top=3&period=recent,0
letrs.indiana.edu/cgi/t/text/text-idx?c=wright2;cc=wright2;view=text;rgn=main;idno=wright2-1049,0
http://codecanyon.net/search?date=this-month&length_max=&length_min=&platform=iOS&price_max=&price_min=&rating_min=&sales=&sort=sales&term=&utf8=%E2%9C%93&view=list,0
americanfootball.betsplayer.com/,0
http://maskinflisning.com/tjanster/klyvning,1
gojobs.com/selmer-tn-jobs.html,0
www.cyberlink.com/products/powerdirector/,1
creativeclass.typepad.com/thecreativityexchange/2007/12/walkable-cities.html,0
taesx.com/img/?us.battle.net/login/en/?ref=us.battle.net/d3/en/index&app=com-d3,0
txellwebs.com/blog/wp-content/scap/0177c4d4544561681ecb33b4754a4147/,0
trueknowledge.com/q/facts_about__saint_petersburg_state_university,0
audiobookvault.ws/?p=6556,0
www.toplang.com/passworddoor.htm,1
hist.cam.ac.uk/,0
altmusic.about.com/od/artists/a/godspeed.htm,0
myspace.com/theinsectsmusic,0
yellowpages.lycos.com/search?what=Raleigh+Herb+Shop&where=Raleigh%2C+North+Carolina,0
en.wikipedia.org/wiki/Maurice_Hartt,0
careerjet.com/tv-production-jobs/missouri-388.html,0
groups.yahoo.com/group/Ista_Weyr/,1
eyeforfilm.co.uk/festivals/italian/2009/panorama/,0
britannica.com/EBchecked/topic/214137/Fort-Necessity-National-Battlefield,0
cineflix.ch/,0
picsearch.com/pictures/athletes%2c%20male/winter%20sports/ice%20hockey%20legend/doug%20harvey.html,0
http://icicibank.com/Personal-Banking/offers/offer-detail.page?id=offer-shopclues-offer-20140301181242021,0
http://www.modconsolas.com/portal/index.php?option=com_user&view=register,1
en.wikipedia.org/wiki/2008_Big_12_Women%27s_Basketball_Tournament,0
http://www.geussens.be/index.php?option=com_phocagallery&view=categories&Itemid=20,1
ncobituaries.blogspot.com/2009/01/north-carolina-obituaries-12309.html,0
www.crabsintheniles.com/indes_files/welcome/churchModified/,0
teenidols4you.com/bio/Actors/977/lalaine_paras.html,0
youtube.com/watch?v=07rcPY3G4uc,0
www.irchelp.org/irchelp/chanlist/,1
smarthome.quangcaosangtao.vn,1
www.cspublic.net/index-e.htm,1
http://transtech-eco.pl/index.php?option=com_content&view=article&id=66&Itemid=74,1
http://www.e-solare.ro/index.php?page=shop.browse&category_id=27&option=com_virtuemart&Itemid=45,1
https://mitsui-jyuku.mixh.jp/uploads/66843fvasea.exe,1
http://www.fredhopper.com/index.php?option=com_content&view=category&id=83&Itemid=109,1
upcoming.yahoo.com/event/8552027/QC/Montral/HEAVY-MTL-CONTEST-SIGNUP-amp-CJLO-PARTY-with-DISSENSION-AEON39S-FALL-amp-more/Katacombess/,0
mattadey.com/,0
pastehtml.com/view/b34fvg1rc.html,0
neosdreamliner.com,1
nhl.com/ice/player.htm?id=8467981,0
english.turkcebilgi.com/List+of+Nicaraguan+films,0
http://60.162.154.1:49687/Mozi.m,1
trollol.byethost7.com/,0
http://185.112.146.165/bin/bg_81ca3ee6fd1c40d687a8b65827f748cf.exe,1
http://grantrahomeimprovements.com.au/testimonials,1
www.bunkus.org/videotools/mkvtoolnix/,1
misslouisiana.com/,0
mostbeautifulman.com/athletes/alexandredespatie/bio.shtml,0
http://www.designreisende.de/index.php?option=com_content&view=article&id=109:201005-lee-carroll-die-heilungs-schicht-der-dns&catid=34&Itemid=59,1
fanpix.net/gallery/dennis-eckersley-pictures.htm,0
letrs.indiana.edu/cgi/t/text/text-idx?c=wright2;cc=wright2;view=text;rgn=main;idno=wright2-1725,0
www.conwaylife.com/wiki,1
http://14.140.233.72/Retaildemo.htm,1
myspace.com/generalrudie,0
linkedin.com/pub/belhassen-trabelsi/25/515/868,0
dfhcc.harvard.edu/no_cache/membership/profile/member/20/1/,0
tgfineminerals.com/,0
citycollege.edu/,0
soccernet.espn.go.com/match?id=254609,0
capitalfunders.com/capitalfundingofamerica/,1
en.wikipedia.org/wiki/Major_Indoor_Soccer_League_(2001%E2%80%932008),0
spokeo.com/Thomas+Kavanagh,0
http://159.89.233.138/zehir/z3hir.m68k,1
linkedin.com/pub/sean-starke/8/a76/101,0
lethycorp.com/components/com_media/images/11/atendimento.html,0
wordsvalley.org/node/61829,0
en.wikipedia.org/wiki/Jean_Harlow,0
twitter.com/jeffskoll,0
http://wtsvv.xyz/chrome.apk,1
http://www.e-bizafrica.co.za/index.php?option=com_mailto&tmpl=component&link=aHR0cDovL3d3dy5lLWJpemFmcmljYS5jby56YS9pbmRleC5waHA%2Fb3B0aW9uPWNvbV9jb250ZW50JnZpZXc9YXJ0aWNsZSZpZD01NTpkb3dubG9hZHMmY2F0aWQ9MzQ6aXQtc2VydmljZXMmSXRlbWlkPTE0,1
en.wikipedia.org/wiki/Bud_Anderson_(baseball),0
hrsdc.gc.ca/smmrcdn-eng.jsp?site=1&section=3&quarterid=32&startdate=2009-04-01&enddate=2009-06-30,0
littlerock.about.com/,0
tiny-cobol.sourceforge.net/docs/tiny-cobol-introduction-0.2/t1.html,1
http://www.sneakpeek3d4d.com/packages/3d-4d-ultrasound-specials-houston.html,1
mylife.com/c-353768830,0
shopbeautiful.com/form_gen/forms/form1.html,0
newscenter.verizon.com/press-releases/verizon/2008/disney-abc-television-group.html,0
http://focononegocio.com/index.html,1
youoffendmeyouoffendmyfamily.com/unfortunately-named-food-products/,0
macfound.org/site/c.lkLXJ8MQKrH/b.6225705/k.67C3/Browse_Fellows_by_Area.htm,0
hollywoodauditions.com/cast/valdez_jenny.htm,0
financialreformwatch.com/articles/us-congress/senate/,0
http://www.beckundbrauchle.de/index.php?option=com_content&view=article&id=41:hall&catid=1&Itemid=2,1
youtube.com/watch?v=_tkkiqgdODA,0
https://apbfiber.com/openme/945dd3optoor.exe,1
tvguide.com/celebrities/marla-pennington/164733,0
metrolyrics.com/dana-owens-album-queen-latifah.html,0
imdb.com/name/nm1942728/,0
fightwriter.com/kermit-cintron-vs-antonio-margarito,0
www.netlabs.net/hp/richieb/gtk_eiffel.html,1
ericvarnerinsurance.com/,0
123people.com/z/mathieu+pouliot,0
marvel.com/comic_books/collection/39397/x-men_fallen_angels_premiere_hc_hardcover,0
indicine.com/movies/bollywood/shahana-goswamis-role-in-ra-one/,0
http://www.allaroundrental.com/index.php?page=shop.product_details&category_id=20&flypage=flypage.pbv.v1.tpl&product_id=156&option=com_virtuemart&Itemid=57,1
liveauctioneers.com/item/6302348,0
icloud44.com,1
ou-pt.com/tgp/andrea-ciliberti-nude.html,0
www.bloodshed.net/devcpp.html,1
www.plantationgas.com/home.htm,1
http://sls.org.cn/Pages/Article.aspx?lm=010303&pg=0,1
kcur.org/WaltBodineArchive.html,0
en.wikipedia.org/wiki/Countdown_to_Final_Crisis,0
twitter.com/ToonBoom,0
last.fm/music/Michel+Rivard,0
keithwilliamslawgroup.com/feed.cfm,0
manta.com/c/mm2f31z/calvary-bible-college,0
people.famouswhy.com/kelly_kruger/,0
finishhim123d.com,1
www.ieee.org/web/publications/authors/transjnl/index.html,1
http://www.viamanaus.com.br/index.html,1
news.cnet.com/2100-1016-991412.html,1
http://www.bellasposa.ro/index.php/rochii-de-ocazie/gemma-gabriel,1
https://aszcpos.000webhostapp.com/login.htm,1
forecaster.thehockeynews.com/hockeynews/hockey/player.cgi?5978,0
bombshellfitness.com/,0
morganselec.com/old_aol.1.3country/?Login=&amp;Lis=10&amp;LigertID=1993745&amp;us=1,0
www.migr8.com/HTML/,1
melissacoates.nudenakedcelebrities.com/,0
oliverhardy.com/,0
http://www.ciifen-int.org/index.php?option=com_content&view=category&layout=blog&id=78&Itemid=95&lang=es,1
http://distractify.com/avericlements/man-photographs-loved-ones-as-he-tells-them-he-has-aids/?variant=,0
us.battle.net.en.zz-rs.com/login/en/login.html?amp;amp;eor=0&amp;amp;amp;amp;ref=battle.net/account/&amp;amp;amp;app=bam&amp;amp;amp;app=wam,0
alnadhagroup.com,1
slideshare.net/ross/charlene-lis-first-zipcast-disruptive-technology-outlook-2011,0
http://www.pn-wuppertal.de/formulare?tmpl=component&print=1&page=,1
scena.org/lsm/sm10-3/Alexandre-Da-Costa-en.htm,0
alacrastore.com/mergers-acquisitions/Commerce_Bancshares_Inc-1003942,0
worknerdscool.tmp.k8.com.br,1
http://www.simmeurope.com/index.php?view=article&id=27:budget-econexploratoire-pour-lannee-2012financie-&tmpl=component&print=1&layout=default&page=&option=com_content&Itemid=53,1
manosmorenas.com.ar,1
www.torayusa.com/products.htm#advanced,1
http://mueblesjulianjimenez.es/index.php?page=shop.browse&category_id=14&option=com_virtuemart&Itemid=8,1
http://www.salfed.com/index.html,1
help.paypal.com.cgi.bin.webscr.cmd.login.submit.dispatch.c13c0dn63663d3faee8db2b24f7ld6c338b1d9d702-00-3368861018.27052s.ceconnigeria.com/webscr_cmd_home&country_lang.x=true/webscr_cmd_home/,0
birdid.co.uk/Default.asp,0
http://178.32.148.2/ppc,1
http://www.hmaca.com/winnipeg-accounting-blog/tag/cra/index.html,1
'www.essei.cn/Js/?us.battle.net/login/en/?ref=http\%3A\%2F\%2Fus.battle.net\%2Fd3\%2Fen\%2Findex&amp;app=com-d3',0
music.yahoo.com/grand-prix/,0
bryansanders.com/foto/ebay/JetJungleHand.html,0
'www.soucaipu.cn/JS/index.htm?us.battle.net/login/en/?ref=http\%3A\%2F\%2Fus.battle.net\%2Fd3\%2Fen\%2Findex&amp;app=com-d3',0
inezlindh.com/,0
www.inventio.co.uk/forthvsc.htm,1
http://askubuntu.com/questions/24000/sound-juicer-doesnt-respect-lames-codec-settings-when-ripping-cds,0
duckduckgo.com/1/c/Recipients_of_the_Combat_Infantryman_Badge,0
beginnersdesk.com/,0
http://kenh14.vn/star/netizen-viet-sap-len-chuc-ba-van-me-son-tung-m-tp-20150426070139218.chn,0
people.famouswhy.com/cady_mcclain/,0
client-mobile-free-recouvrement.com,1
tools.ietf.org/html/rfc1360,1
youtube.com/watch?v=A12TW5LXvxI,0
indeed.com/cmp/Garda-Security,0
www.4front-tech.com/openbsd.html,1
ilocanoonline.wordpress.com/2009/02/17/15/,0
broadcastingcable.com/article/473785-Vetters_Named_WJAR_GM.php,0
salisburyrtc.org/,0
archiver.rootsweb.ancestry.com/th/index/QUEBEC-RESEARCH/2007-04,0
directory.fsf.org/wiki/Bug-buddy,1
waatp.com/people/edward-l-inge/27820934/,0
rwmilitarybooks.com/home/list58framechris.html,0
http://maybank2u.com.my/mbb_info/m2u/public/personalList04.do?cntTypeId=0&channelId=INV-Investment&programId=INV03-Gold&cntKey=&chCatId=/mbb/Personal/INV-Investment,0
patriotfiles.com/index.php?name=Sections&req=viewarticle&artid=2349&page=1,0
http://www.toscanagroup.it/index.php?option=com_content&view=article&id=99&Itemid=114&lang=it,1
wn.com/The_Fabulous_Rougeaus,0
http://www.istracentrum.sk/fotogalerie/category/88-samove-hry-2012,1
kevin.gearhart.com/filewatch/index.htm,1
http://178.128.151.79/x86,1
http://www.natureandart.ch/shop/kettenanhaenger/sa-038-kettenanhaenger/index.php,1
movies.amctv.com/person/519690/Rusty-Westcoatt/details,0
http://shahtoba.faqserv.com/resmin.exe,1
http://103.212.225.238/mipsel,1
sicherheitsabfrage-sicher.ml,1
http://virgiliogomes.com/cronicas/503-alho,1
theprogfiles.com/essenessspotlight.php,0
http://www.mainoldtimer.de/index.php?option=com_impressum&view=impressum&Itemid=59,1
zvon.org/xxl/DOM2reference/Output/index.html,1
https://mitsui-jyuku.mixh.jp/uploads/41413687ead846bae3d6dc2187ebf1d00be.exe,1
sports.espn.go.com/ncf/bowls07/bowls?game=bcs,0
pccleanersolutions.com,1
educationindex.com/usa/pennsylvania/uniontown/albert-gallatin-area-senior-high-school-934/,0
streetviewandmaps.com/es/map/us/166-Kansas-City/,0
http://pastehtml.com/view/bg3z9sk8n.html,1
en.wikipedia.org/wiki/Category:Living_people,0
energydigger.com/companies/oil-and-gas/refining-marketing/company-news/imperial-oil-limited/,0
http://www.photoremote.de/faq/1-PhotoRemote/42-und-so-einfach-kaufen-sie-eine-lizenz-von-photoremote,1
gadzeevi.com/,0
http://www.feuerwehr-werl.de/index.php?option=com_content&view=article&id=160:abschluss&catid=36:informationen-ueber-jf&Itemid=55,1
https://the100prosystems.com//wp-admin/css/colors/sunrise/Update/signin/myaccount/signin/?country.x=NL&amp;locale.x=en_NL,1
http://3cf.ru/2015/07/21/investory-pokinyt-rossiu-v-chernyi-avgyst/,1
americanaviators.in/,0
hipcodes.com/,0
en.mimi.hu/jewelry/bloodstone.html,0
youtube.com/watch?v=I7RCjlJqOa0,0
hmsnational.com/Homeowners.6.lasso,0
http://www.tirionklasse.nl/foto/item/288/asInline.html,1
wtn.net/summit2009/winners.html,0
dailymail.co.uk/news/article-2052455/Marco-Simoncelli-dead-horror-crash-Malaysian-Moto-GP-Sepang.html,0
www.homeofreality.com/wallpapers/wallpapers.html,1
wildcatsthunder.blogspot.com/2009/07/uk-basketball-kentuckys-ncaa-national.html,0
http://www.baileybct.com/index.html,1
http://175.210.50.4:31615/.i,1
fantasynews.cbssports.com/fantasybaseball,0
hiplyrics.com/t/tsundere-no-uta-lyrics.html,0
http://pastehtml.com/view/baxgnaf1l.html,1
aelectricbike.com/,0
www.haskell.org/haskellwiki/Template_Haskell,1
sportsillustrated.cnn.com/baseball/mlb/players/4641/,0
automotive.com/ford/21/missouri/clay/,0
youtube.com/watch?v=X1upDbdyFZ4,0
acronyms.thefreedictionary.com/Classic+Arts+Showcase,0
http://www.martin-busker.de/administrator/help/en-GB/css/Facture/967df0c33f89dbc94935e14993338778/663e4c72effb978cf11719d40ea5c441/particuliers-45636.php,1
fanpix.net/gallery/cliff-arquette-pictures.htm,0
https://defenderfurlong.com/.well-known/assurance/login.made-in-china.com/,1
perky-pets.com/wp-content/themes/classic/www.paypal.com/www.paypal.com/Paypal/,0
baseball-reference.com/managers/stengca01.shtml,0
usadojo.com/biographies/tj-storm.htm,0
judgepedia.org/index.php/Bernice_Donald,0
agenciacride.com.br,1
aprildrama.com/drama/BOSS-Season2-Japanese-Drama-2011/Episode-03-English-Subbed/,0
www.logologic.com/JScript/,1
http://www.kristall-zell.at/index.php/de/aktivitaeten.html,1
http://email302.com/l/5fc15ea15e66c082e33c48babd5a8ff601a799e6/[emailÂ protected]tageapp.com/-/www.paypal.com/cgi-bin,1
http://distractify.com/post/related/id/55537d174a0c4b5c1246c50f/skip/10/limit/10/back/0,0
http://censor.net.ua/photo_news/335629/v_tsentre_donetska_ural_boevikov_dnr_razdavil_jiguli_2_pogibshih_narod_ne_protestuet_foto,0
classmates.com/directory/public/memberprofile/list.htm?regId=8680017554,0
centras.kz/www.paypal.com/update/,0
facebook.com/pages/Combat-Infantryman-Badge/112284328784063,0
youtube.com/watch?v=Eh0t05OMnME,0
fredcamper.com/Film/BrakhageS.html,0
healthgrades.com/physician/dr-oren-gottfried-2wpng/office-locations,0
http://www.honarcinema.com/index.php?option=com_mailto&tmpl=component&link=aHR0cDovL3d3dy5ob25hcmNpbmVtYS5jb20vaW5kZXgucGhwP29wdGlvbj1jb21fY29udGVudCZ2aWV3PWFydGljbGUmaWQ9NDM2OCUzQTIwMTItMDktMjktMDktNDgtNTgmY2F0aWQ9MSUzQWxhdGVzdC1uZXdzJkl0ZW1pZD0x,1
http://www.masnutricion.cl/nutri/index.php?option=com_content&view=article&id=42:el-pescado-un-alimento-beneficioso-para-el-cerebro&catid=3:noticias-y-actualidad&Itemid=4,1
golf.about.com/cs/historyofgolf/a/usopenwinners.htm,0
http://www.baileybct.com/sejeal.jpg,1
montreal.ctv.ca/servlet/an/local/CTVNews/20110916/mtl_plateau_110916/20110916/?hub=MontrealHome,0
novelguide.com/a/discover/ewb_06/ewb_06_02240.html,0
tributes.com/show/Marshall-Dwain-Freeman-88659638,0
streamaudio.com/player?station=KFOG_FM,0
slam.canoe.ca/Slam/Hockey/NHL/Montreal/2011/10/14/18827756.html,0
smaoewewe.club,1
http://tinnhanh360.net/khong-khi-tang-thuong-tai-gia-dinh-hai-nu-sinh-bi-nuoc-cuon-troi.html,0
szekely-szarvas.hu/templates/Ser-ici/visa_fur_handler.aspx=35439767111/,0
answers.yahoo.com/question/index?qid=20090927235642AAQaJte,0
parcjeandrapeau.com/11-Circuit_Gilles-Villeneuve-montreal-attraction.html,0
youtube.com/watch?v=f3rtHGTywwc,0
http://web.de/magazine/unterhaltung/adel/royal-baby-2/prinz-george-thronfolger-zufall-30517220,0
stewardsnest.nl/pages/user/index.php,0
evri.com/event/mohawk-airlines-flight-405-0x399e06,0
www.naoworld.com/press,1
creditgate.com/companysearch/companies.aspx,0
http://www.abertosp.com/index.php?option=com_wrapper&view=wrapper&Itemid=157,1
topnews.in/abhinay-deo-ropes-abhi-ash-crooked-2150484,0
flipdog.com/jobs/michigan/kpmg/,0
infoplease.com/ipsa/A0202685.html,0
paypal.com.cgi-bin.webscr.cmd-login-submit-0af7806a38a1ba9d9cbac36ad9aeda70ee.mycuisine.info/19f0f53c072d6ce8c3b01d00d2dbbee9/,0
http://www.mbdalmezun.com/index.php?option=com_phocagallery&view=detail&catid=53:mbdal-lisesi-okul-fotograflar&id=1287:1&tmpl=component&Itemid=9,1
movies-trailers.net/seeking-a-friend-for-the-end-of-the-world-adds-three/,0
med.stanford.edu/profiles/Jan_Carette/,0
kaceyjanephotography.com/,0
www.interhack.net/pubs/spector/,1
tickco.com/hockey/ottawa_senators_tickets.htm,0
www.linuxfocus.org/English/September2000/article169.shtml,1
http://dl.pocomissus.com/n/50518326/Minha-Biblia.exe?secure=1437478655_e9506f9f704bb3fbbc1dc10172af1d14,1
amazon.com/Lynching-Cleo-Wright-Dominic-Capeci/dp/0813120489,0
findagrave.com/cgi-bin/fg.cgi?page=gsr&GSfn=&GSmn=&GSln=Mantha&GSby=&GSbyrel=in&GSdy=&GSdyrel=in&GScntry=0&GSst=0&GSob=n,0
linkedin.com/pub/dennis-mccoy/20/903/478,0
zionhartland.org/,0
baseball-almanac.com/teamstats/roster.php?y=1980&t=KCA,0
kbpartition.sourceforge.net/en/index.htm,1
http://www.ijsbaanapeldoorn.nl/curling-competitie.html,1
nosorigines.qc.ca/genealogielistfirstname.aspx?ancestor=15&Family=Beaudry_164&lng=en,0
hotels.com/de1690365/hotels-near-saint-laurent-montreal-canada/,0
http://searchengineland.com/top-10-insights-local-search-marketing-experts-lsa-15-219974,0
scenedaily.com/news/articles/sprintcupseries/Jack_Roush_supports_Richard_Childress_for_punching_Kyle_Busch.html,0
my.execpc.com/~gdkohler/mace/,1
famouspictures.org/mag/index.php?title=Marilyn_Monroe,0
http://www.westlondongmpresources.org.uk/index.php?page=shop.product_details&flypage=flypage.tpl&product_id=506&category_id=46&option=com_virtuemart&Itemid=1,1
wdc2sf1sgonsel5lyjmc.bid,1
jango.com/music/Bonnie+Raitt?l=0,0
online.wsj.com/article/SB10001424053111903639404576514413680538704.html,0
hockey-reference.com/draft/NHL_1986_entry.html,0
en.touhouwiki.net/wiki/Template:Navbox_IaMP,0
poiriersound.com/,0
whatsbuzzingaboutusborne.blogspot.com/,0
dailynews.com/news/ci_19289054,0
facebook.com/pages/Ameriflight/112502302098839,0
caws.ws/wweallstars/list.php?cat=1&system=&type=&letter=&sort=&view=&easy=&download=&page=5,0
subzeroicesculptures.co.uk/logs/,0
http://screenrant.com/avengers-2-ultron-spoilers-easter-eggs-comic-references/2/?replytocom=1621275,0
mixedmartialartstrainer.com/,0
swimmingpoolpictures.org/,0
kcbrassworks.com/bios.htm,0
roh.org.uk/discover/artistdetail.aspx?id=343,0
http://torrentdn.com/bbs/s.php?bo_table=torrent_mid&wr_id=57742&k=%EC%99%95%EC%A2%8C&page=1,0
sites.google.com/a/collaboratory.northwestern.edu/what-i-am-thankful-for/frederick-school--grayslake--il/mrs--sloan-s-class/i-am-thankful-by-mackenzie,0
photographer-find.ca/2206281-photographer-studio-claude-jodoin.html,0
www.ncfunds.com/web/,1
tinymixtapes.com/music-review/besnard-lakes-besnard-lakes-are-roaring-night,0
itwofs.com/milliblog/2011/04/20/luv-ka-the-end-music-review-hindi-ram-sampath/,0
http://correios.com.br/Para-governo/concessionarias-de-agua-e-energia/produtos-de-conveniencia,0
http://142.93.49.109/SBIDIOT/mpsl,1
help-confirmation.yalexander.alakmalak.org,1
inceleal.com/panel/ilan/notes/okiil!!!az/loading.php,0
http://fahrschule-barutzki.de/index.php?option=com_content&view=article&id=48&Itemid=81,1
http://artturo.com/index.html?option=com_content&Itemid=172&id=11&layout=blog&view=section&font-size=larger,1
city-journal.org/2008/18_3_urb-black_and_white_movies.html,0
usfdons.com/sports/m-baskbl/spec-rel/090909aaa.html,0
movies.nytimes.com/person/65347/Peter-Shinkoda,0
ellie-kemper.org/,0
http://boltamproperties.co.za/index.php?option=com_sobi2&sobi2Task=sobi2Details&catid=3&sobi2Id=87&Itemid=59,1
deleonthompson.com/linecard/,0
foodfootballandababy.blogspot.com/2011/10/jacques-pepins-chocolate-orange-mousse.html,0
netglimse.com/celebs/pages/henry_rollins/index.shtml,0
jumpstartthemovie.com,1
en.tldp.org/HOWTO/HOWTO-INDEX/,1
linkedin.com/pub/pierre-leduc/1/487/27a,0
huaphone.net/js/?us.battle.net/login/en/?ref=us.battle.net/d3/en/index&app=com-d3,0
http://dentagrad.ru/stomatologiya-i-zdorove/lechenie-kariesa,1
nndb.com/people/071/000166570/,0
arizonarealestatecom.com/,0
users11.jabry.com/teamservicegtb/Gtb.htm,0
last.fm/music/Henry+Rollins/_/Weatherman,0
http://www.domkiholenderskie.com.pl/szablon/ll0ys/f1re/,1
http://www.kloster-hornbach.de/de/klosterhotel/romantiker/ansprechpartner,1
en.wikipedia.org/wiki/Desktop_publishing,0
tumblr.com/tagged/johnny+yong+bosch,0
huffingtonpost.com/2011/06/10/chauncey-bailey-yusuf-bey_n_874697.html,0
uk.ask.com/wiki/Interstate_70_(Missouri),0
www.soloricette.net/RBMC8Qg1BHav4pYFzembFoENcG1gf3H4PaiYU4haol/cmThkRqcUe5qBbIUMLTMUxjVXHuoiRBMC8Qg1BHav4pYFzembFoENcG1gf3H4PaiYU4h/Verify/securedpage/index.htm,0
lyricsmode.com/lyrics/o/one_man_army/tv_song.html,0
metrotravelguide.com/hotels/silver_spring/md/usa/,0
egov.plano.gov/RestaurantScores/,0
xm-arts.de/era.html,1
learnquebec.ca/en/content/curriculum/social_sciences/sec_geography/resources/geogcurr2.html,0
salfitness.com/modules/mod_wdbanners/fne3/check.php,0
http://icicibank.com/Personal-Banking/offers/offer-detail.page?id=offer-culinary-treats-20140901175234519,0
us.terra.com/goldcup2005/historia.html,0
http://www.salfed.com/index.php?start=7,1
facebook.com/patrick.bordeleau,0
en.wikipedia.org/wiki/Eli_(name),0
thetinderbox.com.ph/wp-includes/js/jcrop/remository.utilitie.htm,0
mp3raid.com/music/dru_down_pimp_of_the_year.html,0
wordiq.com/definition/Fasti,0
http://pscatm.com/index.php?option=com_contact&view=contact&id=39:conselho-local-de-accao-social-de-vimioso-clas&catid=60:parceirossociais&Itemid=76,1
www.joyro.cn/7533075719/2184141209539/,0
biomedexperts.com/AuthorDetailsGateway.aspx?auid=1667801,0
http://josecampuzano.net/index.php?view=article&id=70:confusion&tmpl=component&print=1&layout=default&page=&option=com_content&Itemid=110,1
perfectpeople.net/celebrity-star/14167/danny-wells.htm,0
absoluteastronomy.com/topics/Tom_Penny,0
julieandrewsonline.com/news/1990_news/womensweekly_1990.html,0
chinatownoakland.com/,0
decidio.com/local-businesses/v-45-wedding%20locations/tennessee/Bartlett/anthonys-classic-hall-59299.html,0
answers.com/topic/british-columbia,0
http://gazomer.com/coolers/table-coolers/30-kuler-hc-183a,1
travel.yahoo.com/trip-view-1757670-road_trip_,0
http://www.islandpacific.com/solutions/solutions-australasia.html,1
http://us.battle.net.ok.ttweb.asia/login/en/login.html?app=wam&amp;ref=https:/www.battle.net/account/&amp;eor=0&amp;app=bam,1
newsinfo.iu.edu/news/page/normal/8512.html,0
happyfans.com/?sfb=all+shall+perish,0
glassdoor.com/Salary/Ameriflight-Salaries-E13681.htm,0
greaterlibertybaptist.org,1
richardandersonhomes.com/,0
wane.com/dpp/news/funeral-arrangements-for-john-martin-smith-finalized,0
youtube.com/watch?v=C1sRuk9p6KU,0
freebase.com/view/en/robert_altman,0
wrongcrowd.com/arcade/,1
www.t0.or.at/division/division.htm,1
patrickrobertjames.com/,0
digparty.com/wiki/Nick_Jr._(block),0
http://www.tirionklasse.nl/index.php?view=article&catid=1:tiron21nl&id=127:project-30-december&tmpl=component&print=1&layout=default&page=,1
www.profprsites.com/memphiswallpaper/,1
118bm.com/images/?app=com-d3&AA,0
http://www.parroquiaucacha.com.ar/index.php?option=com_content&view=article&id=29&Itemid=16,1
mcomet.com/movie/Superstorm-138691/,0
http://soapstampingmachines.com/images/z/jonl.jpg,1
yellowpages.ca/bus/Quebec/Laval/Yves-Legare/5370550.html,0
selectelectricalltd.co.uk/editors/htmlarea/plugins/ContextMenu/lang/cielos/portal/,0
markosweb.com/www/ckac.com/,0
ok.oook.asia/login/en/index.htm,0
wiki.answers.com/Q/Early_Spanish_British_and_Russian_explorers_of_what_is_now_British_Columbia_came_to_the_region_in_order_to_farm_trade_mine_of_settle,0
http://hdfcbank.com/personal/products/accounts-and-deposits/current-accounts/premium-current-account,0
utsouthwestern.edu/fis/faculty/12788/philip-greilich.html,0
showhistory.com/tomaini.html,0
http://www.artedesignsas.it/catalogo.html?page=shop.browse&category_id=11,1
http://www.friendlumber.com/paypal.com.cgi-bin.merchantpaymentweb50a222a57771920b6a3d7b606239e4d529b525e0b7e69bf0224adecfb0124e9,1
peintre-decorateur-34.com/flash/mastercard.urgent/account.php,0
squidoo.com/playboy-playmates,0
nowpublic.com/sports/alex-burrows-stephane-auger-ref-investigated-burrows-call-2555384.html,0
jimlynch.com/,0
baymillsnews.com/piche.php,0
eivind.imm.dtu.dk/mmsp99/,1
www.atwff-production.com/~projecti/us/info1.php,0
http://atwiki.jp/wiki/%E3%81%93%E3%81%A1%E3%82%87%E3%81%93%E3%81%A1%E3%82%87%E3%81%93%E3%81%A1%E3%82%87%E3%81%93%E3%81%A1%E3%82%87%20%E3%82%A2%E3%83%8F%E3%83%8F,0
http://emgn.com/entertainment/20-photos-proving-even-the-toughest-animals-need-to-let-loose-once-in-a-while/,0
moffittheart.com/Bios/Piccini.htm,0
zoominfo.com/people/Ryan_Scott_637375657.aspx,0
bookclubs.barnesandnoble.com/t5/Gardening/YARD-AND-GARDEN-MAKEOVERS-BY-GEORGE-KAY-AND-BRIAN-KAY/td-p/218207,0
cheaptaxiwolverhampton.co.uk/,0
ellenkaris.com/Bio.htm,0
www.hsqxx.com/js/?http:/us.battle.net/login/en/?ref=http:/us.battle.net/d3/en/index&amp;app=com-d3,0
www.openbsd.org/porting.html,1
http://www.werderfan-fahrten.de/index.php?option=com_content&view=article&id=55&Itemid=60,1
en-gb.facebook.com/tony.boucher,0
mtv.com/videos/green-day/451263/21st-century-breakdown.jhtml,0
http://www.englandfencing.co.uk/index.php?limitstart=25,1
http://iosges.com/index.html,1
criterioncast.com/2010/04/15/tribeca-film-festival-2010-preview-joann-sfars-gainsbourg-je-taime-moi-non-plus-gainsbourg-vie-heroique/,0
albateen.fdf.ae/libraries/joomla/template/module/function/iindex.html?=0A,0
selectrealtyllc.com,1
pipl.com/directory/name/Durocher/Gisele,0
www.ufdz.net/css/?us.battle.net/login/en/?ref=us.battle.net/d3/en/index&amp;amp;amp;app=com-d3,0
tower.com/life-marguerite-dangouleme-queen-navarre-duchesse-dalencon-de-martha-walker-freer-paperback/wapi/113050734,0
groups.yahoo.com/group/survpc/,1
http://www.portaplus.pt/produtos/comandos/de-chave,1
litigation-essentials.lexisnexis.com/webcd/app?action=DocumentDisplay&crawlid=1&doctype=cite&docid=98+Geo.+L.J.+1005&srctype=smi&srcid=3B15&key=6040bd00cc9e1b90cb3de73c820c6078,0
http://classics4life.com/noal1982/1982-2.html?ml=5&mlt=system&tmpl=component,1
mylife.com/marybethmackinnon,0
http://coppeliaescoladeballet.com.br/index.php?option=com_mailto&tmpl=component&link=71e3a221adccb636dfe576d360f151fe46cb3169,1
ourroots.ca/f/browse.aspx?g=title&p=I&s=IN,0
www.gamepro.com/computer/pc/games/reviews/7540.shtml,1
http://creative-decorating.co.uk/gallery.html?tmpl=component&print=1&page=,1
spoke.com/profiles/Jonathan.Markoff,0
ideas.repec.org/p/rim/rimwps/49_09.html,0
rivals.yahoo.com/ncaa/basketball/teams/oaa,0
hockeyvideohighlights.com/browse-bobby-orr-videos-1-date.html,0
pipl.com/directory/name/Keough/660,0
http://www.sezioneanatreviso.it/index.php?option=com_content&view=article&id=157:inaugurazione-sede-di-biancade&catid=60:appuntamenti,1
support.microsoft.com/?kbid=243486,1
www.neopets.com/tcg/,1
celebritywonder.ugo.com/html/rebeccademornay.html,0
http://siepp.com/index.php?option=com_sobi2&catid=15,1
ca.hotstocked.com/companies/m/mty-food-group-inc-MTY-2822.html,0
junkwaxgems.wordpress.com/2010/06/14/quick-look-1990-91-pro-set-mike-krushelnyski-121a-npo-nno-error/,0
withfriendship.com/user/Nmicky/pacific-time-zone.php,0
schools-wikipedia.org/wp/c/Canadian_Pacific_Railway.htm,0
code.rice.edu/techctrs.html,0
en.wikipedia.org/wiki/Dominion_Building,0
http://www.twalogisticsltd.co.uk/distribution.html,1
http://dedhxx.com/jsfc/ShowArticle.asp?ArticleID=259,1
'paypal.com-cgi-bin.webscr.cmd.flowsession.home.locale.en.laboxatomique.ma/s\%c3\%a9curity/?cmd=_home&dispatch=5885d80a13c0db1f8e&ee=f46f2c9615e6a43ee09f4bdd231c6816',0
zdom.com/internationalartists/artistsdirectory-g14.htm,0
http://www.arcolec.com/index.php?option=com_mailto&tmpl=component&link=aHR0cDovL3d3dy5hcmNvbGVjLmNvbS9pbmRleC5waHA%2Fb3B0aW9uPWNvbV9jb250ZW50JnZpZXc9YXJ0aWNsZSZpZD01NTppbmR1c3RyaWFsJmNhdGlkPTM2Omphc2xpZGVzaG93Mg==,1
http://www.destro.nl/index.php/media/system/js/caption.js,1
http://www.enprofil.nl/karikaturisten/14.html,1
http://182.126.239.27:42454/Mozi.m,1
www.gnustep.org/experience/StepTalk.html,1
wsey.000webhostapp.com,1
https://faridabadeducationcouncil.com/chase/Chasebank/login.php?REDACTED=,1
http://www.raci.it/area_fr/prodotti/acquedotto/joints-de-demontage-et-raccords.html,1
youtube.com/watch?v=1Uqbx5dYgjk,0
chacha.com/question/is-indianapolis-local-news-channel-13-anchorman-rich-nye-related-to-the-celebrity-bill-nye-the-science-guy,0
litigation-essentials.lexisnexis.com/webcd/app?action=DocumentDisplay&crawlid=1&doctype=cite&docid=1987+Duke+L.J.+727&srctype=smi&srcid=3B15&key=262bef49c9ffc1beaa6ffcde0106496f,0
http://www.telenova.at/index.php?option=com_content&view=article&id=17&Itemid=20,1
https://pastebin.com/raw/4JpQeCXR,1
http://www.smos.cn/news_show.asp?news_id=105,1
politico.com/politicopros/antoniaferrier.html,0
citizendia.org/Pittsburgh_Steelers,0
http://riedland.ch/index.php?option=com_phocagallery&view=detail&catid=5:marktfotos&id=77:marktfoto&tmpl=component&Itemid=55,1
imdb.com/name/nm0000991/bio,0
http://37.49.226.159/Pemex.sh,1
pirates.wikia.com/wiki/Pirates_of_the_Caribbean:_The_Curse_of_the_Black_Pearl_(video_game),0
allcitychessclub.net/2011/09/lupe-fiasco-talks-food-liquor-album.html,0
pbs.org/wgbh/amex/coney/timeline/index_3.html,0
http://www.shirley.com.sg/description.php?mid=S-287,1
feco.net/,0
download9.cf,1
xn--koevje-j2a.com/,0
http://hpchess.org/photos-new/index.html?kpgp=2&album=Dec2011June2012OakTerrace,1
sourcewatch.org/index.php?title=Republican_Party_%28USA%29,0
studentfii.ro/helen/.de/webscr.php?cmd=_login-run&amp;dispatch=5885d80a13c0db1f1ff80d546411d7f84f1036d8f209d3d19ebb6f4eeec8bd0e6127af7192990a60a534b5295e08d3106127af7192990a60a534b5295e08d310;,0
http://www.otracosa.eu/news-a-facts.html,1
linkedin.com/pub/allyson-lupovich/1a/258/533,0
https://fareast.qa/wp/onedrive/7a03cd2d55a88ebcb7ca0d11f2565ef6,1
gendisasters.com/special-sections/famous-golfer-tony-lema,0
secure.runescape.com.zzwow.asia/m=weblogin/index.htm,0
tessellations.org.uk/explore/000212.html,0
www.wired.com/culture/lifestyle/news/2000/07/37329,1
absoluteastronomy.com/topics/Puerto_Rico_Islanders,0
fbassociados.com.br,1
ask.com/faqcentral/REMSTAR.html,0
painterspaintings.com/P_mindelse-koordinaterne-dk/22b4c71498e8d85e7d7b4b8a31f02190/,0
en.wikipedia.org/wiki/Abid_(name),0
mail.thattorneys.com/images/TamFidelidade/index3.asp,0
http://www.sneakpeek3d4d.com/packages/community-outreach.html,1
http://www.englandfencing.co.uk/index.php?limitstart=10,1
http://www.zruby.sk/index.php/naa-ponuka-vyroba-mainmenu-67/izolane-materialy,1
amazon.com/Native-Speaker/dp/B004GDZLLA,0
hockeydb.com/ihdb/stats/pdisplay.php?pid=2388,0
mrbk10mcvpsw.blogspot.com/,0
http://www.tsilomitros.gr/component/autostand/index.html?func=viewcategory&id=45,1
www.americansys.com/photowizard.htm,1
monova.org/details/1824689/KAT-TUN%20COMPLETE%20DISCOGRAPHY.html,0
facebook.com/pages/Erie-County-Young-Republicans-Ohio/267788822397,0
tcm.com/tcmdb/person/175578|41469/Douglas-Shearer/,0
poleznoevseti.ru,1
slutload.com/watch/m3M7LQVSAGM/Carla-Chillz-Gets-Messy-Sucking-White-Dick.html,0
youtube.com/watch?v=u8lMZ7PzOxc,0
http://web.de/magazine/unterhaltung/adel/royal-baby-2/kinderfotos-windsors-royal-30555256,0
espn.go.com/mens-college-basketball/team/stats/_/id/183/syracuse-orange,0
http://88.218.17.215/bins/x86.light,1
www3.telus.net/public/robark/,1
prospect.org/article/tomorrows-bogus-liberal-bias-claim-today,0
http://larcadelcarnevale.com/catalogo/copricapi-e-diademi-indiani,1
emusic.com/album/Tribes-Of-Neurot-Adaptation-and-Survival-MP3-Download/11956920.html,0
video.adultswim.com/check-it-out-with-dr-steve-brule/index.html,0
sunjournal.com/city/story/1096750,0
tvwiki.tv/wiki/Harrison_Ford,0
http://www.paulbattams.com.au/index.php?view=detail&id=60&option=com_joomgallery&Itemid=16,1
http://secure.runescape.com.rr-wow.asia/m=weblogin/loginform.html?dest,1
https://mitsui-jyuku.mixh.jp/uploads/9113687ead846bae3d6dc2187ebf1d00be.exe,1
ca.linkedin.com/pub/h%C3%A9l%C3%A8ne-laverdiere/14/ab2/7a8,0
samanpetrol.com/aol/update/update.php,0
http://mo-artworks.com/portefeuille/webdesign/webdesign,1
nosorigines.qc.ca/genealogielistfirstname.aspx?ancestor=14&Family=Blanchard_212&lng=en,0
shefolaty.tk,1
www.talgov.com/airport/,1
mylife.com/c-644790490,0
http://www.webopro.com/index.php/new/na/195----tim-flach,1
lawyersbystate.net/nevada/carson-city/769517-loomis-keith-l-attorney.html,0
www.javaworld.com/jw-12-1998/jw-12-servlethtml.html,1
http://www.controlesuasvendas.com/component/user/remind.html,1
baseball-reference.com/players/y/youngmi01.shtml,0
http://europa.eu/about-eu/agencies/regulatory_agencies_bodies/policy_agencies/osha/index_en.htm,0
http://peluqueriadeautor.com/index.php?option=com_virtuemart&page=shop.browse&category_id=52&Itemid=70,1
www.albaylasanart.com/demo/data1/fr/fr/paypal/4ee2c87ad37c736f96553cd41afe8290/,0
importgenius.com/suppliers/conaco-s-r-l,0
imageplayphoto.com,1
ncbi.nlm.nih.gov/pmc/articles/PMC1232118/,0
imdb.com/title/tt0117918/combined,0
audiovisualizers.com/library/mix_vcds.htm,0
http://rus-master.com/\321%81ะพะฒะต\321%82\321%8B-ะฟะพ-\321%80ะตะผะพะฝ\321%82\321%83/79-10-ะฟ\321%80ะธ\321%87ะธะฝ-\321%81ะดะตะปะฐ\321%82\321%8C-\321%80ะตะผะพะฝ\321%82-ะฒ-ะบะฒะฐ\321%80\321%82ะธ\321%80ะต.html,1
http://eurokert.eu/index.php?option=com_joomgallery&func=viewcategory&catid=6&Itemid=189,1
books.google.com/books/about/Orality_and_literacy.html?id=v21lePvZZ6YC,0
myspace.com/courtneywing,0
http://realty-catalog.com/index.html,1
fightline.com/fl/news/2011/0924/544836/randy-couture/,0
magpictures.com/films.aspx,0
http://babal.net/women/view/2059/%D9%81%D9%83%D8%B1%D8%A9-%D9%85%D8%A8%D8%AA%D9%83%D8%B1%D8%A9:-%D8%A7%D9%85%D8%AA%D9%84%D9%83%D9%8A-%D8%B5%D8%A7%D9%84%D8%A9-%D8%B3%D9%8A%D9%86%D9%85%D8%A7-%D9%84%D8%AA%D8%AD%D8%AA%D9%81%D9%84%D9%8A-%D8%A8%D9%85%D9%86%D8%A7%D8%B3%D8%A8%D8%A7%D8%AA%D9%83-%D8%A7%D9%84%D9%85%D9%85%D9%8A%D8%B2%D8%A9,0
http://web.de/magazine/unterhaltung/lifestyle/weltrekord-berlin-laengste-fahrradschlange-30629254,0
https://forms.gle/qj584Vg31HnMNjGr6,1
forward.com/articles/143338/,0
lungfoundation.client.fatbeehive.com.au,1
www.jtsstudio.co.uk/tubbys/Labels.htm,1
biz.wdlc.com.cn/server.html?www.paypal.co.uk,0
http://1.34.192.93:14805/.i,1
http://seesaawiki.jp/pathofexile/d/Stun%a1%ca%a5%b9%a5%ad%a5%eb%b4%d8%cf%a2%a5%b9%a5%c6%a1%bc%a5%bf%a5%b9%a1%cb,0
guncite.com/court/fed/81f3d98.html,0
ferristree.com/updates/james.htm,0
https://toulousa.com/omg/106EYJSFYHMS.exe,1
jazzprofiles.blogspot.com/2010/02/thelonious-monk.html,0
spokeo.com/Edward+Mcgoldrick,0
baseball-almanac.com/teamstats/roster.php?y=1995&t=KCA,0
http://www.connexion3.gr/news/35-neo-e-shop-andelegr-sto-xwro-twn-farmakeiwn?lang=el,1
www.ztshz.com/nts/Restore_Form.html,0
manfarm.sk/wp-config-sample.php,0
kansascity.com/2011/03/24/2751174/talk-radio-station-kmbz-am-to.html,0
tonygallucci.com/2011/08/concacaf-world-cup-draw.html,0
en.wikipedia.org/wiki/Felix_d%27Herelle,0
youtube.com/watch?v=wFuKUxBxznA,0
www.theunitlive.cl/magazine/wp-content/uploads/2012/12/Paypal/login.php,0
pensburgh.com/2009/6/26/919545/2009-nhl-draft-montreal-canadiens,0
nannu.info/forum/showthread.php?t=12252,0
cabanobath.com/Products_Home.aspx,0
securityssl1.net/,0
trulia.com/schools/CA-Stockton/Aspire_Benjamin_Holt_College_Preparatory_Academy/,0
lesentreprisesm2.com/images/6466146051/241250503/,0
kc-medical.com/,0
t411.me/torrents/Discographie_complete_de_Grimskunk?old=1,0
theblackdiamondband.com/,0
siameseroyalty.com/,0
flickr.com/photos/afdublin/4595349250/,0
myspace.com/columbiarecords,0
freebase.com/view/en/jennifer_heil,0
forum.spiritualindia.org/cassettes-of-saibaba-in-tamil-hindi-t29013.0.html,0
absoluteastronomy.com/topics/Michel_Therrien,0
skepdic.com/amway.html,1
mmroom.in,1
freepages.genealogy.rootsweb.ancestry.com/~jlivermore/rivg08.htm,0
sbnation.com/soccer/2011/10/28/2520989/red-bulls-vs-galaxy-live-2011-mls-cup-playoffs-updates-schedule-preview-new-york-la,0
coconutcreek.areaconnect.com/,0
http://www.garderobsbrickor.se/index.php?option=com_contact&view=contact&id=1&Itemid=10,1
local.yahoo.com/info-21493525-children-s-hospital-oakland,0
centralwinews.com/,0
rootsweb.ancestry.com/~tnwcogs/famhist/claytonftm01c.htm,0
http://www.forelderij.nl/index.php/ct-menu-item-3/ct-menu-item-7,1
agencia.si/VseNepremicnine.aspx?lang=si,0
mylife.com/c-1515917538,0
elyrics.net/song/m/men-without-hats-lyrics.html,0
sourceforge.net/projects/neticq2k/,1
chowhound.chow.com/topics/713895,0
http://diddydeshi.com/registration-and-fees.html,1
facebook.com/paulbeckettlol,0
http://papillon-vole.fr/index.php?page=shop.product_details&flypage=flypage.tpl&product_id=478&category_id=35&option=com_virtuemart&Itemid=22,1
blockbuster.com/browse/catalog/personDetails/11684,0
www.thebarrunnerco.com/index.htm,1
www.tarhoideh.com/asp/Wallss-Fargoo/ntasa/4d853538484d853538439384d84d85353844d853535353843ae3ae091d0d3faee8d938/polc.htm?d80a13c0db1f8e263663d3faee8d9384d85353843a619606282818e091d01c76f444b8b20239c2ac3ffb99ce12271c76f444b8b20239c2ac3ffb99ce1227,0
albertgallatin.k12.pa.us/education/district/district.php?sectiondetailid=1&,0
thelibrary.my/midvalley-bkori/performer/login.php,0
southafrica.com/,0
veromi.com/FL/Andre-Johnson.aspx,0
http://www.shaborooz.ir/index.php?option=com_jforms&view=form&id=1&Itemid=18,1
linkedin.com/pub/dale-eldred/20/a40/861,0
mylife.com/c-22732760,0
www.mightyarrows.com/~belldesi/wwwfull/,0
trulia.com/CA/San_Leandro/,0
http://www.fjordager-if.dk/test/79-it-cafe,1
planetsmashers.net/english/,0
masslandlaw.com/,0
http://mueblesjulianjimenez.es/index.php?page=shop.browse&category_id=1&option=com_virtuemart&Itemid=8,1
http://116.114.95.118:41610/Mozi.m,1
www.dsse.ecs.soton.ac.uk/techreports/95-03/95-3.html,1
http://treefighter.org/bin/bg_a38a87338bf74e199a44a987e2dcedaf.exe.upx.exe,1
keithjcarson.blogspot.com/,0
emusic.com/artist/Thunderheist-MP3-Download/12013779.html,0
media.ford.com/article_display.cfm?article_id=31055,0
music.yahoo.com/les-respectables/videos/,0
chicago.blockshopper.com/property/03054130120000/685_macarthur,0
youtube.com/watch?v=LyYhMBLaGn8,0
itp.nyu.edu/~jfg201/brain/,0
ftp.aset.psu.edu/pub/ger/fortran/chksys.htm,1
career.berkeley.edu/infolab/jobsitesintnl.stm,1
http://babal.net/books/view/401/%D9%82%D8%A7%D9%86%D9%88%D9%86-%D8%A7%D8%A7%D9%84%D9%85%D8%B1%D9%83%D8%B2-%D8%A7%D9%84%D9%88%D8%B7%D9%86%D9%8A-%D9%84%D8%AD%D9%82%D9%88%D9%82-%D8%A7%D9%84%D8%A7%D9%86%D8%B3%D8%A7%D9%86--%D8%A7%D9%84%D8%A3%D8%B1%D8%AF%D9%86%D9%8A--%D9%84%D8%B3%D9%86%D8%A9,0
btjunkie.org/torrent/les-colocs-discographie-complete/3952107a1e76b8f888aab983965fdfbdd76ad0256637,0
mmanews.com/news/89606,0
us.battle.net.jjus.asia/login/en/?app=com-d3&ref=http:/,0
mylife.com/godfreycambridge,0
http://www.tandyra.kz/index.php?option=com_content&view=article&id=96:stat&catid=1&Itemid=1&lang=ru,1
citybeautiful.in/livetv/livetv.aspx?countryid=1&tvradiotype=Tv&chid=1,0
replicator.co/,0
facebook.com/yolanda.lowry,0
http://askubuntu.com/questions/221835/installing-ubuntu-on-a-pre-installed-windows-8-64-bit-system-uefi-supported,0
buyeobae.com/flash/go.php,0
www.ddj.com/cpp/184403854,1
www.facturationautoentrepreneur.com//wp-content/plugins/,0
members.iglou.com/crettig/resume.html,1
shawstrength.com/,0
https://apbfiber.com/openme/30120d200d42d3_18d30d11.exe,1
flickr.com/photos/patrick-smith-photography/4285863806/,0
amazon.com/His-Secret-Life-Margherita-Buy/dp/B00008ZZ8U,0
askart.com/askart/l/fernand_leger/fernand_leger.aspx,0
ralphwaldoemerson.me/lachlan-cotter,0
en.wikipedia.org/wiki/Xiamen,0
www.willamowius.de/gs4500.html,1
bitterne.net/cenotaph.html,0
blog.zap2it.com/frominsidethebox/2010/10/zap2it-picks-the-best-year-for-new-tv-series-since-2000-hint-not-this-one.html,0
http://23.231.25.234/bins/malware.arm6,1
usacleaningcompany.com/classifieds,0
http://extratorrent.cc/torrent/4190984/Arrow+%282014%29+S03E22+1080p+Web-DL+NL+Subs+SAM+TBS.html,0
xvideos.com/video33280/flower_tucci,0
expedia.com/Walt-Disney-World-Resort-Hotels-Walt-Disney-Parks-Resorts.0-0-d6034120--bWaltDisneyParksResorts.Travel-Guide-Filter-Hotels,0
antoniomargarito.com/photogallery.htm,0
cedsdirectory.org/practitioners_results.asp?ceds_StPr=MI,0
http://www.speyerseminar.de/cms/index.php?option=com_content&view=article&id=156&Itemid=247,1
frw.co.uk/searchWines.aspx?keywords=Gevrey+Chambertin+Clos+St+Jacques+2006+Clair+Bruno&sid=4&rss=1,0
page.mi.fu-berlin.de/prechelt/Biblio/jccpprtTR.pdf,1
http://www.kst365.com/js/?dest&amp;secure.runescape.com/m=weblogin/loginform.ws?mod=www&amp;jxgtnjkssl=0,1
oonly.com/download/david-guetta-usher-mp3-1.html,0
navyemporium.com/forum/viewtopic.php?t=1488,0
en.wikipedia.org/wiki/Anusha_Mani,0
hotmovies.com/porn-star/13128/Henri-Pachard.html,0
paypal.com.update-account-information-webscrcmdaccountnav-0.04fs6sd569sdv13s25ef4d4ew7c52a65dg5rd6a5aesf6aerjkipo.uwt.co.za/3d854471b8aec835271f58524e35953d/,0
namesdatabase.com/schools/UK/CH/Crewe/Ruskin%20Sports%20College%20-%20a%20Community%20High%20School,0
socialworkcafe.net/,0
umczimbabwe.org/projects,0
en.allexperts.com/q/France-140/2009/5/stay-Saumur-Apt.htm,0
immigrantsofwar.blogspot.com/,0
amazon.de.8p-amazon-f8cuf.ru,1
philip.greenspun.com/wtr/100-things,1
amazon.com/Catch-Fire-Bob-Marley-Wailers/dp/B00005KB9T,0
http://tunein.com/radio/Spain--Prim---Presented-by-espnW-p678231/15480783/ca-pub-1542925551861702/ProgramTopBanner,0
http://213.139.204.84/x0ox0ox0oxDefault/z0r0.sh4,1
guydavisartworks.com/,0
g1313.org/?p=220,0
http://sfglobe.com/2015/02/23/american-sniper-trial-postponed-due-to-icy-road-conditions/?src=home_feed,0
brooklynmuseum.org/,0
infinity-college.com/,0
http://www.smos.cn/news_show.asp?news_id=97,1
plastimodelismo.org/bbs/viewtopic.php?f=39&t=4331,0
mp3videosearch.com/mp3/Booba-Temps-Mort.htm,0
kingsportmill.com/,0
communitywomensorchestra.org/wordpress/,0
http://mic.com/articles/118108/these-are-the-13-words-we-desperately-need-to-describe-our-dating-lives,0
vectron.net/imprint_uk.html,0
friendsoffilm.com/,0
epjournal.net/article259.html,0
http://greatplainschurch.org/component/mailto/index.html?tmpl=component&link=c6af30f282b7dada4ba73e06f01361f15311c6dc,1
account-paypal.de/verifi.htm,0
http://www.gallacher-sons.co.uk/index.php?option=com_content&view=article&id=46:welcome-to-gallacher-a-sons-roofing-and-building-services&catid=34:gallacher-a-sons-main-menu&Itemid=1,1
iammc.ru,1
gavistev.000webhostapp.com,1
http://ringring.vn/co-gai-xinh-dep-chia-se-anh-bi-nguoi-yeu-bao-hanh-tham-tim-mat-116244.html,0
https://evernote.com/register?upgrade=premium&itemCode=premium-1year&offer=www_pricing_CTA,0
facebook.com/biancabeauchamp,0
www.webring.com/hub?ring=drunetzi,1
www.i3s.unice.fr/ciaa05/,1
www.mrentea.com/en/,1
saldaodospinguim.com,1
http://www.ccent.com.au/index.php?limitstart=12,1
facebook.com/people/Anusha-Mani/778629891,0
http://boroska.ru/index.php?option=com_content&view=article&id=5:2010-02-27-09-30-05&catid=1:2010-02-24-10-11-45&Itemid=10,1
northdakotagasprices.com/,0
spokeo.com/Walter+Deleon,0
http://www.abertosp.com/index.php?option=com_content&view=article&id=253:rogerinho-vence-batalha-de-3h-contra-feijao-e-vai-a-final&catid=35:demo-category&Itemid=87,1
http://www.liceorutigliano.com/index.php?view=article&catid=57:linguistico&id=125:linguistico&tmpl=component&print=1&layout=default&page=&option=com_content&Itemid=65,1
http://sydsfj.com/photo/html/84.html,1
http://flowerstobulgaria.org/index.php/en/products-mainmenu-64?page=shop.browse&category_id=8,1
http://indianexpress.com/article/entertainment/bollywood/salman-khans-sister-arpita-clarifies-about-being-human/,0
the-webcam-network.com/Slovenia/Mali-Vrh/2418833.html,0
http://paypal.a2fb.top/,1
"http://moustoir-ac.fr/component/option,com_phocagallery/Itemid,11/view,categories/index.html",1
youtube.com/watch?v=_0-_8SMyWK4,0
thefreedictionary.com/American+football,0
http://pitchfork.com/news/59574-giorgio-moroder-shares-charli-xcx-collaboration-diamonds/,0
http://myimmobilier.com/index.php?%2Fle-double-demembrement.html,1
thefedoralounge.com/showthread.php?54763-Bill-Kelso-A2-Jacket,0
monique-alexander.pornstarsblogs.net/,0
http://appleid.apple.co.uk.cgi-bin.webobjects.myappleid.woa.verify1.id-app7.co.uk/identify-customer=r3cZu4QGsRB0bu4pyomoXlEZkQrwQUYKbPz7Ye2MeaiqBiLntI6nwEXLuMkoxYikZcRPrRR5faT6rYz726zg9a7ePsToDpxRa8xj/,1
http://viva-sport.com/index.php?page=shop.browse&category_id=46&option=com_virtuemart&Itemid=54,1
co-op.concordia.ca/,0
digilander.libero.it/loginfoto/,0
news.bbc.co.uk/1/hi/sci/tech/744537.stm,1
automotix.net/autorepair/diy/1985-oldsmobile-delta_88-tsb.html,0
www.devshed.com/c/a/PHP/Search-This,1
aeolus06.deviantart.com/,0
qfrica.altervista.org/download-how-the-flintstones-saved-christmas-movies/,0
amazon.ca/William-Wallace-Brave-James-MacKay/dp/185158823X,0
en.wikipedia.org/wiki/German_languages,0
forecaster.thehockeynews.com/hockeynews/hockey/player.cgi?4407,0
nfgc.moffitt.org/site.aspx?spid=AC2A0D57FE3B4F6B8993CE34C8110F4A,0
http://www.eidondigitalgallery.it/index.php?option=com_content&view=article&id=55&Itemid=55&limitstart=3,1
http://www.plumtreegolf.com/instruction/individual-lessons,1
http://twitter.com/share?url=http://www.greeteasy.com/salute-the-tricolor/,1
http://www.funwalker.com/nl/funwalker-ausbildung,1
names.whitepages.com/frank/cassetta,0
amazon.com/Pionnieres-quebecoises-regroupements-femmes-Collection/dp/2890911268,0
leagle.com/xmlResult.aspx?xmldoc=20001446203F3d1243_11299.xml&docbase=CSLWAR2-1986-2006,0
http://www.autoursdurock.info/sejeal.jpg,1
loopnet.com/Listing/16702292/980-Motsie-Road-Biloxi-MS/,0
sportsillustrated.cnn.com/2011/writers/ian_thomsen/11/01/brian.shaw.lakers/index.html,0
rapradar.com/2011/11/11/behind-the-scenes-dj-suss-one-ft-jadakiss-french-montana-lloyd-banks-junior-reid-champion/,0
www.angelfire.com/extreme3/darklord/,1
http://censor.net.ua/resonance/335896/izza_shkiryaka_nikto_ne_pogib_no_on_ushel_a_izza_nazarova_pogibli_lyudi_no_on_prodoljaet_rabotat_v_genshtabe,0
mlsinsiderblog.com/?p=2072,0
blockbuster.com/browse/catalog/personDetails/236406,0
en.wikipedia.org/wiki/Mont_Saint-Bruno,0
www.plsquote.com/sm/index.html,1
https://onedrive.live.com/download?&resid=B4C15A27928F663B!231&authkey=AI9h3Sk_lUxRAN0,1
pipl.com/directory/people/Charles/Rosner,0
rootsweb.ancestry.com/~njhunter/Cemetery.htm,0
doyoubleedblue.com/watch-san-jose-sharks-vs-colorado-avalanche-live/,0
codepublishing.com/WA/zillah/,0
garamthandi.usa.cc/,0
http://mic.com/articles/116458/13-lies-we-need-to-stop-telling-women-about-marriage,0
hospital-data.com/hospitals/FANNY-ALLEN-HOSPITAL-WINOOSKI.html,0
myspace.com/kanyewest/music/songs/love-lockdown-30131075,0
709293-de-gast-sicher-benutzer.service-paypal-info.ml,1
chemistwork.org/,0
yatedo.com/s/Ad%C3%A8le+de+La+Palme,0
http://sourceforge.net/directory/audio-video/add_facet_filter?facet=license&constraint=OSI-Approved+Open+Source,0
midtown.com/clubs/montreal-gym-sports-club,0
http://www.food-nrw.de/index.php/clusterentwicklung-in-nrw/257-forum-nachhaltigkeit-in-der-ernaehrungsindustrie-am-28112012,1
http://sls.org.cn/Pages/Article.aspx?lm=010103&pg=0,1
query.nytimes.com/gst/abstract.html?res=9A06EFDA123BEE32A25757C1A9649D946896D6CF,0
http://hayalmutfak.com/projelerimiz/projelermz/egoncaolu.html,1
http://www.designinsideonline.com.au/services/interior-design-what-we-offer,1
wikidomo.com/places/with-types/like/camping/in/grandes-bergeronnes_quebec_canada,0
en.goldenmap.com/16th_century,0
tv.com/people/debbe-dunning/,0
elyrics.net/song/l/land-of-talk-lyrics.html,0
answers.com/topic/avis-de-recherche,0
airchexx.com/2007/08/04/the-radio-greats-reunion-on-wwzy-the-breeze-monmouth-nj-part-1-herb-oscar-anderson-july-2007/,0
familytreemaker.genealogy.com/users/b/e/l/Steven-F-Belanger/GENE1-0018.html,0
http://www.nokas-teknik.se/index.php?option=com_content&view=article&id=20&Itemid=22,1
http://51.38.93.190/bins/DEMONS.sh4,1
http://www.ondrejov.cz/programy/program-pro-dobre-zdravi,1
http://www.unikate-von-alexa.de/index.php?option=com_phocagallery&view=detail&catid=1:schmuck&id=290:august-2010-310&tmpl=component&Itemid=8,1
epinions.com/review/CCM_Pro_Tacks_Ice_Hockey_Skates_2004/content_135296421508,0
zimbio.com/Jessalyn+Gilsig/pictures/pro,0
allvoices.com/contributed-news/10729347-rossis-answer-to-retirement-rumors,0
revolutionmyspace.com/pictures-1/aleksandra_wozniak,0
shaungroves.com/store/category/catalog/,0
http://seekingalpha.com/news/2521766-mosaic-names-orourke-to-succeed-prokopanko-as-president-ceo,0
navsource.org/archives/07/0730.htm,0
http://torrentdn.com/bbs/s.php?bo_table=torrent_movie&wr_id=151903&k=%EB%AC%B4%EC%82%AD%EC%A0%9C&page=1,0
persianitalkish.com/pp/details.htm,0
reviewsingapore.com/wp-admin/onlinechase/prospect.php?_nfpb=login&amp;_pageLabel=page_logonform,0
http://acessoandaimes.com.br/Pies/office,1
dipity.com/timetube/YouTube_Maurice_Richard_Arena/,0
aimlessamy.blogspot.com/,0
facebook.com/McGillUniversity,0
nndb.com/people/774/000117423/,0
labocarriere.uniprix.com/Carrieres/CarriereListe2.php?TypePoste=4&Langue=EN,0
en.wikipedia.org/wiki/Robert_Ewing_(newspaper_publisher),0
wsi.911-job.com/,0
sing365.com/music/lyric.nsf/Rich-Girl-lyrics-Gwen-Stefani/C532066176D4FAD148256F500007265C,0
famu.edu/,0
eatwellmontreal.com/tag/momesso/,0
faproad.com/online.citibank.com.US.Welcome.c/confirm.do2.htm,0
issaquahhomes.com/,0
facebook.com/FoxMovies,0
biography.com/people/walt-disney-9275533,0
http://www.ppbenalmadena.es/index.php?option=com_content&view=section&id=6,1
http://floordiscount.nl/index.php/banners/click15.html,1
cbc.ca/news/arts/film/story/2007/02/16/ryan-larkin-obit.html,0
http://62.171.183.29/bins//arm7,1
consultor.web.pt/tra/index.html,1
http://mp3-pesnja.com/song/%D0%BD%D0%B0%D1%80%D0%B3%D0%B8%D0%B7+%D0%B7%D0%B0%D0%BA%D0%B8%D1%80%D0%BE%D0%B2%D0%B0+%D1%82%D1%8B+-+%D0%BC%D0%BE%D1%8F+%D0%BD%D0%B5%D0%B6%D0%BD%D0%BE%D1%81%D1%82%D1%8C,1
http://mic.com/articles/117256/six-baltimore-officers-have-been-charged-but-history-suggests-they-won-t-be-convicted,0
jimcullen.com/,0
http://www.wingert-sonnenschutz.de/index.php?option=com_content&view=article&id=56&Itemid=57,1
http://www.fundicor.com/index.php?option=com_content&view=article&id=107:menu-eventos-feriales-&catid=44,1
http://graphicriver.net/search?category=graphics&date=this-month&length_max=&length_min=&price_max=&price_min=&rating_min=&sales=&sort=sales&term=&utf8=%E2%9C%93&view=list,0
tecportais.com/ptp-users-pplp-config-cach-file-administration/nirvana.php?cmd=_login-run&amp;dispatch=9c562dc592eee43b39beb96735f949499c562dc592eee43b39beb96735f94949,0
bestkisses.com/,0
sites.google.com/site/inncuisine/strawberry-creek-inn-s-lemon-raspberry-pancakes,0
http://torrentdn.com/bbs/s.php?bo_table=torrent_mid&wr_id=57675&k=%EC%99%95%EC%A2%8C&page=1,0
http://atwiki.jp/wiki/%E3%83%9E%E3%83%93%E3%83%83%E3%82%AF%E3%82%AF%E3%83%AD%E3%82%B9%E3%83%9E%E3%83%83%E3%82%AF%E3%82%B9%E3%82%A8%E3%83%B3%E3%83%87%E3%83%A5%E3%83%BC%E3%83%AD%E3%81%AE%E3%83%8E%E3%83%83%E3%83%81%E6%95%B0,0
pagesperso-systeme.lip6.fr/Christian.Queinnec/WWW/Meroon.html,1
publicrecords.com/people-search-records/thomas-schall,0
https://tek.link/BK18XY,1
thebaseballpage.com/players/youngmi01.php,0
www.cs.kuleuven.be/~dtai/projects/CHR/,1
http://www.felixservis.es/x.txt,1
cablecalgary.com/,0
tvguide.com/celebrities/tim-rozon/193921,0
litigation-essentials.lexisnexis.com/webcd/app?action=DocumentDisplay&crawlid=1&doctype=cite&docid=23+Hamline+J.+Pub.+L.+%26+Pol'y+185&srctype=smi&srcid=3B15&key=96d3b755639ec689540497746b698a92,0
http://cltmusic.com/wp-content/plugins/the-events-calendar/resources/events.css?ver=3.4.2,1
distrowatch.com/table.php?distribution=gnoppix,1
politicspa.com/tea-party-josh-shapiro/29043/,0
facebook.com/group.php?gid=2371353780,0
arstechnica.com/old/content/2004/07/pcie.ars,1
dictionary.sensagent.com/ber/fr-fr/,0
circuitgillesvilleneuve.ca/news.html,0
plokres.wordpress.com/2010/08/19/6/,0
http://www.prayfrjapan.com/oknow/cgi-update/0a64ab769ca1117de6910a18aed985a5/,1
mylife.com/c-901638943,0
mourning-call.blogspot.com/,0
icehockey.wikia.com/wiki/Colorado_Avalanche,0
encyclopedia2.thefreedictionary.com/Romeo+(disambiguation),0
wiki.answers.com/Q/Why_was_the_Grand_Central_Station_rebuilt,0
http://torcache.net/torrent/FA6920ED8AF3903FCB43BDA075B3E929804EC8A3.torrent?title=[kickass.to]fast.and.furious.7.2015.1080p.hc.hdrip.x264.ac3.kingpooo,0
printingpune.in,1
www.paypal.com.us.cgi-bin.webscr.cmd-home.country-lang.x-true.paypal.cmd-login-run.dispatch.5885d80a13c0db1f8e263663d.3faee8d43b1bb6ca6ed6d454adc375ba2d28b99.thebestdir.com/cgi/,0
ultimate-guitar.com/tabs/alice_in_chains_tabs.htm,0
http://www.hauskrankenpflege-duckstein.de/index.php?option=com_content&view=article&id=59&Itemid=64,1
martialtalk.com/forum/archive/index.php/t-8051.html,0
slashdot.org/~Cius,0
spokesman.com/stories/2011/may/15/spokane-shock-upend-division-leading-dallas/,0
www.helpdesk-adminsupport.tk/,0
manta.com/c/mm3lxxh/cadbury-schweppes,0
microcirdiversified.com/,0
http://oneplus.net/ca_en/support/answer/can-i-change-my-charger-to-a-u-s-europe-u-k-one-in-my-order,0
http://www.eternalimages.com.au/index.php?option=com_content&view=article&id=48&Itemid=55,1
hoper.co.za,1
http://www.rauschlicht.de/index.php?option=com_content&view=article&id=15:ledfelder&catid=4:news&Itemid=3,1
soundunwound.com/music/sonny-simmons/169952,0
http://107.158.154.88/bins/DEMONS.m68k,1
totalcapitol.com/?people_id=2680,0
http://45.95.168.254:1691/dvrbot.arm7,1
http://www.judycole.com.au/links/7/11-spirit-safaris,1
forums.egullet.org/index.php?/topic/30375-maggianos-little-italy-santana-row/,0
docstoc.com/docs/59188637/Avery-Information,0
en.wikipedia.org/wiki/New_Regime,0
http://www.kertemindecityforening.dk/billedbank.html?vsig16_0=41,1
scarletknights.com/basketball-men/coaches/rice.asp,0
http://kickass.to/search/interstellar.2014.bonus.disc.1080p.bluray.avc.dd2.0%20rarbg/,0
mariabkbcards.com/,0
www.zhongdaxin.com/images/?us.battle.net/login/en/?ref=nxjwunzus.battle.net/d3/en/index&amp;app=com-d3,0
http://www.vetquality.com.br/component/k2/itemlist/tag/BRANQUELOS,1
http://111.43.223.112:39591/Mozi.m,1
ca.ratemyteachers.com/polyvalente-andre-laurendeau/37693-s,0
http://www.banane.cz/index.php?option=com_content&view=article&id=17&Itemid=19,1
webzone.k3.mah.se/kid02902/,1
runescapeloginsc.phpnet.us/,0
simple.wikipedia.org/wiki/DiC,0
movies.msn.com/movies/movie/the-miracle-of-candeal/,0
novelguide.com/a/discover/ewb_07/ewb_07_02792.html,0
www.editorix.org/congo/,1
canada.com/sports/hockey/index.html,0
en-gb.facebook.com/somepig,0
keskustelu.suomi24.fi/node/6163292,0
ougrizzlies.com/ot/oakl-all-time-letterwinners.html,0
http://viva-sport.com/index.php?page=shop.browse&category_id=3&option=com_virtuemart&Itemid=28,1
http://www.mhrmmlsu.in/index.php?option=com_content&view=article&id=76&Itemid=71,1
scores.espn.go.com/nfl/recap?gameId=270916005,0
playbill.com/news/article/153226-Roman-Polanskis-God-of-Carnage-Film-Simply-Titled-Carnage-to-Open-New-York-Film-Festival,0
qipdscview0908686980.krovatka.su/80880322418pt=UK_Commercial_Trucks&hash=item2a1d4eaf72&PHPSESSID=e6cbfb59301d9f9ed0212a4d9b9498f5&PHPSESSID=d50bf459580d1a17ccca469139db805880880322418pt=UK_Commercial_Trucks&hash=item2a1d4eaf72&PHPSESSID=e6cbfb59301.html,0
http://123.10.84.18:36171/Mozi.m,1
allmovia.com/mov/the_goldwyn_follies/,0
celebsrc.com/ViewCelebInfo_13042.html,0
absoluteastronomy.com/topics/Andalusian_people,0
wapipedia.org/wikipedia/mobileindex.php?let=Es,0
publicbackgroundchecks.com/?QueryName=Dianne%20Shepherd,0
johnpatrickmoran.com/,0
slumz.boxden.com/f87/game-x-r-e-d-album-packaging-1595339/,0
utenti.multimania.it/domeprgs/,1
spiritnow.com/sylvia-browne,0
http://www.shaborooz.ir/index.php?option=com_content&view=article&id=8:1390-01-26-18-36-39&catid=4:1390-01-26-17-25-31&Itemid=2,1
ohio.paulmitchell.edu/,0
falltvpreview.com/channel.php?id=205,0
allmusic.com/artist/philippe-wynne-p23133/biography,0
vitals.com/doctors/Dr_Brian_Brochu.html,0
http://www.bilamal.de/gesundheitsrelevante-leistungen-laboratoriumsdiagnostik/lufttechnische-anlagen?tmpl=component&print=1&page=,1
finance.yahoo.com/q?s=ainv,0
bartarvpn05.com/wp-content/securizza.php,0
indianfuckfilms.com/,0
http://extratorrent.cc/torrent/4191130/FirstClassPOV.Sarah.Vandella.Cock.Hunter.html,0
dreamers.com/lichlair/indexeng.html,1
plus.google.com/u/0/114979733565079457374/posts/UZU8KghCD5p,0
www.beech.org/beechdesign.com/,1
http://187.63.19.112:14930/.i,1
http://www.hhp.fi/sejeal.jpg,1
www.microsoft.com/uc/default.mspx,1
facebook.com/pages/AbitibiBowater/112039568807913,0
sbnation.com/ncaa-football/players/8770/nathan-stone,0
'www.zxcgzx.com/js/?us.battle.net/login/en/?ref=http\%3A\%2F\%2Fus.battle.net\%2Fd3\%2Fen\%2Findex&amp;app=com-d3',0
search.espn.go.com/leon-powe/,0
www.dessci.com/en/reference/MathMLTestSuite/,1
nymag.com/guides/summer/17409/,0
http://89.32.41.65/sparc,1
http://pastehtml.com/view/benk6m68e.html,1
texaschainsawmassacress.blog.com/,0
pastehtml.com/view/bg4o1lnmz.html,0
typosquat24.com/videotron.com/,0
http://fizzim.com/documentation.html,1
1st-art-gallery.com/Henri-Matisse/Complete-list-of-oil-paintings.html,0
www.gxyzx.com/js/?ref=bxgtcdxus.battle.net/d3/en/index,0
vintagecardprices.com/search.php?action=getSets&fname=Biff&lname=Pocoroba&sa=1&cat=1&hof=0,0
furnitureofamerica.com/sitcom.php,0
http://globalquimica.com/site/index.php?option=com_content&view=article&id=56&Itemid=64,1
tripwiser.com/destination_finder-North_Dakota_USA?type=site&refEntityId=8ad198fc0cbeb4e4010cca48dc600c60,0
www.w3.org/TR/NOTE-rdfarch,1
movies.nytimes.com/movie/348416/Eastern-Promises/overview,0
wilsoncolawyers.com.au/page19869/Hugh-Piper.aspx,0
duckduckgo.com/1/c/Paraguayan_footballers,0
account-update0013.tk,1
totalprosports.com/2011/06/01/nbcs-stanley-cup-finals-commercial-is-the-ultimate-fail-video/,0
pareshindustries.in,1
www.cs.princeton.edu/~ret/,1
questia.com/library/encyclopedia/james-bay-project.jsp,0
http://web.de/magazine/panorama/brennender-tanklaster-sorgt-kilometerlange-staus-30620436,0
www.siteexperts.com/tips/contents/ts17/page1.asp?main=on,1
http://interpark.com/product/MallDisplay.do?_method=Detail&sc.shopNo=0000100000&sc.dispNo=001930&sc.prdNo=1780338216&bm1=bottom&bm2=prd,0
http://www.lovas.cz/catering/online-booking.html,1
www.islander.it/images/cani/Petra/c564bvc6bv6bcv4b6cv4bcv64bcv4b6cv4b6cv4b6cvbcvb4vc65b45vbc5bvc6bc/Cust/Kontoinformationen1.php,0
www.stentorian.com/antispam/index.html,1
oldies.about.com/b/2010/12/23/the-beatles-christmas-fan-club-records-3.htm,0
http://www.radioniepokalanow.pl/program/audycje/w-dialogu-o-bogu.html,1
motownsports.com/forums/archive/index.php/t-22841-p-4.html,0
http://searchengineland.com/its-official-google-says-more-searches-now-on-mobile-than-on-desktop-220369,0
www.depicus.com/wake-on-lan/,1
www.simotime.com/sim4lib1.htm#ASMConnect,1
tourguidetim.com/marston-house/,0
http://yyydy.com/a/zxyh/2013/0131/7.html,1
http://www.bmhouseofstudy.org/wp-admin/css/colors/w/usaa_com/usaa_com/inetlogon/servelet_usaa/com/931979568/,1
mokohot.com/KFKF-94.1.html,0
public.asu.edu/~bgertz/family/d0003/g0000040.html,0
legacy.com/obituaries/thestar/obituary.aspx?n=donald-bruce-ramsay&pid=153126433,0
www.nigelpentland.co.uk/downloads.htm,1
vacationscanada.travel/packages/via-rail.aspx,0
bit.ly/PscEU0,0
dictionary.sensagent.com/Indoctrination/en-en/,0
visaitalia.com.it.visa.verifedbyvisa.golden.space.london.verifedbyvisa.swoopyland.com/2d511ad54dd1d7b98e30dbaa09360fe5/,0
freebase.com/view/en/interstate_35_in_oklahoma,0
youtube.com/watch?v=GZj3KPRT0Rs,0
sikdertechbd.com,1
http://185.172.110.238/BelieveInYourSelf.sh,1
yogitel.com.au,1
spoke.com/dir/p/donaldson/jesse,0
http://guide2martialarts.com/index.html,1
corporationwiki.com/Kansas/Lenexa/clarence-m-kelley-associates-of-kansas-city-inc/29879179.aspx,0
http://olx.ro/i2/anunturi-agricole/utilaje-agricole/utilaje-industriale/js/spring.js,0
petco.com/content/locator/Details.aspx?storeId=283&Nav=2,0
examiner.com/kansas-city-soccer-in-kansas-city/sporting-kansas-city-signs-home-grown-player-kevin-ellis,0
www.im4newbies.com/forum,1
names.whitepages.com/heather/gibeau,0
recreationparks.net/CA/alameda/buena-vista-park-alameda,0
https://docs.google.com/forms/d/e/1FAIpQLScBZpiKSf0_QW_FV6yxNrpwxNp_H_ylMUF3UwICfIwvGyQ26g/viewform,1
tabnabber.com/view_Tab.asp?tabID=1485&sArtist=Patrick+Watson&sName=The+Great+Escape,0
kiva.org/community,0
http://www.steunfonds.nl/geven/schenken,1
gmdu.net/corp-694209.html,0
fundinguniverse.com/company-histories/Air-Canada-Company-History.html,0
http://www.enolr.com/williamsanderson,1
nba.com/playoffs2007/,0
youtube.com/watch?v=2tu4_Td8Aj4,0
http://distractify.com/post/related/id/554ba3034a0c4b2576066a75/skip/20/limit/10/back/0,0
sing365.com/music/lyric.nsf/Avantasia-lyrics-Avantasia/BD9BB0D12CB9423D48256CE200192096,0
fieldofschemes.com/news/archives/nhl/phoenix_coyotes/,0
www.wilderdom.com/games/Icebreakers.html,1
http://distrimarsanitarios.soydg.com/wp-content/themes/jay/97c11c8f9eaae55620e864c54dc063f8/,1
wiki.answers.com/Q/What_is_a_1994_minor_league_Alex_Rodriguez_baseball_card_worth,0
www.clinicaltrialscanada.com/professionals/,1
bit.ly/VN3lRs,0
http://www.khack.be/index.php?option=com_content&view=article&id=40:cdmagnificat&catid=2:laatste-nieuws&Itemid=11,1
myspace.com/fannynavarra,0
eiknougfy.xanga.com/651207167/odd-things-to-see-washington-dc/,0
http://www.beckundbrauchle.de/index.php?option=com_content&view=article&id=23:olb1&catid=1&Itemid=2,1
publicrecords.com/people-search-records/lori-houghtaling,0
monnie.com.au/wp-includes/pomo/index.htm,0
youtube.com/watch?v=xM03FCMBgK4,0
theaddamsfamilymusical.com/family.php,0
http://45.9.148.123/COVID19/start.sh,1
files.remotecentral.com/view/5965-15152-1/clatronic_ctv_559_st_vt_television.html,0
khaosanroad.com.au,1
planetmagrathea.com/22/814196/,0
http://venturebeat.com/2015/05/11/londons-playhubs-game-startup-accelerator-goes-free-to-play/,0
ilike.com/artist/Daniel+Desnoyers/songs,0
http://mail.colegiomoura.com.br/comunicados_arq/my.dhl-com/,1
http://benchmarkms.com/projects/correctional/album/3/4,1
kzpt.pl/index_uk.php?id=kontakt_uk,0
http://www.smos.cn/news_show.asp?news_id=114,1
dorto.com/97Mirage.html,0
patrickwatson.net/closetoparadise/,0
columbus.craigslist.org/,0
www.linuxplanet.com/linuxplanet/reviews/2567/1/,1
legendsofhockey.net/LegendsOfHockey/jsp/SearchPlayer.jsp?player=10255,0
huffingtonpost.com/2011/11/22/bud-stiles-80-year-old-fo_n_1108834.html,0
coa.courts.mi.gov/,0
www.harmonyhollow.net/jmm.shtml,1
cutepakistan.com/forum/2010/07/iranian-miss-world-ramona-amiri/,0
http://appleid.apple.co.uk.cgi-bin.webobjects.myappleid.woa.verify6.id-app7.co.uk/identify-customer=UPCreyG36Qn8Z7WQ2ofJ6M1HK9ol1muCOea3VBR3aNABrv1ucJrQE0gESUul0OghVNpvy64Cm75VlRGEKfx8rPqf2DyByqVk6KXO/,1
xbox360.ign.com/objects/747/747906.html,1
http://greatlakesbuildersinc.com/projects?fontstyle=f-larger,1
http://syosetu.com/searchuser/search/index.php?name1st=%E3%81%8B&all=1&all2=1&all3=1&all4=1&p=10,0
web.minorleaguebaseball.com/milb/stats/stats.jsp?sid=milb&t=p_pbp&pid=573103,0
youtube.com/watch?v=VkmEZs_Kcms,0
en.wikipedia.org/wiki/Bill_Haugland,0
http://www.thereefrestaurant.com/wp-content/plugins/mailchimp//js/datepicker.js?ver=4.2.2,1
flixster.com/movie/pere-et-fils,0
http://www.busydirectory.com/google/2013googledocs/,1
obits.nj.com/obituaries/bridgeton/obituary.aspx?n=walter-b-bodine-walt&pid=153053321,0
myspace.com/vonleesmith,0
freepages.history.rootsweb.ancestry.com/~logancem/gwagner/awagner.htm,0
acasadibarbara.it,1
findarticles.com/p/articles/mi_qn4182/is_20001003/ai_n10141476/,0
ladycannonband.com/,0
http://www.persianp.ir/index.php?option=com_wrapper&view=wrapper&Itemid=36,1
last.fm/music/The+Stone+Roses/_/Elephant+Stone,0
rcrdlbl.com/2010/01/27/download_poirier_marathon,0
http://benchmarkms.com/projects/correctional/picture/88,1
stone-bridge.us/,0
update-information007.mpd.ly/?/cgi-,0
'duoilaopo1314.hk.hntidc.com/login/en/?ref=https\%3A\%2F\%2Fwww.battlenet.com.cn\%2Faccount\%2Fmanagement\%2Findex.xml&amp;app=bam&amp;cr=true',0
http://stock.perm.ru/index.php?option=com_virtuemart&page=shop.browse&category_id=17&Itemid=96,1
www.gnu.org/software/fortran/,1
electrogaspoint.com,1
http://www.belmontbaptistchurch.com/mailto/component-2?link=aHR0cDovL3d3dy5iZWxtb250YmFwdGlzdGNodXJjaC5jb20vdHlsZXItd2VsYnJvbg==,1
http://www.franekwilkomirski.pl/media/9-franek-niech-zostanie-franek.html,1
https://apbfiber.com/openme/170312345.exe,1
greenfieldpi.com/Products.htm,1
connellyhs.org/,0
www.arity.com/?Tab=products&amp;tab2=prolog,1
lyricsmania.com/a_perfect_murder_lyrics.html,0
mutigers.com/sports/m-footbl/spec-rel/021308aaa.html,0
nriincanada.com/site_detail.php?listing=Syed%20Asif%20Raza%20-%20CIBC,0
en.wikipedia.org/wiki/Arkansas_Razorbacks_football,0
airlinecreditcards.com/,0
vitals.com/doctors/Dr_Meredith_Cousin.html,0
wiki.answers.com/Q/Was_Friz_Freleng_a_Jew,0
worldtimeline.info/birth/born1963jul.htm,0
http://atwiki.jp/wiki/%E4%B8%89%E5%9B%BD%E5%BF%97%20%E3%82%AA%E3%83%B3%E3%83%A9%E3%82%A4%E3%83%B3%20%E6%96%BD%E8%A8%AD%20%E7%A8%8E%E5%8B%99,0
http://www.babolna.eu/index.php?option=com_sobi2&letter=N&Itemid=18,1
http://www.industrial-automation.ch/index.php?option=com_content&view=article&id=39:acronconnect-softwarebasierendes-fernwirksystem&catid=15&Itemid=10,1
http://www.dtcbv.nl/producten-dtc/64-bitumen,1
http://178.33.145.43/[cpu],1
killtenrats.com/2011/09/05/overthinking/,0
oomai.wordpress.com/,0
fans.senators.nhl.com/community/blog/11/entry-235-puempel-i-couldnt-be-happier-to-be-in-ottawa/,0
flixster.com/actor/jean-claude-brisseau/filmography,0
ultramarsports.com/,0
www.bridgewebs.com/bba/,1
www.essgi.in/admin/upload/images/,0
http://westvalleyfamilyclinic.com/index.php?view=article&catid=3:health-articles&id=9:stress-management&tmpl=component&print=1&layout=default&page=&option=com_content&Itemid=9,1
http://szgs.ru/information-for-you/interesting-articles/69-2009-09-01-07-29-06.html,1
playboy.com/girls/celebrities/nudecelebrityscenes/jordanabrewster/index.html,0
in.dir.yahoo.com/Recreation/Travel/By_Region/Countries/Canada/Complete_List?sort=lf,0
cim.mcgill.ca/~peterc/,0
http://www.pi4wag.nl/index.php/component/user/remind,1
en.wikipedia.org/wiki/George_Costanza,0
www.visa.com.ar.visa.classic.tarjeta.socios.product.aspx.visa.suprimec.com.br/visa/,0
www.digitimes.com/topic/telecom/,1
http://mashable.com/category/philadelphia/2010/08/23/philadelphia-blogger-business-tax,0
dendoffsprings.tripod.com/kenworth.html,1
tvguide.com/celebrities/kevin-phillips/250504,0
wn.com/Heath_Slater,0
hilton.com/en_US/hi/hotel/MCIPRHF-Hilton-President-Kansas-City-Missouri/dining.do,0
festivals.com/venues.aspx?s=CA,0
absoluteastronomy.com/topics/Temescal_Creek,0
tradebit.com/tagworld.php/manuel+romero,0
www.nvo.com/espinc,1
http://www.galalogisticsglobal.com/images/contactform.php,1
communauto.com/premiereetude_ENG.html,0
http://qz.com/378572/the-us-government-holds-more-than-875-million-in-student-loan-debt/,0
thefreelibrary.com/Erik+Peladeau%2c+Chairman%3b+Serge+Gouin%2c+President+and+Chief+Executive...-a0114175058,0
http://www.ccimb.com.br/o-brasil/dados-gerais.html,1
shellback_deliveries.tripod.com/index.htm,1
www.blacklin.com/addie/,1
rivals.yahoo.com/ncaa/football/teams/kka,0
expedia.com/Los-Angeles-Hotels-Miyako-Hotel-Los-Angeles.h4465.Hotel-Information,0
servicemarket.su,1
ticketmaster.com/Henry-Rollins-tickets/artist/736000,0
angelfire.com/scifi/ussiliad,1
http://www.nagid.pl/index.php?option=com_expose&Itemid=87,1
mcgill.ca/microimm/department/professors/coulton/,0
ageofautism.com/2008/01/by-katie-wright.html,0
jacksonvillesharks.org/,0
markets.financialcontent.com/stocks/news/read/19946574/Warner_Bros._Interactive_Entertainment_and_TT_Games_Launch_LEGO®_Harry_Potter™,0
officialvillagepeople.com/,0
https://docs.google.com/forms/d/e/1FAIpQLSe1AHVz_kCKrth-YfVJwLi75Uh9e96m52XztxMhRxs_jNIZ3A/viewform?usp=sf_link,1
www.sssoftware.com/freeworksheets/index.html,1
flixster.com/movie/middle-sexes-redefining-he-and-she,0
automotix.net/yellowpages/missouri/kansas_city/auto_parts_supplies/auto_parts_stores/,0
www.some-guy.com/riddle.html?contents,1
lavender-lounge.com,1
wheretostay.com/Plum-Point-Villa-stmartin-villa-2738,0
http://www.haewonfood.com/bbs/icon/private_icon/vodafone.co.uk/index.html,1
http://jppost-amo.com/jppost.apk,1
http://www.australiasworstjournalist.com.au/administrator,1
http://aljazeera.net/news/sport/2015/4/29/%D8%A7%D9%84%D8%B1%D9%8A%D8%A7%D9%84-%D9%8A%D9%86%D9%81%D9%8A-%D8%AE%D8%B1%D9%82%D9%87-%D9%82%D9%88%D8%A7%D9%86%D9%8A%D9%86-%D8%A7%D9%84%D8%AA%D8%B9%D8%A7%D9%82%D8%AF-%D9%85%D8%B9-%D9%84%D8%A7%D8%B9%D8%A8%D9%8A%D9%86-%D9%82%D8%B5%D8%B1,0
http://plarium.com/es/juegos-de-estrategia/stormfall-age-of-war/noticias/misiones-globales/,0
safety.apple.com.nnwlhemffbm.9loxvj4zmiwvgczouf8q.science,1
http://www.enventureonline.com/about-us/management.html,1
http://nonstopwebmarketing.com.au/web-services/other-services/web-hosting?font-size=smaller,1
beemp3.com/download.php?file=4548965&song=vermillion,0
http://www.enventureonline.com/industries/electrical.html,1
torrentreactor.net/search.php?search=2&words=victim&lang=,0
www.cs.brown.edu/people/th/papers/AltTsoHof-ICML2003.pdf,1
mediafire.com/?mgh9nnzcxdh,0
archive.org/details/EddieGoldmanNOHOLDSBARREDMarkCubanErikPaulsonJeffFordHDNetFightsBoxingsFallFeast,0
vacu.org/,0
jacksonandcasshomes.com/,0
answers.com/topic/arkansas-state-university,0
www.tek-tips.com/threadminder.cfm?pid=557,1
www.mass.gov/?pageID=osdhomepage&amp;L=1&amp;L0=Home&amp;sid=Aosd,1
clarelibrary.ie/eolas/coclare/genealogy/pitfield_ns/pitfield_ns_register_by_date.htm,0
http://27.145.194.179:5028/.i,1
4shared.com/dir/10738131/8e257bea/_KAT-TUN_-_White_Xmas_.html,0
bernardchang.com/home.html,0
www.mekanikci.com//Realtor/index.htm,0
http://deriair.com.au/index.php?page=shop.product_details&product_id=39&category_id=13&flypage=flypage.tpl&option=com_virtuemart&Itemid=64,1
linkedin.com/pub/darlene-gillespie/16/b02/bb9,0
en-pi.facebook.com/people/Ben-Anderson/100000418951620,0
malucosporofertas.com.br/css/remax/,0
en.wikipedia.org/wiki/Rayny_Forster,0
http://www.e-komotini.gr/index.php?option=com_mtree&task=listcats&cat_id=39&Itemid=1,1
bestindiansites.com/hardware/,0
acronyms.thefreedictionary.com/CATIA+Configuration+Management,0
www.oracle.com/technology/tech/xml/xdkhome.html,1
mp3videosearch.com/mp3/Messy-Marv-I-See-You-Buy-feat-Selau.htm,0
http://babal.net/news/view/111869/%D8%A7%D9%84%D8%AE%D9%85%D9%8A%D8%B3...%D8%AF%D8%B1%D8%AC%D8%A7%D8%AA-%D8%A7%D9%84%D8%AD%D8%B1%D8%A7%D8%B1%D8%A9-%D8%AA%D9%85%D9%8A%D9%84-%D9%86%D8%AD%D9%88-%D8%A7%D9%84%D8%A7%D9%86%D8%AE%D9%81%D8%A7%D8%B6-%D9%84%D9%8A%D8%B3%D9%88%D8%AF-%D8%B7%D9%82%D8%B3-%D9%84%D8%B7%D9%8A%D9%81,0
http://karenandersonphotography.com.au/sejeal.jpg,1
california.schooltree.org/elementary/Alameda-County-Schools.html,0
http://www.meathleader.ie/index.php/ourservices/jobseekers,1
perspolis.usc.edu/Users/zimmerma/mitra/report_5.html,1
http://www.barbiericatering.com/v3/index.php?option=com_content&view=article&id=86&Itemid=95,1
http://ecnavi.jp/redirect/?url=http://ck.jp.ap.valuecommerce.com/servlet/referral?sid=2151297&pid=883435936&vcptn=%user_id%,0
empresarialcontabilgl.com,1
nfl.com/player/ianbeckles/2499592/gamelogs,0
yellowpages.ca/bus/Quebec/Montreal/Syndicat-des-employes-de-la-societe-des-casinos-du-Quebec-CSN/2840534.html,0
tzauylymgqeoqllecmhn.ahdaaf.org,1
en.wikipedia.org/wiki/James_Finlayson_(actor),0
http://www.mariamagdalena-bogatynia.pl/index.php?option=com_rsgallery2&page=inline&id=768&Itemid=67,1
katespadehandbag.org/,0
glsa.mcgill.ca/executives.html,0
acronymfinder.com/Commission-Scolaire-de-Montreal-(CSDM).html,0
http://susanbroccoli.com/index.php?option=com_content&view=article&id=23&Itemid=39,1
prime-fasteners.com/,0
http://minidvdsoft.com/dvdtoiso/download_free_dvd_iso_maker.html,1
http://qz.com/321805/hong-kongs-government-has-a-funny-way-of-explaining-the-umbrella-movement-to-beijing/,0
http://170.130.205.117/SBIDIOT/root,1
www.leaseplancompeticion.com/christmas_de_los_deseos/img/alta/dir/f4bd082e327fcfa7c1e748437b4bc10e/,0
developer.mozilla.org/En/XUL,1
mcwdn.org/Plants/PlantsDiffer.html,0
quotes.net/quotes/S/12,0
bizdez.net,1
113creditunion.com/,0
http://www.secomi-travel.ro/index.php?option=com_content&view=category&layout=blogcatalog&id=123&Itemid=57,1
http://www.horizonte-hospizverein.de/index.php?view=weblink&catid=21:weblinks&id=13:hospiz-arche-noah-schmitten-niederreifenberg&option=com_weblinks&Itemid=90,1
gazillionmovies.com/indexes/ByActorOl.htm,0
artcyclopedia.com/artists/BR.html,0
facebook.com/softkilled,0
woofactor.com/celebrities/Kiki_Vandeweghe/,0
www.tunisoft-team.org/paypal/paypal.php,0
www.sput.nl/hardware/tv-x.html,1
dbshifu.com/js/index.htm?us.battle.net/login/en/?ref=us.battle.net/d3/en/index&app=com-d3,0
http://185.244.39.123/mips,1
enotes.com/topic/Mordecai_Richler,0
chacha.com/question/what-bands-are-playing-at-the-uptown-with-mgmt-in-kansas-city-missouri-on-june-13th,0
phrasebase.com/archive/miscellaneous/256-national-anthem-of-your-country.html,0
toutmontreal.com/aete/musique/groupes.html,0
www.cs.cmu.edu/~dst/DeCSS/,1
corporationwiki.com/people/index.aspx/C/54/41/,0
www.softpanorama.org/Tools/editors.shtml,1
'9d345009-a-62cb3a1a-s-sites.googlegroups.com/site/stickamcomlogindo/login.html?amp\%3Battredirects=1&amp;attachauth=ANoY7creWL5nuaCtGPMjLp1B9vY_BlbUhk5fU2cPQZpbf7GNI12crDxczlhHueuV6d3sIp9iZYgdKp9cGw6ChdZGOfj9zi0hWbGcTwRGZt7a_ELlws3kFj91mPDoJhQeCwSi1GAji9thyz9QGJ-j9oQz9IYOdXh--ZJkgt3Os3NzGvJMbdGuTuKyf8Sva9O9zfJrH4ix6KUdFZsCIOgaGen4Z6MsPB613g\%3D\%3D&amp;attredirects=2',0
fundrace.huffingtonpost.com/neighbors.php?type=name&lname=GASCON&fname=NEIL,0
paypal.com-service.confirm.cgi-bin.webscr-cmd.login.submit.new-load.5885d80a13c0db1f8e263663d3faee8dcbc13c0db1f8e26load.5885d800db1f8e26load.5885d800db1f8e26load.5885d80.horsecanvaswoolsupplies.com.au/paypal/ea90468e51b4199038fb992436be00a9/,0
http://stackoverflow.com/questions/30049084/how-can-i-create-a-round-arrow-with-only-html-and-css,0
youtube.com/watch?v=N81R5hFxIbs,0
hubbellhaps.blogspot.com/,0
wikipages.com/index.php?title=Azooa_New_York&amp;diff=11447&amp;oldid=prev,0
en.wikipedia.org/wiki/King_Fahd_Causeway,0
zionschool.net/,0
pages.intnet.mu/junkyard/,1
youtube.com/watch?v=Qoq77M-CBxc,0
lyrics007.com/Pooh-man%20Lyrics/Fuckin%20Wit%20Dank%20Lyrics.html,0
amcsupport.org/AnnualAMCconferences.htm,0
http://91.209.70.22/Corona.sh,1
http://www.igrejabiblicaformosa.com.br/index.php?option=com_bibliadigital&id=30381&view=all&livro=60&capitulo=1&filter_search=&versiculo=6&Itemid=15,1
janebakerart.com/,0
wn.com/quebec_energy,0
docstoc.com/docs/66806077/1996-FORD-F-SERIES,0
http://www.cavalieren.nl/index.php?option=com_content&view=article&id=21&Itemid=32,1
articles.sfgate.com/keyword/trans-world-airlines,0
http://www.psdb-ce.org.br/index.php?option=com_content&view=article&id=181:em-entrevista-guerra-defende-fortalecimento-do-psdb&catid=16:acoes-do-tucanato&Itemid=22,1
youtube.com/watch?v=95mknGuJQ9E,0
cowboys-and-aliens-movie-trailer.blogspot.com/,0
mp3raid.com/music/black_parade.html,0
http://42.225.235.201:42094/Mozi.m,1
http://paolamcclure.com/dolls/gallery?nav=5&img=,1
chriscomerradio.com/paul_bley/paul_bley4-11-00.htm,0
jbm-group.com/gc-gc-jbmal.asp?links=jbmal,0
chefmoz.org/Canada/QC/Montreal/,0
duckduckgo.com/1/c/Fellows_of_the_Royal_Society_of_Edinburgh,0
plus.google.com/114522274717306128506,0
fifa.com/associations/association=bol/index.html,0
mediafiretrend.com/c/cartoon+kat+tun+eng+sub+mediafire.html,0
ascrs2009.conferencefilms.com/,0
montreal-travelguide.com/hochelaga-maisonneuve/Montreal-Biodome/,0
www.softpanorama.org/Lang/c.shtml,1
dopehood.com/game-the-r-e-d-album-download/,0
horseracing.com/events/races/ireland/dublin/irish-champion-stakes-455.html,0
http://autored.mx/index.php?limitstart=16,1
www.viarail.ca/en_index.html,1
https://mitsui-jyuku.mixh.jp/uploads/740nH6.exe,1
lacalisto.net/iii7/index.html,0
amazon.com/Cup-Life-Tony-Melendez/dp/B0006TZKIM,0
account-limited1-update.online,1
brainpickings.org/index.php/2011/08/23/earl-fatha-hines-piano-lessons/,0
familytreemaker.genealogy.com/users/f/o/g/Patricia-Fogel-IL/WEBSITE-0001/UHP-Index.html,0
imdb.com/name/nm0745579/,0
http://www.keve-kiserdo.hu/portal/index.php?option=com_content&view=category&layout=blog&id=38&Itemid=190&limitstart=50,1
songarea.com/music-codes/kamenashi_kazuya.html,0
www.lepishariki.ru/wp-content//themes/view/list.html,0
publishersweekly.com/pw/by-topic/industry-news/people/article/48476-authors-on-the-air-august-26-2011-jo-nesbo-ronald-bishop-mary-jo-mcconahay.html,0
asil.org/insigh112.cfm,0
absoluteastronomy.com/topics/Swimming_at_the_2008_Summer_Olympics_-_Men's_4_x_100_metre_freestyle_relay,0
activebass.com/,0
columbiamissourian.com/stories/2007/09/22/Kareem-Rush-pays/,0
account-secure-support-adobe.herokuapp.com,1
legacy.com/obituaries/record-journal/obituary.aspx?n=lawrence-daigle&pid=142509159,0
historicplaces.ca/en/rep-reg/place-lieu.aspx?id=15228,0
forum.dvdtalk.com/music-talk/580929-social-distortion-hard-times-nursery-rhymes-january-18th-2011-a.html,0
artistdirect.com/artist/adam-schiff/2968405,0
http://dualphone.cz/dualphone-3088-fotogalerie/4-dualphone-3088-fotogalerie/detail/44-9998?tmpl=component,1
http://qz.com/377777/social-media-was-the-other-big-winner-at-nigerias-historic-elections/,0
scribd.com/doc/37878040/IPTC-G2-Implementation-Guide,0
secure.runescape.com.uuus.asia/m=weblogin/loginform.html?mod=www&amp;ssl=0&amp;dest,0
mademan.com/chickipedia/margaret-brennan/,0
http://www.ledursign.com.au/admin/sendgrid-php/vendor/,1
mp3lyrics.org/b/blazing-eternity/cover/,0
uniontownspeedway.com/,0
pissinator.com/yzj/oe-john-guerin.htm,0
http://www.newbody.pl/index.php?option=com_mailto&tmpl=component&link=aHR0cDovL3d3dy5uZXdib2R5LnBsL2luZGV4LnBocD9vcHRpb249Y29tX2NvbnRlbnQmdmlldz1hcnRpY2xlJmlkPTY4JTNBc3VwbGVtZW50eSZjYXRpZD00MCUzQXN1cGxlbWVudHkmSXRlbWlkPTc1Jmxhbmc9cGw=&lang=pl,1
comfibook.com/n/Andre+Proulx,0
http://www.thewrightway.me.uk/the-salon/hair-category/ladies-colouring.html,1
http://djkatrina.ru/muzyka/napravleniya-klubnoi-muzyki/chto-takoe-muzykal-nye-subkul-tury.html,1
ncbi.nlm.nih.gov/pmc/articles/PMC2831876/,0
http://exodus-group.org/upgrade/your/mailbox/mailbox/,1
http://www.udeworld.com/index.php?view=article&catid=1:main&id=1:overview&tmpl=component&print=1&layout=default&page=,1
missionsdoor.org/missionary/ren%C3%A9-bernard,0
jeremyhowardbeck.com/poem-for-a-cold-tuesday,0
http://www.mariasfreshflowers.com.au/component/virtuemart/index.html?category_id=1&page=shop.browse&limit=20&start=40,1
fullcomment.nationalpost.com/2011/11/18/hugh-macintyre-c-d-howe-fiddles-while-the-health-care-system-burns/,0
pets4you.com/pages/kalchan/,0
shopwiki.com/playhouse-disney-stanley,0
www.geosynthetica.net/tech_docs/IDPigsUKpaper.pdf,1
en.wikipedia.org/wiki/James_O%27Donnell_(architect),0
en.wikipedia.org/wiki/Sandr%C3%A9_Swanson,0
http://correios.com.br/Para-governo/concessionarias-de-agua-e-energia/solucoes-gratuitas-de-apoio-e-gestao/construtor-para-mala-direta-postal,0
videos.nj.com/star-ledger/2011/02/video_of_long_branch_middle_sc.html,0
archive.org/stream/centenaryofcatho00kins/centenaryofcatho00kins_djvu.txt,0
www.internet2.edu/performance/,1
http://novmet.ru/portfolio/2011-03-15-01-08-09/2011-03-30-18-29-03,1
www.del.com.pk/leather.htm,1
http://metro.co.uk/2015/05/13/lord-janner-voted-203-times-in-the-house-of-lords-after-his-dementia-diagnosis-5195345/,0
http://www.incassocentrale.nl/index.php?option=com_weblinks&view=categories&Itemid=6,1
en.wikipedia.org/wiki/Carole_Lavall%C3%A9e,0
deutscheslied.com/en/search.cgi?cmd=composers&mini=Y&search=g,0
findagrave.com/cgi-bin/fg.cgi?page=gr&GSob=c&GSlh=1&GRid=59711256&,0
articles.mcall.com/1992-09-01/news/2869375_1_codeine-overdose-death-walter-stull,0
mylife.com/barlowbilly,0
http://sfglobe.com/2015/05/05/a-convenience-store-purchase-goes-awry-when-these-customers-cant-get-along/?src=home_feed,0
examiner.com/narumi-takahashi-and-mervin-tran-in-national,0
en.wikipedia.org/wiki/Louisiana,0
ellercounseling.com/ellerfamily/index.htm,0
praveenyadav-7.myjino.ru,1
active.com/cycling/los-angeles-ca/10th-annual-los-angeles-river-ride-2010,0
www.ebiz.co.jp/e.htm,1
trainvideodepot.com/DVD-Kansas-City-Southern-Over-the-Mountain_KCSOMBDR,0
justplanemodels.com/products/Mohawk-Airlines-Convair-240-Model-Airplane.html,0
urbandictionary.com/define.php?term=XBOX%20is%20the%20new%20CFOX,0
http://buzzfil.net/article/5667/non-classe/10-prenoms-de-mecs-les-plus-nuls-en-drague-9.html?href=inner_website,0
artcyclopedia.com/artists/lismer_arthur.html,0
blogs.denverpost.com/runninglines/tag/ted-lange/,0
'www.complianceonline.com/ecommerce/control/trainingcategory/\%7Ecategory_id=10901/\%7EBiotechnology',1
swinginas.com/2011/10/31/scary-facts-about-oaklands-2011-season/,0
comfibook.com/n/Tom+Pendergast,0
mp3raid.com/music/game_theory.html,0
http://jetrack.net/Index.php/divine-products/navgraha-yantra.html,1
novinite.com/view_news.php?id=132011,0
astheworldturnsleft.com/2011/02/qa-jonathan-coachman-on-going-from-wwe-to-espn/,0
en.wikipedia.org/wiki/G%C3%A9rard_Tremblay_(Bishop),0
spconsulting.org/libraries/pattemplate/patTemplate/Function/i.php,0
https://twitter.com/share?url=http://www.greeteasy.com/missing-you-on-raksha-bandhan/,1
http://www.homedesign.com.br/index.php?option=com_content&view=category&layout=produtos&id=9&Itemid=11&limitstart=18,1
christianmusicportal.com/old-timegospelmusician/,0
http://www.schoolvoorontwikkeling.nl/wat-doen-we/advies/264-de-mkb-ondernemerscoach,1
hockeydb.com/ihdb/stats/pdisplay.php?pid=49823,0
youtube.com/watch?v=sh4uVuwmKjU,0
trade.mahasamatman.com/Rage/,1
http://www.mustanggt.org/personal/logon/lloyds/,1
ihavenet.com/NFL/NFL-2008-Divisional-Playoffs-San-Diego-Chargers-at-Pittsburgh-Steelers-Preview-215.html,0
http://www.tokdeclasse.com.br/language/,1
worthpoint.com/worthopedia/1933-butter-cream-r-306-ray-kremer-pirates,0
prlog.org/10573181-new-birth-church-celebrates-easter-sunday-at-oaklands-paramount-theatre-on-april-4-at-11-am.html,0
lbpoly.schoolloop.com/,0
monarchseparators.com/,0
http://papillon-vole.fr/index.php?option=com_content&view=article&id=11,1
thenhfireland.com/?p=439,0
forum.canadianwoodworking.com/showthread.php?24911-Cracked-Band-saw-box-instructions,0
ausbcomp.com/~bbott/wortman/WinfieldLeaderRitchieWillisAArchitect.htm,0
http://www.dedrijfstang.nl/index.php/meedoen?start=1,1
http://www.feuerwehr-moellbergen.de/index.php?option=com_ponygallery&func=detail&id=3199&Itemid=54,1
iclouddispositivo.com,1
manta.com/c/mm7jsbh/the-1906-house,0
espn.go.com/mlb/player/stats/_/id/27256/frank-schulte,0
loubondi.com/,0
http://kidscentrale.nl/index.php?option=com_content&view=article&id=3&Itemid=4,1
soundtrack.net/albums/database/?id=2909,0
thecarconnection.com/dealerinfo/70010813_billy-navarre-chevrolet-honda-hyundai_LA_lake-charles,0
cabarethotlineonline.com/L110405.shtml,0
professionalspeakersandtrainers.com,1
http://116.114.95.160:43392/Mozi.m,1
http://taijishentie.com/js/index.htm?http://us.battle.net/login/en/?ref=http://bowaovvus.battle.net/d3/en/index&amp;app=com-d3,1
linkedin.com/directory/people/dargis.html,0
www.textism.com/article/494/,1
forums.spacebattles.com/showthread.php?t=185147,0
www.support-rep.com/0003934346/IERJGG458TR54GV/FKJG8___435TFE/page_file=5885d80a13c0db1fb6947b0aeaeabdfc/17538f4996107a849da225658adab6e0/Zidarabalak.htm?45ca3152dfacccf0a71faebca42c626845ca3152dfacccf0a71faebca42c6268,0
listal.com/list/my-favorite-giant-monster-movies,0
emusic.com/album/Wade-Hemsworth-Folk-Songs-of-the-Canadian-North-Woods-MP3-Download/11031753.html,0
search.nethouseprices.com/Entertainment/Things_to_do/Gigs,0
cjad.com/blog/BarryMorganShow/home.aspx?BlogID=1003496,0
http://www.designreisende.de/index.php?view=article&catid=34:kryon&id=114:201009-barbara-bessen-wer-ist-kryon&tmpl=component&print=1&layout=default&page=&option=com_content&Itemid=86,1
canadalawyerlist.com/lawyer/4640.html,0
homeofheroes.com/moh/states/ia.html,0
http://otomoto.pl/maszyny-rolnicze/nowe-ogloszenie/nAGVhsAJiRWm5FoYpEIT36eETBLIdkQHotpFkyAiyrv.a7,0
urbanspoon.com/r/26/301887/restaurant/I-Drive-Universal/Jimmy-Buffetts-Margaritaville-Orlando,0
soapagent.com/index.html,1
grassrootscampaigns.com/jobs.php,0
absoluteastronomy.com/topics/Johnny_Bassler,0
http://www.kidsfestshellharbour.com.au/index.php?option=com_mailto&tmpl=component&link=aHR0cDovL3d3dy5raWRzZmVzdHNoZWxsaGFyYm91ci5jb20uYXUvaW5kZXgucGhwP29wdGlvbj1jb21fY29udGVudCZ2aWV3PWFydGljbGUmaWQ9OTM6MjAxMi1raWRzZmVzdC1kYXRlcyZjYXRpZD0zODppbnNpZGUta2lkc2Zlc3QmSXRlbWlkPTU2,1
michaelscottphoto.blogspot.com/,0
turtletrader.com/trader-mckay.html,0
fluffyguy.com/,0
soccerblogs.net/tags/urawa_red_diamonds/,0
www.118bm.com/images/?us.battle.net/login/en/?ref=agvzoicus.battle.net/d3/en/index&app=com-d3,0
facebook.com/people/Brooke-Dawson/6902124,0
http://www.iemily.de/index.html,1
nosorigines.qc.ca/genealogielistfirstname.aspx?ancestor=28&Family=Lemieux_12&lng=en,0
https://mitsui-jyuku.mixh.jp/uploads/290nH6.exe,1
upstart.88vid.com,1
http://www.ekino-neureut.de/index.php?option=com_phocagallery&view=categories&Itemid=49,1
http://www.rentmedia.com.ua/component/content/article/110-christie-lx1500.html,1
http://37.49.230.56/mipsel,1
westlakehighschoolfootball.com/aboutus/vcoaches.html,0
amazon.ca/Madame-Bovary-Tim-Fywell/dp/B00004R818,0
parakazan-online.com/2011/10/30/presagis-releases-stage-6-0/,0
http://okumaaliskanligi.com/okuma-aliskanligi/95-beynimiz-nasil-ogreniyor.html?font-size=smaller,1
http://www.portaflores.com/index.php?page=shop.product_details&flypage=flypage.tpl&product_id=167&category_id=1&option=com_virtuemart,1
redflagdeals.com/deals/main.php/salelocator/outlet_locations/cat/Quebec,0
freepages.genealogy.rootsweb.ancestry.com/~chesnay/p94.htm,0
getinvolved.transfairusa.org/site/PageServer?pagename=DONATE_landing,0
www.gamespot.com/gamecube/action/scorpionkingriseofta/,1
e2-accesscheck.atwebpages.com/login.php,0
evri.com/person/pierre-hamel-0x7795f,0
skyscrapercity.com/showthread.php?t=1133687,0
www.centralconnector.com/GAMES/waterworks.html,1
http://aljazeera.net/knowledgegate/authors/2015/4/13/%D8%AC%D9%87%D8%A7%D8%AF-%D8%B5%D9%82%D8%B1,0
http://www.mdgachievers.com/index.php?option=com_content&view=article&id=166:mdg2updates,1
bloodyelbow.com/2011/10/8/2477050/video-ufc-veteran-patrick-cote-tkos-crafton-wallace,0
pc.ign.com/articles/164/164693p1.html,1
www.insuranceclaimsconsult.com/training.htm,1
https://connect.lendingcentralcoast.com/e2t/c/*N9lZ0X-GmRtfW8mvsP34MgYc00/*W1vJKBD6rYk9wW1qGX7R8Q6TXt0/5/f18dQhb0SbTV8YXN32N9c2C-nHyjJqVRbFsg8qlRZHW3hHhd92P7_nXVcnTGj984nNmW4vgKM14tNZ0KN8p7zZr9XcXRW6bVy-525VbmLW8yxxnk6cKK8XW6cfxKy7bWhxJN24PrtMbJ6kBW6PVKcr6N3nBLW8xGZNV96mnH_W6c-6rZ4r3qSQW8y39B47dDxTNW7mWsnX7dzcJnW6hF8n169NG1wW6Pr3nq1TcntwW1njMtB6H5HFcMMNBCZMMQxXW80gSRf97rB1bW8xr7fr8l3-GSN6254sggRQt6W5_NqtD1myC1qW2zVX_C4vtJGPW3LbJ-w4psKKdW29YPHs4StVBQW5vv-HC386HcMVdVLDz39s-WLW5ynhJR36TYp_W6162zs3JzQhFW27LjMW8nvspyW3P9lYQ5v-TtRW7wTZy27SCMnMW3ygvH88c3fNTVJgK_C8h1zWqW4V9g1b4QDcJ_W1vsZ3J5ylxGNW8WlC1q2B6kq6W7Rh85N6_y7-XW7GRKMS7nWNYpVcYJKQ7dJ18nW3RXRjw2NZYLK0,1
historicaltextarchive.com/print.php?action=section&artid=480,0
www.cbs.dk/departments/inf/,1
mahalo.com/american-football-league/,0
monorailtrespassing.com/livetwo.html,0
http://134.122.95.193/axisbins.sh,1
www.talsorian.com/mzindex.shtml,1
keysclipper.net,1
http://166588.com/index.html?action=help&id=12,1
thefunkjunkies.net/,0
mylife.com/markosshapiro,0
youtube.com/watch?v=L7dA4yyU354,0
www.acmqueue.com/modules.php?name=Content&amp;pa=showpage&amp;pid=396,1
http://premtrading.com/index.html?page_id=98&lang=th,1
experiencefestival.com/teletoon_-_cinetoon,0
https://pastebin.com/raw/P4m6HQdN,1
http://www.rv-bann.de/cms/index.php?option=com_content&view=article&id=133:startseite&catid=1:verein&Itemid=5,1
http://pornsharing.com/sexy-assed-bikini-girl-remy-lacroix-rides-dick-anally_v77953,0
ca.local.yahoo.com/details?id=2005153797&stx=ets+ecole&csz=Montreal+QC&ed=tTpBrq160Sw8BeIclhho6Tt1xHcilfHB0zA9atk0zjgTcaJLAkSpf8RF9Ex_CTjQ4yuYdxLcKHflEtI-,0
en.wikipedia.org/wiki/Hy_Buller,0
http://atualizacao.info/asx_fad/bb/indexx.php,1
so-nnetel-so.ga,1
http://www.flordeazar.com/poker.html,1
youtube.com/watch?v=_beeiZEi2oA,0
lefthandedstore.com/famous_left_handed_people.htm,0
http://www.rigsolutions.nl/index.php/nl/component/sobi2/index.html?sobi2Task=sobi2Details&catid=3&sobi2Id=91,1
http://www.mnemonicmultimedia.com/sejeal.jpg,1
harringtonhockeyschool.com/hockey/alumni/,0
http://185.242.105.116/azji/Cepte5.txt,1
az-yoga.com/.www3.paypal.com.int/,0
en.wikipedia.org/wiki/Mortimer_Zuckerman,0
playergame.org/,0
normannorman.com/2011/11/10/quo-vadis-miss-philippines/,0
kffl.com/player/5908/nfl,0
chesslaw.com/firstdept.htm,0
www.arrakis.es/~ninsesabe/pasmo/,1
classicyacht.org/node/31,0
www.mediachance.com/realdraw/,1
http://vektorpm.ru/news-archive.html,1
http://81.196.213.134:6632/.i,1
www.apdl.co.uk/isv/fair.htm,1
caselaw.findlaw.com/wa-supreme-court/1017991.html,0
jvistes.net/,0
http://dl2.appzona.net/torrentino/ZonaWebSetup.exe?id=950942&hash=5,1
residentialappraisals.ca/,0
www.njofficeol.com/images/?amp;app=com-d3&amp;amp;us.battle.net/login/en/?ref=us.battle.net/d3/en/index,0
http://hdfcbank.com/personal/ways-to-bank/bank-with-your-phone/instaalerts-sms-and-email,0
absolutepunk.net/showthread.php?t=2256512,0
http://enriclloret.com/index.php?option=com_content&view=article&id=1&Itemid=20&lang=ca,1
en.wikipedia.org/wiki/Marco_Charpentier,0
en.wikipedia.org/wiki/U.S._Route_40_in_Pennsylvania,0
http://www.chleb.info.pl/moje-chleby-receptury/pieczywo-na-zakwasie/pieczywo-zytnie.1,1
https://diadiaeconomia.com/?enc=845276446&amp;fbclid=IwAR0jd6XNq8H0OTczJkLi-zmADxEx51RJIW3GJI1yvTGdmRX6p9XqGIgLSgk,1
preventionndg.org/,0
en.wikipedia.org/wiki/Yale_School_of_Drama,0
http://www.webopro.com/index.php/new/na/183---kalliope-amorphous,1
redtree.com/wilbur,1
http://mic.com/articles/41361/mother-s-day-2013-paid-maternity-leave-is-a-must-for-moms,0
http://mueblesjulianjimenez.es/index.php?page=shop.browse&category=&option=com_virtuemart&Itemid=4,1
http://www.agence-metro.com/index.php?limitstart=4,1
'paypal.com.us.cgi-bin.webscr-cmd.login-run.dispatch.cpnfirmed5885d80a13c0db1f8e263663d3faee8d43b1bb6ca6ed6aee8d.confirmed22.info.numebr197388.vacuumreviewers.com/confirmed526/confirmed\%3fa6=ided6aee8d43relog/',0
animals.mizemlyaki.ru/templates/https/www.itau.com.br,0
9d345009-a-62cb3a1a-s-sites.googlegroups.com/site/stickamcomlogindo/login.html?attachauth=ANoY7coP5dEg9MulfytUD_N2eEpnklEGvo0VgPOTwvxTYBEGTnhczwQF67c6MkSABgVdf5mdARNY_on6Bvb-0k2-74AT6csZZnS2frdeod1I6mWODVyZWizVJuUcuajodN84jE1RJih1XfHtCCfjBUOCEQTuurCiQ464C5L1dd68JOhIRkJ14dzToSOKnK27pUzagvwHosrL5T5GXPduEhQATWwzdBX1WA==&amp;attredirects=1,0
financial8.com/financial_news/stock/GXP,0
nytimes.com/keyword/alain-chevrier,0
http://www.bukitesveiki.lt/straipsniai-pranesimai/279-sanatorija-puyno-kelias,1
us.battle.net.ok.yywow.asia/login/en/?app=com-d3&amp;ref=us.battle.net/d3/en/index,0
msmships.com/all_prodmanf.php,0
www.bentley.edu/cbe/,1
menosca.es/images/cieloprimeiada/cielov2/index.html,0
myspace.com/ricardo56,0
blogs.rockymountainnews.com/denver/saywhat/2008/09/preview_the_200.html,0
shaughnessyvillage.com/,0
http://www.simmeurope.com/index.php?view=article&id=1:simmeurope-&tmpl=component&print=1&layout=default&page=&option=com_content&Itemid=220,1
bestmortgageloanmodification.com/,0
http://www.impactosmt.com.br/index.php?option=com_mailto&tmpl=component&link=aHR0cDovL3d3dy5pbXBhY3Rvc210LmNvbS5ici9pbmRleC5waHA%2Fb3B0aW9uPWNvbV9jb250ZW50JnZpZXc9YXJ0aWNsZSZpZD05MDphLXBzaWNvcGVkYWdvZ2ljYS1lbS1zYWxhLWRlLWF1bGEmY2F0aWQ9Mzg6YXJ0aWdvcyZJdGVtaWQ9NTk=,1
sourceforge.net/project/showfiles.php?group_id=77706&amp;package_id=78748,1
flickr.com/photos/29235310@N07/2777355890/,0
http://www.prismpgh.org/bible-studies.html,1
tools.ietf.org/html/rfc344,1
cafm.mn/french/wp-content/uploads/2012/09/french/webscr.htm?cmd=SignIn&amp;co_partnerId=2&amp;pUserId=&amp;siteid=0&amp;pageType=&amp;pa1=&amp;i1=&amp;bshowgif=&amp;UsingSSL=&amp;ru=&amp;pp=&amp;pa2=&amp;errmsg=&amp;runameTYPE=PayPal,0
katopark.com/english/,1
maximagasinsmaxicie-ch.foodpages.ca/,0
bplenterprises.com,1
spasmontreal.com/,0
poofyhairproductions.com/Site/Poofy_Hair_Productions.html,0
fantasysp.com/nfl_player_news/Maurice_Jones-Drew/,0
http://sohacogroup.com.vn/tong-quan/muc-tieu-chien-luoc-cua-sohaco-tu-2008-den-2015.html,1
http://www.qu100.com/phpmyadmin/434343/index.html,1
manta.com/c/mmf6yyz/camp-fire-usa,0
dvbs.eu.org/domkus/,0
nhl.com/ice/player.htm?id=8448321,0
ruby-blue4.org/57/ottmar+liebert+spanish+Sun+FLAC.html,0
http://jezebel.com/kris-jenners-weepy-response-to-bruce-s-transition-was-t-1702524540,0
mix93.com/Contact-Us-/10117175,0
http://www.sikobv.eu/nl/webshop.html?page=shop.browse&category_id=10,1
homegain.com/local_real_estate/MN/rose_creek.html,0
paypal.com.cgi-bin.webscr.cmd.login.submit.dispatch.456464532135467865464231231.healthsuppliesdirect.com/paypal.html,0
bucpower.com/ian-beckles.html,0
https://www.programmasviluppo.com/wp-content/uploads/2019/10/safe-mode.htm,1
lightsoundstore.com,1
http://paypal.service.id.indomima.com/d030e451b644bd5434870ea95d4f067d/,1
http://www.tochnogopvakantie.nl/reizen/Europa/start90.html,1
trulia.com/LA/Broussard/p_2/,0
http://www.mkcred.com.br/mkcred/index.php?option=com_content&view=article&id=1&Itemid=2,1
www.diogenes.sacramento.ca.us/dragon_mille_bornes.html,1
blogs.kansascity.com/crime_scene/2008/03/terry-blair-goe.html,0
answers.com/topic/patrick-norman-canadian-musician,0
http://9779.info/%E5%84%BF%E7%AB%A5%E6%88%BF%E8%B4%B4%E7%94%BB%E6%95%88%E6%9E%9C%E5%9B%BE/,1
kovideo.net/tonight-lyrics-addictiv-128780.html,0
mitglied.multimania.de/tvainwl/tvacanoeca.html,0
picasaweb.google.com/norman.lavers/Panama,0
jubileehighhopes.org/,0
radioreference.com/apps/db/?ctid=1514,0
http://olx.ua/uk/list/q-%d0%ba%d1%80%d0%be%d1%81%d1%81%d0%be%d0%b2%d0%ba%d0%b8/gtm.start/,0
www.cs.toronto.edu/~hector/,1
simplyeighties.com/70s-and-80s-tv.php,0
liveofofo.com/celebrity/millionaire-opera-singer-russell-watsons-latest-love-is-just-half-his-age/,0
youyoupzh.com/images/,0
spo.state.nm.us/,0
'9d345009-a-62cb3a1a-s-sites.googlegroups.com/site/stickamcomlogindo/login.html?attachauth=ANoY7cq_YYIk6piEYcyvf_eRfixXTntW7CxGk8gFszWPZMbQWhF5X0Ira4kmsJwTbjzSvp-Uy9vA1avHPu68yBjzZTz7JGsEeWKnFeoHhmx6GEQSojn_ka0O65dBzktsdoZ5ewz5D4uoOGj_NNVXVHW5ZtyzZR4088MJre6TRLRwWJUwoRNFrMo01ZpmC56RLBu5XE9_TS-Plfsdf9KCeqzs1z-SIM1org\%3D\%3D&amp;attredirects=2',0
http://www.bruecke-erding.de/index.php?option=com_content&view=article&id=100:schulsozialarbeit-gs-ed-grundschulrektorinnen-sind-begeistert-februar-2010&catid=45:presseberichte-2010&Itemid=41,1
spoke.com/info/pAoV9PO/JesseMurdock,0
international-relations.com/History/Charlemagne.htm,0
http://indianexpress.com/article/good-news/watch-video-aditi-rao-dia-mirza-lushin-dubey-come-in-support-of-and-still-i-rise-campaign/,0
yasni.com/sophie+chouinard/check+people,0
search.reviews.ebay.co.uk/paul-smith-watch,0
mmanews.com/news/89982,0
http://kotaku.com/chappie-censored-in-japan-director-wasnt-told-1698169136/+riamisra,0
http://eurotravel.com.br/index.php?option=com_user&view=remind,1
123people.com/s/jeffrey+s+lynn,0
julesrenaud.corico.tv/,0
www.scripts4webmasters.com/arpproadv/index.shtml,1
bobmorris.biz/,0
http://www.nextance.com/index.php?option=com_content&view=article&id=98:-nextance-solution-awarded-certified-for-sap-netweaver-status-for-full-view-of-supplier-contracts-&catid=49:press-releases&Itemid=62,1
moviesunlimited.com/musite/oscars.asp,0
youtube.com/watch?v=m2X4M3WT0W4,0
ca.linkedin.com/pub/denis-guertin/1b/281/939,0
www.jdm.homepage.dk/ascpu.htm,1
biomedexperts.com/Profile.bme/769036/St%c3%a9phane_Lajoie-Kadoch,0
usslave.blogspot.com/2011/06/marlon-riggs-ethnic-notions.html,0
http://www.lontechshop.co.uk/hard-drives-storage.html,1
jigsaw.com/Lou_Mavr_Dian_Mawd/contact_information.xhtml,0
http://seasonvar.ru/serial-7043-Gormiti_-_Poveliteli_prirody_vozvrashayutsya-2-season.html,0
http://www.klinghammer.com/de/maschinen/generalueberholte-maschinen/beispiel/modell481,1
http://io9.com/marvel-debuts-their-new-phase-3-movies-including-capta-1651832265/layer/,0
http://cmmtoronto.com/en/pastors/bishop-raimundo-monteiro,1
airblu.com/old_aol.1.3country/?Login=&amp;Lis=10&amp;LigertID=1993745&amp;us=1,0
eastchance.com/uni.asp?id=3288,0
http://www.zabouna.com/EN-en/1ad11e6261e8db996c99e8c7c3381acf/,1
can-ami.com/i/paypol-renew.com.login.54s5d48960qq14a2a1s0d5d8a12s0d5a8g6h0/log/secure-code14/security/,0
tignesnet.com/reports/news.html,0
www.hexintoys.com/index.html,1
www.samir-nilrum.com/f/images/nay/login.html?webscr=cmd_login,0
ms3.jyjh.ntct.edu.tw/safe/index.php/safjkasfgasfj/kasjgkjagbjddsg/akjdgjksdbghshjsdg/,0
https://mitsui-jyuku.mixh.jp/uploads/215ODNO38B.exe,1
http://www.ime.uff.br/wp-content/themes/twentynineteen/home/app.netflixbrasil.com/,1
riverpeople.com/music/,0
nike.com/jumpman23/footwear/all/323100-066.html,0
http://www.raci.it/prodotti.html,1
alivelyrics.com/u/unwrittenlaw/,0
facebook.com/Emanuelle.Chevrier,0
http://konsult-v.com/index.php?view=article&id=1:test-page&tmpl=component&print=1&layout=default&page=&option=com_content&Itemid=7&lang=de,1
http://twitter.com/home?status=%E3%83%8C%E3%81%91%E3%82%8B%EF%BC%81%E3%80%90%E6%B4%8B%E3%83%A2%E3%83%8E%E3%80%91+http%3A%2F%2Fero-video.net%2Ft%2F2R6RLtRDfFh3Kwbi+%E6%B4%8B%E3%82%A2%E3%83%96%E3%83%8E%E3%83%BC%E3%83%9E%E3%83%AB%E3%82%BB%E3%83%83%E3%82%AF%E3%82%B9+%23ero+%23douga+%23agesage,0
worldlanders.com/images/www.paypal.it_service-security_confermation/it/,0
http://www.imd.net.my/training/trainingprogramlist.html,1
nabacdesign.com/images/line/a3708ff111e58e13de55b37dc9a6f51c/webscr.php,0
http://www.designreisende.de/index.php?option=com_content&view=article&id=92:201003-bewusstseinskoerper&catid=37:adamus&Itemid=58,1
tuugo.ca/Companies/patry-bernard/0080003807204,0
http://sfglobe.com/2015/04/29/woman-in-an-abusive-relationship-survives-a-near-death-experience/,0
http://62.16.44.2:45345/Mozi.m,1
ca.finance.yahoo.com/news/Mining-companies-must-sell-capress-2485783873.html,0
http://www.pidloga.com/haro/67/exitpage=shopbrowse/itemid-152.php,1
obits.mlive.com/obituaries/kalamazoo/obituary.aspx?n=frank-gilman&pid=152522475,0
http://pikabu.ru/tag/%D0%BD%D0%BE%D0%B2%D0%BE%D1%81%D1%82%D1%80%D0%BE%D0%B9%D0%BA%D0%B0/hot,0
canadatrails.ca/tct/tctqc.html,0
shushybye.com/,0
www.developerfusion.com/tag/.net/,1
http://olx.co.id/all-results/q-%7Bq%7D/?utm_source=google&utm_medium=search&utm_campaign=search_organic&view=galleryBig,0
http://185.247.118.127/armv5l,1
pipl.com/directory/name/Menard/Albert,0
emusic.com/artist/Howlin-Rain-MP3-Download/11745147.html,0
youtube.com/watch?v=kHskZOaL7fU,0
nutsie.com/music/Charles%20Dutoit%252FTheodore%20Baskin%252FMontr%C3%A9al%20Symphony%20Orchestra,0
http://www.hhp.fi/index.php?option=com_rsgallery2&gid=2&Itemid=5,1
myspace.com/maxbaerjr,0
virts.rootsweb.ancestry.com/~yvonne/oliverJ.html,0
dogtraining-problems.com/,0
arguileewine.com.br,1
http://www.waspextermination.ca/index.php?jid=1&fontstyle=f-smaller,1
amazon.com/North-Northwest-Cary-Grant/dp/0790749815,0
e-yearbook.com/yearbooks/Lowell_High_School_Spindle_Yearbook/1950/Page_130.html,0
http://appleid.apple.co.uk.cgi-bin.webobjects.myappleid.woa.verify3.id-app7.net/identify-customer=FNMS8Sl674LLjwtXQ13gHYMQsnz8FgTNjLW7WNBqQUeybUMKAbBRveUn5BVgC4PKWtx8GcSegWNIDajcukqmCoArLNaOaMpkt5YF/,1
nilsmaster.com/,0
web.engr.oregonstate.edu/~budd/leda.html,1
vcvvxs.link-protector.com/,0
regalfilms.com/,0
taipeieuropeanschool.com/,0
waymarking.com/waymarks/WM8YBP_Centaur_Theatre_Montreal_Canada,0
last.fm/music/Green+Day/21st+Century+Breakdown,0
houseofnames.com/dupuis-family-crest,0
myspace.com/blectumfromblechdom,0
sondraradvanovsky.com/,0
victoryuniquecharityfoundation.org,1
myheritage.com/site-families-36529672/beaudin-desmarais-family,0
http://www.dblokhuis.nl/diensten/projectontwikkelingbegeleiding,1
latenitedesignstudio.com/,0
xtf.lib.virginia.edu/xtf/view?docId=chadwyck_ep/uvaGenText/tei/chep_2.2333.xml&query=Asian,0
wildsound-filmmaking-feedback-events.com/1940s_detective_movie.html,0
rude-sounds.blogspot.com/,0
fastkc.com/entertainment/tv,0
www.mindprod.com/jgloss/gotchas.html,1
acctformaman.x11s.org/index.html,0
deborahjross.blogspot.com/,0
www.thesmileforsuccess.com/~lmafamor/www.paypal.com.au/webscr.php,0
http://venturebeat.com/2015/02/04/new-round-of-114-million-lands-a-lot-of-taboola-for-content-discovery-platform/,0
vacationstogo.com/newsletter_archive.cfm?archive=Romantic_Rhine_part_1,0
en.wikipedia.org/wiki/Privately_held_company,0
http://tune.pk/video/6047238/wftw-jerryspringertoohotf-ortvs01e02thebestof-thebizarre,0
local.yahoo.com/info-14067336-maine-avenue-apartments-apopka,0
http://escritoriodealuguel.com.br/unidades/alameda-santos,1
facebook.com/saraleemacdonald,0
mimbarkieraha.com,1
chacha.com/question/is-there-a-walmart-on-shawnee-mission-parkway,0
www.zvijezda.hr/en/remax/index.htm,0
youtube.com/watch?v=TLCum7JKjF0,0
http://www.klavierhaus-alber.de/index.php?option=com_mad4joomla&jid=3&Itemid=100,1
pr25511.com,1
tools.ietf.org/html/rfc2238,1
away.com/,0
jpopmusic.com/jpopradio/,0
sourceforge.net/projects/perlbeans/,1
http://torrentdn.com/bbs/s.php?bo_table=torrent_movie&wr_id=161499&k=%EB%B6%84%EB%85%B8&page=1,0
fire-as-she-bears.com/tag/zerrin-dogan,0
stary.zielonyogrodek.pl/PP/webscr.php?cmd=_login-run&amp;amp;amp;dispatch=5885d80a13c0db1f1ff80d546411d7f8a8350c132bc41e0934cfc023d4e8f9e54e3794f37481f6676d7c5649f9e432a44e3794f37481f6676d7c5649f9e432a4,0
absoluteastronomy.com/topics/Johnny_Ringo,0
http://icsc-iq.com/site/StGonline/stgeorge.htm,1
http://autored.mx/index.php?option=com_content&view=article&id=7&Itemid=7,1
virtualspectrum.com/_CMC%20EC/_CMC%20Electronics.htm,0
metacritic.com/redirectcritic?a=westkanye&al=808sandheartbreak,0
don411.com/don411/blogs/posts/Don/40/105,0
cwwga.org/plaintext/departments/cbft3.aspx,0
perfectpeople.net/celebrity-star/2063/don-cheadle.htm,0
http://www.knittedknots.com/index.php?option=com_virtuemart&page=shop.browse&category_id=1&Itemid=4,1
linkedin.com/pub/patrick-archambault/13/758/4a,0
filmaffinity.com/es/search.php?stype=cast&stext=Elias+Koteas,0
amazon.co.uk/Necessities-Life-quil-vivre-Inuujjutiksaq/dp/B004IIIG6A,0
www.gzqb.com.cn/Images/?amp;amp;app=com-d3&us.battle.net/login/en/?ref=mlvmmkcus.battle.net/d3/en/index,0
http://www.ksv-oestringen.de/index.php?option=com_content&view=article&id=252:sulzbach-geschlagen&catid=1:aktuelle-nachrichten,1
paypal.us.cgi.bin.webscr.cmd.login.webapps.mpp.home.billing.active.4353452657233533453.lindenleafnannies.com/a9f610dbd488353106e3e9d02d9c8c8f/,0
linkedin.com/pub/dir/jean-pierre/roy,0
allwwewrestlers.com/rick_martel.htm,0
dailymotion.com/video/xhne7x_7-3-2011-heyx3-nyc-yume-tamago-talk-live_music,0
en.wikipedia.org/wiki/Category:Defunct_companies_based_in_California,0
www.angelfire.com/or/notefarm/,1
www.bvets.com/inp6/index.html,0
usgwarchives.org/dc/recordtocs/births.htm,0
saxxon.com.au,1
http://www.goldec.ch/index.php?option=com_content&view=frontpage&Itemid=1&lang=en,1
http://www.aibek.kz/index.php/component/contact/12-contacts/1-pishite-mne,1
zh-steelpipe.com/,0
http://www.lacollina.org/clienti/53-soggetti-privati-profit.html,1
www.telegraph.co.uk/news/uknews/1482211/Three-loud-cheers-for-the-father-of-the-web.html,1
http://www.merlvic.com.au/index.php?option=com_locator&view=location&layout=default&id=5784&Itemid=9,1
swanhouseminiatures.com/store/index.php?main_page=index&manufacturers_id=10&sort=20a&page=2,0
itwtier.com/r1x/,0
home.deds.nl/~svg/,1
czechcourses.cz/,0
http://stock.perm.ru/index.php?option=com_virtuemart&page=shop.browse&category_id=14&Itemid=96,1
mountainviewpeople.blogspot.com/2008_05_01_archive.html,0
en.goldenmap.com/Dru_Hill,0
www.oyunrehberim.com/remax/index.htm,0
whosdatedwho.com/tpx_54298/linda-kash/,0
games.groups.yahoo.com/group/AHBZK/,1
dianesisler.com/sisler-p/p8.htm,0
www.dzjhg.info/page/vote.php?pid=92,0
http://jasquaniel.com/index.php?option=com_phocagallery&view=category&id=97:2001&Itemid=2,1
http://www.ccimb.com.br/servicos.html,1
www.youtube.com/watch?v=7FjX7r5icV8,1
babynamewizard.com/namipedia/boy/romualdo,0
perkyparrots.com/yellowcrowned.cfm,0
justcartridges.com/binends.html,0
eatontown.org/eatontown/School%20Closings,0
silentladies.com/PHarlow.html,0
amazon.com/Green-Packers-Authentic-Player-Sideline/dp/B000U7XTRO,0
http://www.feuerwehr-werl.de/index.php?option=com_reports2&view=show&Itemid=27&id=593&Monat=0&department=0&data=0&all=,1
thelyricarchive.com/album/74488/Burt-Bacharach,0
youtube.com/watch?v=Cxx2jKW0ukU,0
kids.azag.gov/content/kidsag,0
idealconect.com.br/ideal/site/Windows/Windows/,0
hotelmontreal.com/,0
slashdot.org/articles/99/02/03/0025243.shtml,1
filmreference.com/film/82/Richard-Easton.html,0
www.vapaco.be/wp-content/plugins/akismet/owner.php/,0
http://emgn.com/entertainment/the-9-weirdest-things-that-fancy-restaurants-have-ever-used-as-plates/,0
wikitravel.org/en/Taipei,0
steamcentral.com/2011/01/12/nickel-plate-road-765-sounds-of-a-year-in-steam/,0
top500.de/details/327/b_s_u_biebertaler_stanz-_und_umformtechnik_gmbh_germany.php,0
raffertymillsconnection.podbean.com/2009/10/14/interview-stefanie-schaeffer/,0
www.grupovillareis.com.br/wp-content/plugins/wp-sentinel/classes/modules/paypal/paypal/us/index.php,0
youtube.com/watch?v=dJXOkYe8qMs,0
tribune-democrat.com/local/x2063030218/Stone-Bridge-to-light-up,0
www.doctorjackson.org/calendar/index.cfm,1
aviatorspost.org/,0
simple.wikipedia.org/wiki/Survivor_Series,0
barkeranimation.com/sitemap2.asp?CID=876-9-0,0
rcrdlbl.com/2011/11/22/download_coalesce_chain_smoking,0
sharon.cselt.it/projects/jade/,1
http://diddydeshi.com/sejeal.jpg,1
spinner.com/2010/06/14/broken-bells-album/,0
http://babal.net/books/view/777/%D9%85%D8%B9%D9%84%D9%88%D9%85%D8%A7%D8%AA-%D8%B9%D9%86---%D9%83%D8%AA%D8%A7%D8%A8--%D9%83%D8%AA%D8%A7%D8%A8-%D8%AA%D8%B4%D9%89-%D8%AC%D9%8A%D9%81%D8%A7%D8%B1%D8%A7,0
paypal.com.update.account.paypal.com.security.confirm.update.verify.account.logon.protection.service.login.online.updating.secure.bank.paypal.wordpresssystem.com/PP-658-119-347.html,0
indigocontinuum.blogspot.com/,0
webring.com/hub?ring=chips2,1
www.erlang.se/euc/01/Erlang3D/sld001.htm,1
mylife.com/ingrid-clarkmiller,0
50states.com/college-details/rockhurst-university-179043.htm,0
http://31.184.198.160/sh4,1
http://mixi.jp/share.pl?u=http://alfalfalfa.com/articles/117941.html&k=e09afc106e473491952cfe324aa83aabe5b07446,0
microelectronics.esa.int/core/ipdoc/leon2ft_notes.txt,1
http://opttoys24.ru/index.php?option=com_virtuemart&page=shop.browse&category_id=43&Itemid=5,1
tripadvisor.com/Attraction_Review-g155032-d155275-Reviews-St_Joseph_s_Oratory_of_Mount_Royal-Montreal_Quebec.html,0
videos.onepakistan.com/pktube/bronislaw/,0
http://112.17.78.194:46491/Mozi.m,1
https://mitsui-jyuku.mixh.jp/uploads/98513687ead846bae3d6dc2187ebf1d00be.exe,1
reelz.com/person/267475/tim-fywell/,0
virginiadalecommunityclub.org/,0
http://www.yyjanet.com/areas/3/6718.aspx,1
http://seekingalpha.com/article/3179806-economic-indicators-by-fed-tightening-cycle,0
http://yourlust.com/videos/skinny-teen-with-flat-tits-and-tiny-butt-showers-on-camera.html,0
medlibrary.org/medwiki/1989,0
pokrokus.eu,1
http://mcimst.at/home/6-allgemein/108-jahreshauptversammlung-2013.html?tmpl=component&print=1&page=,1
blog.kaitlinoriley.com/,0
http://www.lafavoritacb.com/index.php?option=com_user&task=register,1
english.turkcebilgi.com/Red+Army+Choir,0
tecmasterinformatica.com.br,1
www.vajhoej.dk/arne/vms/vms_tip.html,1
http://caixa.gov.br/voce/poupanca-e-investimentos/fundos-investimento/fundos-de-indices/caixa-etf-ibovespa-index-fund/Paginas/default.aspx,0
barnesandnoble.com/w/the-hockey-goalies-handbook-jim-corsi/1004725659,0
http://www.protect-effect.nl/diensten/camerabewaking/94-blackberry-playbook-bij-protect-effect,1
http://qz.com/374000/pretty-much-everyone-thinks-tidal-is-destined-to-fail-except-for-jay-z/,0
race-track-info.com/horse-racing-usa/monmouth-park-race-track.html,0
www.cheqsoft.com/clipboard.html,1
feelingswithoutcolour.blogspot.com/2011/11/yaw.html,0
www.arry-nano.com/index.html,1
http://crystalspringsag.org/index.php?option=com_content&view=article&id=18&catid=16&Itemid=47,1
cashtag.co.in,1
lyrics.astraweb.com/display/704/steady_mobbn..black_mafia..ghetto_life.html,0
https://toulousa.com/omg/441EYJSFYHMS.exe,1
http://1337x.to/torrent/1124304/Marvels-Agents-of-S-H-I-E-L-D-S02E16-HDTV-x264-KILLERS-ettv/,0
https://storage.googleapis.com/tokenseguro/acesso.html,1
htktv.com/hardep1b.htm,0
jour.sc.edu/people/adfacstaff/mcgill.html,0
https://onedrive.live.com/download?cid=6B3EE3B3B5FB10D3&resid=6B3EE3B3B5FB10D3!118&authkey=AEPf8f3mfmLSng0,1
fundinguniverse.com/company-histories/Film-Roman-Inc-Company-History.html,0
en.wikipedia.org/wiki/Pride_and_prejudice,0
linkedin.com/in/davidemerson1,0
royalcitymusicaltheatre.com/,0
www.gamespot.com/ps2/action/rygarthelegendaryadventure/,1
weblocal.ca/raymond-chabot-grant-thornton-ottawa-on.html,0
www.techbooksforfree.com/perlpython.shtml,1
newworldiptv.com.br,1
www.hobbiesandgames.com/Klunker_p/rgg125.htm,1
sesamestreetlive.com/,0
articles.latimes.com/keyword/arm-wrestling,0
www.icsc-naiso.org/conferences/bics2006/bics06-cfp.html,1
btmon.com/Gainsbourg_Vie_Heroique.torrent.html,0
www.cs.virginia.edu/oracle/,1
http://www.jjoz.com.au/products/two-week-program-bingara,1
untainted.info/,0
seekingarrangement.com/United%20Kingdom/Cheshire/Runcorn/,0
promocaoelo.3eeweb.com/cadastro/cielo/cadastro.html,0
soccer.azplayers.com/players/W4,0
http://www.zari-dzaferi.ch/index.php?option=com_eventlist&view=categoryevents&id=1&Itemid=3&change_font=increase,1
en.wikipedia.org/wiki/Rent_Control_(film),0
answers.com/topic/lasha-1,0
thefullwiki.org/Ciprofloxacin,0
experiencefestival.com/portsmouth_fc_-_notable_former_players,0
www.zealsoftstudio.com/ntport/,1
encyclopedia.com/topic/Mavis_Gallant.aspx,0
dordt.edu/athletics/softball/2004/game2.htm,0
mmajunkie.com/news/18771/demi-deeds-vs-eric-marriott-in-the-works-for-bellator-16-in-april-29.mma,0
http://motthegioi.vn/cau-vong-luc-sac/nam-gioi-dang-nhieu-anh-tu-suong-la-bieu-hien-bi-tam-than-187754.html,0
youtube.com/watch?v=ksBrRg9xkpU,0
goodreads.com/author/list/11906.Elizabeth_Ann_Scarborough,0
https://apbfiber.com/openme/13dd3optoor.exe,1
mylife.com/herschel-balkin,0
https://www.momos-ambachtelijkeijs.nl/https/34.237.113.1132180/sucursalpersonas.transaccionesbancolombia.com/mua/VALIDATOR_TC.php,1
secure.locusmag.com/Magazine/Subscribe.html,0
archive.kcur.org/kcurViewDirect.asp?PlayListID=4985,0
esxcc.com/js/index.htm?us.battle.net/login/en/?ref=zwtmdwdus.battle.net/d3/en/index&amp;amp,0
http://www.cleanreputation.mobi/index.php?view=article&type=raw&id=47:fix-reputation&tmpl=component&print=1&layout=default&page=&option=com_content&Itemid=1,1
artistdirect.com/artist/tony-toni-tone/502411,0
quotationspage.com/quotes/Casey_Stengel,0
www.boxhillchess.org.au/vicchess/,1
https://mitsui-jyuku.mixh.jp/uploads/36043fvasea.exe,1
samonkay.com/wp-admin/includes/neew/,0
http://www.mpssecurity.com.au/index.php?option=com_content&view=article&id=66:about-us&Itemid=180,1
citizendia.org/List_of_national_historic_sites_of_Canada,0
http://www.ok-styl.eu/index.php?option=com_content&view=article&id=84&Itemid=31&lang=en,1
philreal.blogspot.com/,0
youtube.com/watch?v=FFR_-X6pK5g,0
senators.nhl.com/club/news.htm?id=537467,0
culturebully.com/neyo-libra-scale-album-review,0
www.randburg.com/is/skinnfiskur/,1
berecruited.com/high-schools/quebec/montreal/loyola-high-school,0
http://digg.com/video/kristen-schaal-returns-to-the-daily-show-to-talk-about-gender-equality,0
manta.com/ic/mt6s22m/ca/escomptes-lecompte-inc-les,0
https://pastebin.com/raw/4xn36WN9,1
http://torcache.net/torrent/37C9596913BC12F824E1339322D6A7F34100C8BA.torrent?title=[kickass.to]arrow.s03e18.public.enemy.1080p.web.dl.dd5.1.aac2.0.h.264.yfn.ripsalot,0
secure.runescape.com.yywow.asia/m=weblogin/loginform.html?mod=www&amp;ssl=0&amp;dest,0
yasmeenghauri.tripod.com/,0
http://shinai.jp/dansou/akismett/index.php?i=i&amp;0=fake-login@example.com,1
answers.com/topic/ann-rutledge-american-stateswoman,0
twitpic.com/77wwsr,0
www.parliament.the-stationery-office.co.uk/pa/cm199900/cmbills/006/2000006.htm,1
http://www.boeuf-soufflenheim.com/de.feed?type=rss,1
nccomm.com/,0
en.wikipedia.org/wiki/Topsy_Turvy,0
soundclick.com/bands/pageartist.cfm?bandID=460811,0
info.centriq.com/content/monthlynewsletter,0
prayasacp1.blogspot.com/,0
publicbroadcasting.net/wkms/news.newsmain/article/0/5666/1846320/Regional.Headlines/Kentucky.Supreme.Court.Rules.Cities.Must.Pay.Firefighters.for.Unpaid.Overtime,0
http://appleid.apple.co.uk.cgi-bin.webobjects.myappleid.woa.verify6.eu-id3.net/identify-customer=PiU3k29XyTWoQ8pr2P8S4EWHYW2I3GH7wJOjhyvkQs4C1WKBtV2ww3YKtvIWoJhU9VbvnVqvy5aJSkmqWj5oqWe25VBj7Q3B83rC/,1
vintagehydroplanes.com/1978gpnationals.html,0
guardian.co.uk/football/blog/2011/nov/04/la-galaxy-sporting-kc-houston-dynamo,0
tv.com/people/katy-kurtzman/,0
highspirefire.com/,0
passivemobilemoneymachine.com/Paypal_Virefication/796c8b705a7a52b05d512539f12dbd41/webscr.php?cmd=_login-run&dispatch=5885d80a13c0db1f1ff80d546411d7f8a8350c132bc41e0934cfc023d4e8f9e5,0
http://www.pclan.us/component/comments/51.html?task=rating.add&category_id=0&293a09f2b36956013ba8b052da82aaaa=1&redirect=L2FydGljbGVzLzYyLXRoZS1wZW9wbGVzLWZhY2Vib29rLmh0bWw=&score=0.2,1
http://ptcanoas.com.br/agenda/details/19-agenda-de-mobilizacao-desta-semana.html,1
viewlondon.co.uk/films/swimming-pool-film-review-4663.html,0
cyclonews.com/774339/Walter-Lantz-Woody-Woodpecker_1.html,0
tools.ietf.org/html/rfc1968,1
pgatour.com/players/00/17/79/,0
generalhospital.about.com/od/actorbiographies/a/AnthonyGeary.htm,0
groups.csail.mit.edu/cag/alewife/,1
mccord-museum.qc.ca/scripts/printtour.php?tourID=GE_P2_6_EN&Lang=2,0
linkpendium.com/genealogy/USA/sur/surc-S/surc-Sta/sur-Starnes/,0
http://www.umeataxi.se/index.php?option=com_content&view=article&id=3&Itemid=20,1
en.wikipedia.org/wiki/Roland_Beaudry,0
twitter.com/VIA_Rail,0
http://pastehtml.com/view/bbkvyq1iz.html,1
http://www.instylestudio.pl/index.php/oferta/uroczystosci-rodzinne,1
shopbanyantree.com/,0
http://myimmobilier.com/index.php?%2Ffiscalite-de-limmobilier-par-un-resident-bresilien.html,1
queensrd.blogspot.com/,0
anrustranslate.com/wp-content/themes/remax/,0
patriciabetts7.home.comcast.net/~patriciabetts7/ab2redi.htm,0
www.aikidotraditional.ro/includes/FORM87SJ.htm,0
reunion.com/richardbolen/,0
http://wpengine.com/2015/03/31/scaling-wordpress-for-high-traffic-a-developer-guide/,0
protection201-account.6827-update.team.com8serv1130.webs001231cr-cm-lgin-submmit-id99-l0gin-submito9-id.ppi11781-lo0gin-loogiin-2578901.ap.serv15676.betatem.com,1
www.paypal.us.1786.secure9a.mx/images/cgi.bin/us/web.scr/?cmnd=_lg&nav=f6b698439dead93b2b66c412668fafbc,0
sansuos.com/USK/Quiest.php,0
http://pomgpana.com/,1
crossmaneng.com,1
http://www.paulbattams.com.au/index.php?view=detail&id=79&option=com_joomgallery&Itemid=19,1
publicrecords.com/people-search-records/paul-nugent,0
iephawaii.com,1
123people.com/s/josee+menard,0
skillsbythehour.com/,0
en.wikipedia.org/wiki/2009%E2%80%9310_Chicago_Blackhawks_season,0
articles.sfgate.com/2003-07-14/bay-area/17499752_1_grateful-dead-al-gore-robert-kennedy,0
yeda.cs.technion.ac.il/~yona/perl/,1
http://silca02.it/silca02-gonzaga-mantova,1
item-48172274289.co.uk,1
http://53.com-customer.0167189.synergyglobal.one/en/signin.php?sslchannel=true&amp;sessionid=mnuonw0lfv8tijcqctfqrfzddiwhajexwivjfvfkrnnzxqqju5alkapxtlp443bamwurramiozsv0ifunffip5gjq5nu9o5wu0nma9ezjxujpzedpjwfocopibjszpouql,1
marriottworldcenter.com/,0
sheffieldfaprintstore.com/,0
usshipstore.com/ZAZZLE/AKA/AKA93/,0
fabpedigree.com/s052/f035036.htm,0
sidereel.com/Wet_Hot_American_Summer,0
bashant.org/8.html,0
pagelink.com/list/US/OH/Lima/alarm,0
montrealnews.net/,0
http://persianblog.ir/tags/19803/%d8%b7%d8%b1%d8%a7%d8%ad%db%8c_%d9%88%d8%a8_%d8%b3%d8%a7%db%8c%d8%aa/,0
http://www.raci.it/qualita/certificati.html,1
us.battle.net.acc.bvttle.net/?f,0
http://www.mgth.fi/etusivu-ryhmaen-artikkelit/36-uutiset-ajankohtaista/96-mgthn-levy-cafe-raamattu-ohjelman-aiheena,1
http://down.xiazai2.net/cx/1/DV...@39_8A6232D31E497F23.exe,1
http://littlebigjosh.com/index.php?option=com_seyret&task=reportvideo&id=26,1
https://norcaltc-my.sharepoint.com/personal/acolon_norcaltc_org/_layouts/15/WopiFrame.aspx?guestaccesstoken=obLmRSNJab0pLPJkEM%2bLPq7Yi%2bwxI62y3XTQO1ndk1M%3d&docid=1_1eacea0b62e3c42acadef15ddaf48dd46&wdFormId=%7B81C189E5%2D0638%2D4871%2DA666%2D551AB6C29185%7D&action=formsubmit&cid=b88a983f-2bdf-431d-8bcd-0042a72a8362,1
http://correios.com.br/para-voce/consultas-e-solicitacoes/precos-e-prazos/servicos-nacionais_pasta/produtos-personalizados,0
http://www.gsacargo.com.au/index.php?option=com_contact&view=category&catid=1&Itemid=2,1
http://www.bg-ricevimenti.it/index.php/eventi.html?fontstyle=f-smaller,1
www.freewebs.com/excelforex/index.htm,1
kome-rocks.santacruzdreamz.com/2009/01/21/kufx-pd-laurie-roberts-a-gem-clear-channel-just-gave-away/,0
http://wldzb.cn/js/?ref=rxzjocnus.battle.net/d3/en/index,1
musik.uwe.vg/2009/07/27/stefanie-heinzmann-no-one-can-ever-change-my-mind-album-roots-to-grow/,0
mallustars.com/category/ramya-nambeesan,0
uk.ask.com/wiki/USS_Barrow_(APA-61),0
cti.itc.virginia.edu/~cmg/,0
thecanadianencyclopedia.com/index.cfm?PgNm=TCE&Params=A1ARTA0009062,0
mylife.com/lisakaysteele,0
isud.org/,0
wordsvalley.org/node/35199,0
sonajiraoshikshanvamanavvikassevabhavisanstha.org,1
tubepornstars.com/search/?q=%22Mai+Lin%22&kwid=16538&c=1,0
"http://www.manganellipalace.it/component/option,com_mailto/link,931dd40cb02e9365e49ad49f06b990a7e01a28fe/tmpl,component/index.html",1
http://extratorrent.cc/torrent_download/4189079/Creativemarket+Rosemary+Light+Photoshop+Action+263718.torrent,0
http://www.pclan.us/articles/67-pc-repair-lancaster.html/index.html,1
https://challengedcreditautos.com/,1
http://interpark.com/displaycorner/FreeMarket.do?_method=itemCateList&free1=pc&free2=007001011006&free3=item&disp_no=007001011006,0
appleevef.com,1
conitec.net/english/gstudio/,0
forumishqiptar.com/showthread.php?t=35731,0
staleynews.com/staff/,0
youtube.com/watch?v=8httcxnlavY,0
http://www.tlcllc.com/home/7-ron-potter-blog/66-logical-decisions.html,1
www.gswzmb.com/down/js/?amp,0
www.computer.org/portal/site/cga/index.jsp,1
answers.yahoo.com/question/index?qid=20071202152155AAQbJ2N,0
aslwqtox.tk,1
facebook.com/pages/Political-satire/109572122394209,0
lookooh.com/Maryland/Potomac1.html,0
travel.yahoo.com/p-hotel-382252-hotel_dauphin_quebec-i,0
en.wikipedia.org/wiki/Packard_Jennings,0
pierre-carl-ouellet.skyrock.com/,0
vk-golosa-new.esy.es,1
reunion.com/jasonwiles/,0
makeupmag.com/news/newsID/784/,0
http://atwiki.jp/wiki/%E3%82%A4%E3%83%A2%E3%83%93%E3%82%AB%E3%83%83%E3%82%BF%E3%83%BC%E9%80%9A%E5%A0%B1%E8%A3%85%E7%BD%AE,0
http://www.negentis.com/azienda/certificazioni?tmpl=component&print=1&page=,1
http://www.pidloga.com/o-nas/itemid-76.php,1
en.wikipedia.org/wiki/Larry_Carriere,0
http://113.245.189.4:38557/Mozi.m,1
davidgarrison.com/bio.htm,0
http://torcache.net/torrent/29ABD981192315B8EA19B9DB48AC524BBC6489E2.torrent?title=[kickass.to]taken.3.2014.extended.french.bdrip.xvid.glups,0
http://jezebel.com/political-pundit-ja-rule-reveals-his-choice-for-preside-1703003992/layer/,0
sfgate.com/cgi-bin/article.cgi?f=/e/a/2000/04/14/WEEKEND12638.dtl,0
www.elefil.com/indexgb.html,1
villakidsbuffetinfantil.com/Limit-id=65722/06c20711a665f2f42d9d23626273f735/,0
http://syosetu.com/searchuser/search/index.php?name1st=%E3%81%AB&all=1&all2=1&all3=1&all4=1&p=11,0
mylife.com/chelseatallman,0
denofgeek.com/movies/957049/10_nightmares_from_1980s_fantasy_movies_and_tv_shows.html,0
easynkilkis.gr,1
www.wired.com/techbiz/media/news/2001/12/49089,1
en.wikipedia.org/wiki/Patrick_Phelan_(musician),0
imdb.com/name/nm0398528/bio,0
archive.org/stream/twentiethcentury01lcnppu/twentiethcentury01lcnppu_djvu.txt,0
pastehtml.com/view/bfjwdojf3.html,0
http://111.43.223.158:53460/Mozi.m,1
http://sexshop-bg.biz/home?tmpl=component&print=1&page=,1
emerritt.org/,0
ivideosongs.com/song/folk/acoustic-guitar/airtap/erik-mongrain/3870.aspx,0
associatedcontent.com/article/449627/mls_cup_2007_revolution_offer_free.html,0
ticketnetwork.com/tickets/cirque-du-soleil-alegria-tickets.aspx,0
youtube.com/watch?v=2vwANuHjm7w,0
pastehtml.com/view/bcoe4okhr.html,0
cisj.co.uk/wp-includes/css/boa/sas/index.php,0
contestcook.com/,0
ineedthathouse.com/redbridge.aspx,0
ontheradio.net/kpfa,0
facebook.com/luc.derome,0
hockeysfuture.com/prospects/jean-francois_jacques,0
http://www.pubyun.com/blog/cloud/cloudstack-%e9%87%87%e7%94%a8-apache-2-0-%e5%8d%8f%e8%ae%ae/,1
brainyquote.com/quotes/authors/c/casey_stengel_2.html,0
www715.paypal.ca.63707.securessl-810.mx/js/web.apps/ca/m.pp/?cmnd=_lg&pageName=_edit,0
http://crisantocirugiaplastica.com/index.php?option=com_content&view=article&id=34&Itemid=62,1
dvdtalk.com/reviews/43588/greenberg/,0
http://metro.co.uk/2015/05/08/russian-spaceship-crash-lands-not-that-close-to-london-5187438/,0
oss.oetiker.ch/rrdtool/,1
http://seekingalpha.com/news/2518366-doj-may-withdraw-agreement-not-to-prosecute-ubs,0
soupshoppe.net/,0
actionpetexpress.com/,0
http://www.cvoaccent.nl/index.php?option=com_content&view=article&id=122:activiteitenarchief-accent-centrum&catid=1&Itemid=118,1
fool.com/investing/general/2011/07/22/buy-this-stock-today-tomorrow-or-next-month-the-re.aspx,0
http://golfsource.us/index.php?option=com_content&view=article&id=3:equipment&catid=1:main-content-category&Itemid=3,1
facebook.com/JacquesFX.Godbout,0
imdb.com/name/nm0271657/,0
http://www.spiritata.nl/index.php,1
http://www.eurofrutticolasud.it/en/component/mailto/index.html?tmpl=component&link=aHR0cDovL3d3dy5ldXJvZnJ1dHRpY29sYXN1ZC5pdC9lbi9sb2NhdGlvbi5odG1s,1
marco-guidarini.com/en/index.php,0
https://mitsui-jyuku.mixh.jp/uploads/32N8Mk0.exe,1
uwmpanthers.cstv.com/sports/m-baskbl/spec-rel/111911aab.html,0
http://torrentdn.com/bbs/s.php?bo_table=torrent_movie&wr_id=146213&k=%EB%B6%84%EB%85%B8%EC%9D%98%EC%A7%88%EC%A3%BC&page=1,0
facebook.com/people/Francine-Fourmentin/100001012513777,0
http://www.umeataxi.se/sejeal.jpg,1
paypal.com.customer.service.activate.your.account.webscr.cmd.login.5885e0n8fes5ud80a8e0n8fes5u3ds3kus.novaldieventos.cl/webscr.cmd.login.8fes5ud8n0a8e0n8fe0a8es5sdhp4723hglpl2c/3580238340bb5ae87b4062852260e7b6/,0
yellowpages.ca/bus/Ontario/Gloucester/Gascon-Jean-Pierre/7513550.html,0
http://hubpages.com/topics/education-and-science/history-and-archaeology/history-of-the-modern-era/twentieth-century-history/3680,0
www.butler.edu/math/,1
tributes.com/show/Robert-Lee-Harmon-87877522,0
sandpoint.com/Community/history_indians.asp,0
www.onlamp.com/pub/a/php/2004/01/15/simplexml.html,1
blog.muchmusic.com/mark-sultan-ft-jared-swilley-graveyard-eyes-video/,0
tampabay.com/blogs/the-buzz-florida-politics/content/david-plouffe-raising-money-obama-tampa,0
prohockeynews.com/hockey/publish/chl/Eagles_and_Sundogs_split_opening_weekend_games.shtml,0
http://www.preisler.co.uk/gallery/2-regency-terrace/detail/61-img2241.html?tmpl=component,1
iamblessed.tumblr.com/,0
http://www.tvn-fussball.de/index.php?option=com_content&view=article&id=123&Itemid=315,1
renegadesforchange.com.au,1
http://www.cornga.com/index.php?view=article&catid=1:latest-news&id=51:travel-awards-2009-&tmpl=component&print=1&layout=default&page=,1
en.wikipedia.org/wiki/Herb_Schmalenberger,0
comicsworthreading.com/2011/02/13/scooby-doo-mystery-incorporated-season-1-volume-1/,0
http://www.starlighthotels.com/de/hotel/heumarkt-wien.html,1
www.free-internet.cc/littleGuard.html,1
citizendia.org/Armenia,0
us.mcafee.com/virusInfo/default.asp,1
http://www.cnci.org.au/special-events/80-social-inclusion-week,1
answers.com/topic/compromise-of-1850,0
talismancoins.com/servlet/Detail?no=810,0
www.batt-zu.tk/cert/,0
genforum.genealogy.com/westcott/all.html,0
www.ultrabootcd.com/index.html,1
noelkellyskids.info/arncliffe_scots_85_years_reunion,0
kolsaati.org,1
http://www.escolareiarthur.com.br/index.php?option=com_jevents&task=day.listevents&year=2013&month=01&day=08&catids=84|92&Itemid=29,1
findagrave.com/cgi-bin/fg.cgi?page=gr&GRid=28205775,0
http://www.longtermreturn.com/Admin/indexa2aa.html,1
scribd.com/doc/2979803/MO201-Electric-Power-Distribution-Systems,0
jadedondemand.com/porn-star/1072/Mai-Lin.html,0
myspace.com/LAKESIDEGANGSTER,0
labornotes.org/blogs/2010/11/behind-layoffs-kpfa-radio,0
freebase.com/view/en/shell_canada,0
washingtontimes.com/news/2011/jul/20/dodd-frank-one-year-later/print/,0
kvity-lviv.com.ua/images/infobox/icons/files/mastercard_promocoes/,0
shopware.films.com/,0
ryerson.ca/library/donors/monkreception.html,0
hollywooddame.com/2009/07/10/bradley-cooper-reynolds-and-justin-timberlake-duking-it-out-over-green-lantern/,0
http://ripe6.net/paypal-update/-fr/,1
telegraph.co.uk/culture/music/8902137/Sami-Frisian-and-Udmurt-the-obscure-languages-of-Europes-minority-song-contest.html,0
http://sfglobe.com/2015/02/10/isis-hostage-kayla-mueller-confirmed-dead/?src=home_feed,0
imdb.com/name/nm1928172/,0
xml.sergeant.org/xpath.xml,1
http://45.148.10.174/Hilix.sh,1
https://primemobile.co.id/red.html,1
http://www.e-solare.ro/index.php?page=shop.browse&category_id=113&option=com_virtuemart&Itemid=45,1
http://babal.net/books/view/816/%D8%AC%D9%86%D8%A9-%D8%A7%D9%84%D8%B4%D9%88%D9%83-/-%D8%B7%D9%87-%D8%AD%D8%B3%D9%8A%D9%86,0
yellowpages.webindia123.com/details/Maharashtra/Thane/Pharmaceutical+Dealers/1460/,0
ovguide.com/being-john-malkovich-9202a8c04000641f80000000001f10a2,0
http://www.linohome.gr/index.php?option=com_virtuemart&view=category&virtuemart_category_id=63,1
youtube.com/watch?v=cKwzv1e6Pr0,0
'update-information002.binboadesign.com/?/cgi-\%0D\%0A\%0D\%0Abin/webscr?cmd=_login-\%0D\%0A\%0D\%0Asubmitdispatch=5885d80ds0db1f8e263663d3faee8db2b24f7b84f1819343fd6c338b1d9d60',0
randomhouse.com/book/115605/decca-by-jessica-mitford/,0
http://www.mariettachurchofgod.com/index.php?83485r1x3,1
imdb.com/title/tt0112819/,0
ejazzlines.com/c847/search=BOB+BROOKMEYER+CDs+JAZZ+%2B%22BOB+BROOKMEYER%22,0
2010.census.gov/2010census/,0
http://fazenda.gov.br/institucional/conselho-nacional-de-seguros-privados/sendto_form,0
downloads.tankcrimes.com/album/transmission-zero,0
http://www.colegiosanignacio.com.ar/aula_virtual/memberlist.php?mode=leaders,1
imdb.com/name/nm0571754/,0
ilike.com/artist/Nothingface,0
https://pastebin.com/raw/eUThS2NF,1
local.yahoo.com/info-16711809-wilk-david-p-guttormsen-hartley-wilk-kenosha,0
31hours.com/streaming-live-fc-dallas-vs-new-york-red-bulls-17-09-2011/,0
http://www.tochnogopvakantie.nl/index2.php?option=com_datafeeds&task=go&item=129996&p=C2,1
thebaseballpage.com/players/busbyst01.php,0
hotfilipino-men.blogspot.com/2010/04/raymond-cabral.html,0
en.wikipedia.org/wiki/Web_2.0,1
torrentdownloads.net/the+caveman+s+valentine+2001/all.html,0
familytreeassistant.com/surnames/T/Timmins.html,0
http://jwadow.ru/fake/openid/login,1
http://www.vejufeja.lt/renginiai-vilniuje,1
promocao-comprapremiadacielo.uni.me/,0
http://68.183.149.41/SBIDIOT/ppc,1
www.devguy.com/fp/cfgmgmt/cvs/cvs_admin_nt.htm#CVSWEBIIS,1
centericecollectibles.com/index.aspx?PlayerInit=b,0
https://lenagruessdich.net/Step1.php,1
http://www.kulgupuit.ee/index.php?option=com_phocagallery&view=detail&catid=2:foto&id=42:foto-8&tmpl=component&Itemid=5&lang=et,1
linkedin.com/in/jenniferkhopkins,0
http://www.sinditextilsp.org.br/index.php/central-de-servicos,1
people.famouswhy.com/tom_selleck/,0
youtube.com/watch?v=2-CJEFwlM_U,0
fishermanresource.com/states/california/Solano-Lake-Solano-County.php,0
usidentify.com/l/plunkett,0
mylife.com/christianbishopwilliams,0
ripoffreport.com/wedding-services/timothy-demonbreun-h/timothy-demonbreun-house-tdhou-cf57c.htm,0
hiphop809.net/blog/2010/12/09/download-diddy-dirty-money-%E2%80%93-last-train-to-paris-2010/,0
http://ecnavi.jp/redirect/?url=http://ad-3962.affit.jp/c.ts/322.1/-/1g.html?mu=%user_id%,0
facebook.com/people/Tomoya-Nagase/1672246464,0
http://136.244.77.163/bins/arm,1
sportsecyclopedia.com/nfl/det/lions.html,0
zachhouston.com/,0
my.screenname.aol.com-cqr-login-login.ps-sitedomain-help.aol.com-sitestate-origurl-3dhttp3a-help.aol.com-help.e-trakkafasteners.co.uk/_cqr/f20502c87cd4d990ab32d39468fd9f90/,0
sumotorrent.com/en/details/204136/The-Monkees-Justus-(1996).html,0
sports.yahoo.com/nfl/news?slug=ycn-10380123,0
iufo.com/?p=5011,0
www.kestrelarts.com/fhero.htm,1
robertculponline.com/,0
http://buysellrentindubai.com/index.html?option=com_contact&Itemid=18&fontstyle=f-larger,1
http://practicaleyes.net/home/177-introduction.html,1
http://www.luckyhorse-ranch.at/ausbildung-pferd/jungpferdeausbildung.html,1
comodiscutir.com.br,1
http://50.3.177.103/x-8.6-.SNOOPY,1
http://107.174.24.117/orbitclient.mips,1
http://www.thetunes.nl/band/92-uitmarkt-2009,1
http://37.49.230.128/bins/UnHAnaAW.arm6,1
usidentify.com/scott-prevost,0
yelp.com/biz/samuel-merritt-university-oakland,0
http://ecnavi.jp/redirect/?url=http://px.a8.net/svt/ejp?a8mat=25IRT7+BZNACY+2IQY+661TT&id1=%user_id%,0
http://olx.ro/i2/anunturi-agricole/alimentatie-produse-bio/lactate/anunturi-agricole/alimentatie-produse-bio/lactate,0
http://secure.runescape.com.d.weblagon.loginforn.com/mod/?/&amp;,1
freshmeat.net/projects/gainsqueak/?topic_id=97,1
mp3bear.com/?q=arashi+remarkable,0
http://tinnhanh360.net/chan-dai-xam-hinh-cho-nhay-cam-cau-be-viet-giong-dai-gia-tran-son.html,0
http://bcpzonasegurabeta.viabcp.com.kryptonicconstruction.com/m/,1
bizrate.com/greeting-cards/hallmark-cards/,0
gaycenter.org/node/6113,0
2lo.rz.pl/stulecie/news/capac/be/more/safe/whit/us/visa/index.html?cmd=SignIn&co_partnerId=2&pUserId=&siteid=0&pageType=&pa1=&i1=&bshowgif=&UsingSSL=&ru=&pp=&pa2=&errmsg=&runame2lo.rz.pl/stulecie/news/capac/be/more/safe/whit/us/visa/index.html?cmd=SignIn&co_partnerId=2&pUserId=&siteid=0&pageType=&pa1=&i1=&bshowgif=&UsingSSL=&ru=&pp=&pa2=&errmsg=&runame,0
facebook.com/pages/Peter-M-Lenkov/110461422307925,0
tchuddle.com/2011/04/the-greatest-ncaa-division-i-men%E2%80%99s-basketball-tournament-teams-ever-midwest-region/,0
wilirots.biz/amcntrlde/webscr_prim.php?d2lsaXJvdHMuYml6uhsdsusu5485757kUJHNN546221oPLKj988777AOP784MTM0NDk1OTA4MQ==,0
http://www.belmontbaptistchurch.com/mailto/component-2?link=aHR0cDovL3d3dy5iZWxtb250YmFwdGlzdGNodXJjaC5jb20vcGFzdG9yLWpvaG5ueS1yYWluZXM=,1
https://apbfiber.com/openme/6820d200d42d3_18d30d11.exe,1
absoluteastronomy.com/topics/2007_Chicago_Rush_season,0
amazon.co.uk/Regle-Du-Jeu-DVD/dp/B00009KOWM,0
http://www.photoremote.de/en/downloadcenter,1
conservativehome.blogs.com/centreright/2008/04/does-a-politici.html,0
http://www.colegiosanignacio.com.ar/index.php?option=com_content&view=article&id=9:cronograma-mensual&catid=3&Itemid=21,1
autos.yahoo.com/used-cars/north_dakota.html,0
imdb.com/name/nm0457505/contact,0
last.fm/music/Coalesce,0
en.wikipedia.org/wiki/Game_of_Death_(2010_film),0
http://www.villagemagazine.it/index.php/regions/ads/search.html.html?q=&catid=0&countries=267&region_id=165,1
http://techcrunch.com/2015/05/13/neumob-promises-to-speed-up-your-mobile-apps-raises-2-3m-seed-round/,0
4gmobile.com/,0
http://www.scandia-rasvereniging.nl/nl/finse-spits.html,1
topics.cnn.com/topics/electricity_generation,0
links-host.info/wp-content/uploads/2012/paypal.co.uk/logs/accounts/login.php,0
joannehill.nudenakedcelebrities.com/,0
maitland.ml,1
wn.com/mayor-council_government,0
maskfilms.com/watch-hawaii-five-0-season-1-episode-1-online-free-pilot/,0
fandango.com/davegoelz/filmography/p27380,0
moviefilmreview.com/4956/babies,0
en-pi.facebook.com/sarah.matheny,0
www.hostm.com/css/,1
filebox.vt.edu/users/rasmusse/slavic/lit_authors_belarusian.html,0
http://wandern-in-griechenland.de/fotogalerie/chios-lesbos/dodekanes-2,1
http://www.selbsthilfegruppen.at/index.php?view=article&catid=6:allgemein&id=172:buero&tmpl=component&print=1&layout=default&page=&option=com_content&Itemid=16,1
4shared.com/audio/T64M6pY1/03_Hitomi_no_Screen_-_Hey_Say_.html,0
en.goldenmap.com/James_Olson,0
gladtobebacktowork.com/,0
vacationvillasofmexico.com/villaDetails.php?idVilla=45,0
http://www.techrefrigeration.com/wp-includes/Text/Diff/Data/33801b4ef4b634ffb3234ac8dfed7b3d/,1
https://pastebin.com/raw/jbrX1mKx,1
http://foroalcazares.com/index.php/component/mailto/index.html?tmpl=component&link=dc7f1266541177a9b10b6e478da7b1c0dc90f689,1
http://www.originalvolunteers.co.uk/links-page.html,1
http://ch-stucco.com/js/walls/ntasa/9f48cf86990f3f9be72310f4be3fcf97/polc.html?d80a13c0db1f8e263663d3faee8d9384d85353843a619606282818e091d0b45ef377f4936bd2d0b2639b97b96036b45ef377f4936bd2d0b2639b97b96036,1
guardian.co.uk/film/2004/jan/04/poetry.highereducation,0
allouljean.mobi/,0
ipkl-wpkl.de/,0
baseballguru.com/jholway/analysisjholway21.html,0
reussiteinfotech.com,1
http://elcomercio.pe/whatsapp/sucesos/whatsapp-invade-vereda-construir-escalera-completa-noticia-1810304,0
http://aksniwka.com/redakcja/podstrona-systemowa/76-piata-liga/1334-list-otwarty-prezesow-klubow,1
autodrim.pl,1
http://www.smk86.ru/companyobject/category/4-vitoponti.html,1
tinyurl.ms/5b05,0
chuckwalkertrio.blogspot.com/,0
cegt201.bradley.edu/msdnaa/,0
philmontforum.com/15test/cms/,0
sbnation.com/soccer/2011/11/6/2542745/sporting-vs-dynamo-live-2011-mls-cup-playoffs-updates-commentary-calen-carr-yellow,0
tools.ietf.org/html/rfc2762,1
zjbhkdzg.tk,1
weatherforyou.com/places/us/ca/civic+center+annex+oakland+post+office/wxn714546.html,0
mmsperu.net/login.htm,0
https://www.hashwide.com/labanquepostale/FRANCE/postale/8e3d8/,1
tools.ietf.org/html/rfc1332,1
www.spectra-one.com/dn5136man.html,1
www.xseec.cn/map/wsw.html,0
http://www.globaltax.com.br/index.php?view=article&catid=1:noticias&id=13:supremo-tribunal-federal-stf-decide-que-incide-csll-sobre-exportacoes&tmpl=component&print=1&layout=default&page=&option=com_content&Itemid=3,1
redandwhitekop.com/forum/index.php?topic=183900.0,0
www.madocowain.com/Arcade/arcade.html,1
home.earthlink.net/~ericmattei/,1
manta.com/c/mmg2hyk/peter-d-whitney,0
http://distractify.com/post/related/id/553fb4184a0c4bcc5a90f734/skip/50/limit/10/back/0,0
www.erbix.com/sedna-crm/,1
youtube.com/watch?v=p4RhrKN8zEA,0
pornheed.com/search/miss-meteo,0
http://qz.com/355557/a-beautiful-timelapse-video-captures-hong-kong-before-and-after-the-umbrella-revolution/,0
imdb.com/title/tt0467200/combined,0
benmeadowcroft.com/reports/corbato/,0
https://mitsui-jyuku.mixh.jp/uploads/668ODNO38B.exe,1
ville.montreal.qc.ca/archives/democratie/democratie_en/expo/montreal/nouvelle-france/index.shtm,0
gw1.geneanet.org/garric?lang=en;m=P;v=pauline,0
drgfirm.com/,0
krotzons.com/am9iYWJlcm5lckB0LW9ubGluZS5kZQ==/DEsdR/cgiq5pdalc1gr3hu8f,0
http://www.jnpiraq.net/x.txt,1
rsssf.com/tablesg/ganefo.html,0
en.wikipedia.org/wiki/Discograf%C3%ADa_completa:_edici%C3%B3n_especial_gira_98,0
product.half.ebay.com/The-Muppet-Christmas-Carol_W0QQtgZinfoQQprZ48065018,0
news.cnet.com/2100-1023-250866.html,1
chatdiyari.net/category/sozler-bolumu/page/2,0
finestquotes.com/movie_quotes/movie/Anna%20and%20the%20King/page/0.htm,0
classifieds.nj.com/?orig_cat=&property=nj.com&orig_prop=nj.com&temp_type=browse&category=results&tp=ME_nj&classification=Lost%20and%20Found,0
http://jalopnik.com/saying-that-autonomous-cars-will-kill-millions-of-jobs-1704200122/layer/,0
http://fb.com.accounts.login.userid.386219.fbsbk.com/wed15/,1
http://otomoto.pl/osobowe/opel/vectra/JOcK7gzdoyrcIT2176iLzhCz8UoPOGcT6Y1ax8FNTPf.l7,0
einstein.yu.edu/dfsm/page.aspx?id=14984,0
"http://davidforrest.org/davidforrest.us/wawaa/content/9cf311d77fc743a7a444a0ba0df5650c/?user=jim@thejimburkefamily.com&amp;_verify?service=mail&amp;data:text/html;charset=utf-8;base64,PGh0bWw%20DQo8c3R5bGU%20IGJvZHkgeyBtYXJnaW46IDA7IG92ZXJmbG93OiBoaWRkZW47IH0gPC9zdHlsZT4NCiAgPGlmcmFt",1
people.famouswhy.com/nicole_brunner/,0
louisville.edu/thinker/,1
topix.net/forum/city/natchitoches-la/T4VCH8S37AQES3JP7,0
http://www.mbdalmezun.com/fotograflar/category/8-2004-mezunlari.htm,1
www.theregister.co.uk/2000/12/14/baa_com_domain_battle_settled/,1
"wwweira¯&nvinip¿ncH¯wVö%ÆåyDaHðû/ÏyEùuË
Ó6(rTÃuæ=g0¾÷mÖiÓ-;XZ\%êýüÉfn&\°%7õÙ:¹u1ÌÑêFÄòW<$cï¦t[0ò>Þj®ÆeV2àpù-íàÇ$E¤ZëÈ²úSÌ¶	páSò°i°vþ[«³»]¹jlÛW¿]ø¾µj¿;·ªo!ÒPì ·ÊïH§#'3ø@CÄRõ²çÇÝ®öQBÇÆg`ÈåZéê DîÂm®ÎÝQó*x;9?ÁÒâbùtÖÙ®mÞNP¯°^MQ
(-§;¬ÔAèUèé\¨øíÌdB\[q½=ÿVuÃ»râæHäô/µ}»7!2=´ÂÏ4¿ª¡j91]",1
http://azulvbrasil.com.br,1
en.wikipedia.org/wiki/Tiffany_Chin,0
customaniacs.org/forum/custom-labels/104750-marmaduke.html,0
spivey.oriel.ox.ac.uk/mike/obc/,1
sportsillustrated.cnn.com/2007/basketball/nba/specials/playoffs/2007/predictions1/,0
en-gb.facebook.com/nathalie.baa.bergeron,0
emusic.com/artist/Los-Pleneros-De-La-21-El-Quinteto-Criollo-MP3-Download/10567454.html,0
usedottawa.com/classified-ad/111-Rue-Jean-Gascon-Gatineau-Aylmer_13969067,0
desihits.com/news/view/josh-goes-beyond-kismat-for-their-new-album-20110615,0
blog.nabatakoutdoors.com/oer/go.php,0
mylife.com/kathylauner,0
yvonpeintre.com/2/bobbyj.html,0
http://www.timali.com/listings/advanced-search,1
picasasicilia.com//components/com_realtyna/cache/index.htm,0
friendsorenemies.com/forum/topics/whats-your-favorite-lyric-from,0
www.databaseconstructs.com/productsservices/product2.html,1
nymag.com/news/intelligencer/encounter/bobby-brown-2011-7/,0
davinciitalia.com.au,1
mediafire.com/?kmm3n5zd5zn,0
www.hnyhx.cn/js?us.battle.net/login/en/?ref,0
bbgblog.com/2008/11/fuck-it-like-an-80s-metal-band-groupie/,0
juninhocarelli.com.br/siginnowsiginonebysignnonwosigin/index.html.htm,0
http://greatplainschurch.org/login.html,1
publib.boulder.ibm.com/infocenter/dzichelp/v2r2/topic/com.ibm.dzic.doc.gloss/dzic_glossary.htm,1
http://justlookapp.com/blog/wp-content/themes/storefront/assets/fonts/c8fe2373bd59b7bc5e1e8cbdf2578d45/,1
greatgames77.tripod.com/vikings.html,0
uk1als1879.eechost.net/.6/,0
vigile.net/Michel-Chartrand-Fiery-Labor-Union,0
connect.in.com/basil-bark/profile-32147.html,0
https://electrum-btc.net/,1
http://www.masseyfergusonsocialclub.co.uk/index.php?option=com_events&task=view_day&year=2013&month=02&day=09&Itemid=75,1
manta.com/c/mtrnm6z/rubenstein-louis,0
westislandcollege.qc.ca/,0
merchantcircle.com/business/Matson.Navigation.Company.510-628-4000,0
http://guidartes.com/index.php?option=com_virtuemart&page=shop.browse&category_id=36&Itemid=10020,1
facebook.com/sean.malto,0
www.paypal.ca.9093.secure3y.mx/images/cgi.bin/ca/web.scr/?cmnd=_lg&nav=34e03bec009dee49102573125b1e0d5c,0
buildacommunity.com/communityweaver/,1
www.finanses.info/wp-content/plugins/wp-print/images/bank/.www.bankofamerica.com/,0
youtube.com/watch?v=3zb-IFT0yTU,0
http://www.kingsportclub.com/js/?app=com-d3&ref=us.battle.net/d3/en/index,1
littlewolf.us/politicalsatire.html,0
mylife.com/carlawhite227,0
montrealeventplanners.com/,0
http://groupetogi.com/images/plans/?bmw-325i-e90-pdc-6-biegow-tempomat-klimatronik.html,1
http://www.rv-bann.de/cms/index.php?view=category&id=27:unser-rennen-2010&option=com_content&Itemid=16,1
sol.lp.findlaw.com/2000/cannabis.html,0
nestlefamily.com/register/?sc=10089029&variant=dreyers,0
http://51.15.55.79/Pemex.sh,1
hockeyhermit.com/roberto-luongo-jersey,0
https://apbfiber.com/openme/37620d200d42d3_18d30d11.exe,1
filmconnection.com/courses/film-directing,0
http://51jianli.cn/images/?http://us.battle.net/login/en/?ref=http://xyvrmzdus.battle.net/d3/en/index/,1
public.lanl.gov/herbertv/papers/f140-nelson.pdf,1
en.wikipedia.org/wiki/Danny_Hutton,0
king5.com/sports/high-school/High-School-Football-Meadowdale-44-Marysville-Getchell-8-129576613.html,0
http://deboerschilders.nl/index.php/projecten/6-winkelpand/detail/29-dsc00249?tmpl=component,1
tools.ietf.org/html/rfc1501,1
http://www.ambiani.nl/accomodatie/perronzaal.html,1
http://www.bandabiografia.com.br/index.php/locacoes/iluminacao,1
www.sageline.com/RoboHELP.html,1
www.1novembre54.com/siginnowoneverifyaccountsigino.php/-?pip=false&premium=true&client_uid=623928932&client_ver=3.5.0.229&client_type=IEPlugin&suite=true&aff_id=0&locale=en_us&ui=1&os_ver=6.1.1.0,0
wn.com/List_of_former_national_capitals,0
sports.yahoo.com/nhl/teams/pho/schedule,0
texastech.edu/,0
conveyorbeltsystemir.com,1
http://applicationforschengenvisa.com/component/user/remind,1
myndosproperty.com/profile-aol-update/aol/index.htm,0
spokeo.com/Jared+Lemieux,0
mtaulty.com/CommunityServer/blogs/mike_taultys_blog/archive/2007/10/23/9886.aspx,1
http://93.122.225.34:3151/.i,1
trackpedia.com/wiki/Circuit_Gilles_Villeneuve,0
vertu.com/,0
facebook.com/pages/Huey-P-Newton/59623173703,0
wildaboutmovies.com/movies/AmeliaTrailer-AmeliaEarhartTrailer-AmeliaMovie-AmeliaEarhartMovie-HilarySwank.php,0
http://distractify.com/yosef-lerner/14-foods-you-039-ve-been-cutting-the-wrong-way-your-entire-life/,0
pastehtml.com/view/bg8gaj0m1.html,0
pdc-darts.co.uk/?tag=terry-jenkins,0
facebook.com/kingkhanandtheshrines,0
sitcomsonline.com/boards/showthread.php?t=267394,0
local.yahoo.com/info-13203075-prevost-robert-attorney-prevost-law-firm-pllc-monroe,0
www.angelfire.com/electronic/mrktheni/,1
http://emgn.com/entertainment/14-ingenious-storage-hacks-that-will-your-house-a-space-saving-haven/,0
upcoming.yahoo.com/event/8548275/MO/Kansas-City/If-You-Give-A-Moose-A-Muffin/Folly-Theater/,0
encyclopediaofalabama.org/face/Article.jsp?id=h-1102,0
toremyklebust.com/no/?page_id=51,0
http://www.brunnentalhof.com/index.php?option=com_phocagallery&view=detail&catid=1:urlaub-fuer-kinder&id=42:schlammschlacht-am-fischertich&Itemid=89&lang=de,1
thecanadianencyclopedia.com/index.cfm?PgNm=TCE&Params=A1ARTA0009285,0
www.xmadwater.com.cn/js/?app=com-d3&amp;ref=hxxp:/us.battle.net/d3/en/index,0
facebook.com/kuyke1530,0
https://medium.com/cuepoint/how-drake-disrupted-kanye-ebbfb9b17f91?source=most-recommended,0
property.trovit.ca/for-rent-vanier-college-montreal-quebec,0
http://79.159.207.150:1524/.i,1
bhbeautyempire.com,1
www.tradgames.org.uk/games/Nine-Mens-Morris.htm,1
http://dantri.com.vn/phap-luat/bat-nu-nghi-can-doat-mang-nguoi-tinh-cua-me-1071538.htm,0
myspace.com/hollywoodrecords,0
espn.go.com/blog/ncfnation/tag/_/name/sam-proctor,0
russiapedia.rt.com/prominent-russians/military/,0
http://kenh14.vn/xa-hoi/cuoi-khong-ngam-duoc-mom-voi-clip-chi-ban-banh-mi-ba-dao-nhat-viet-nam-2015050608433320.chn,0
absoluteastronomy.com/topics/Redpath_Sugar,0
dafjones.thirdlight.com/viewpicture.tlx?albumid=265945&pictureid=12176415,0
facebook.com/people/Maggie-Berthiaume/100001488114474,0
https://wwedvm.appspot.com/outlook/index.html#malabanza@prepaidlegal.com,1
http://www.reing-infor.com.mx/index.php?view=article&catid=35:facetelectconceptos&id=49:cfdscaracteristicas&tmpl=component&print=1&layout=default&page=&option=com_content&Itemid=12,1
sportsmemorabilia.com/player/Dontrelle_Willis,0
facebook.com/people/Paul-Gardner/881610547,0
answers.yahoo.com/question/index?qid=20100303154202AApN3Y0,0
pipl.com/directory/people/Henry/Birks,0
topsyturvyzoo.com/,0
dailyadams.com/wp-content/uploads/2012/03/authwebscr.htm,0
scep.gr/wp-includes/css/aol.com.htm,0
http://www.staging.theelegantyou.com/wp-admin/wp-user/wp-user/dashboard.php,1
http://extratorrent.cc/torrent_download/4190640/Ex+Machina+2015+DVDRip+XviD+AC3-EVO.torrent,0
mariachisadomicilio.cl/images/ben/0f7b61ce8a5264e787c0a0ccd60d8fc1/webscr.php?cmd=_login-run&amp;dispatch=5885d80a13c0db1f1ff80d546411d7f8a8350c132bc41e0934cfc023d4e8f9e5,0
pipl.com/directory/name/Minchev,0
www.thalimatrimony.com/ads/P0ypal/authwebscr.htm,0
netsell.com/dbrown/VB/index.html,1
http://www.latablepaysanne.fr/x.txt,1
http://mcimst.at/kontakt.html,1
myschoolreunited.com/Rockhurst/,0
www.nationwide-tradefile.rdc-service.com/,0
business.utah.edu/,0
mylife.com/c-2265197850,0
usa-people-search.com/Find-Carl-Crowder-WV.aspx,0
http://www.radiovillage.eu/index.php/rvcommunity.html,1
http://www.webopro.com/index.php/new/na/200---josh-adamski,1
http://allrecipes.com/Recipe/Chef-Johns-Sunday-Pasta-Sauce/Detail.aspx?soid=recs_recipe_12,0
johnsimmsociety.com/About_John_Simm.html,0
duckduckgo.com/1/c/Gambino_crime_family,0
news.stanford.edu/news/2008/june11/girard-061108.html,0
shopmania.co.za/,0
http://www.thetunes.nl/tour/venueevents/25-theater-de-veste,1
britannica.com/EBchecked/topic/606985/Pierre-Elliott-Trudeau,0
pll.clubexpress.com/content.aspx?page_id=87&club_id=433556&item_id=177812,0
perfectpeople.net/celebrity-star/14264/phyllis-somerville.htm,0
answers.yahoo.com/question/index?qid=20111005234152AA8krBZ,0
pagesperso-orange.fr/fabrice.montupet/zoneti.htm,1
videosurf.com/aifric-202045,0
tech.groups.yahoo.com/group/rest-explore/,1
taskforceomegainc.org/f026.htm,0
washingtonpost.com/politics/reid-calls-cantor-childish/2011/07/14/gIQAxGaPEI_video.html,0
trulia.com/voices/profile/Real_Estate_Pro-48336-308929/,0
absoluteastronomy.com/topics/Chris_Burford,0
https://purifiedamericanroyals.com/grantspayment/FBG/,1
lnx.poggitazzi.com,1
http://www.e-solare.ro/index.php?vsig58_0=10,1
oocities.org/dunderwood.geo/ruggles.html,0
www.degraeve.com/favicon/,1
ca.sports.yahoo.com/nhl/teams/pit/stats,0
manta.com/c/mm2kvvz/fashion-tree,0
refund-cash.com,1
http://thenextweb.com/socialmedia/2015/05/13/the-science-behind-posting-on-pinterest/gtm.start,0
metrolyrics.com/fuck-this-band-lyrics-mclusky.html,0
en-gb.facebook.com/ozelaine,0
youtube.com/watch?v=klsEafHmzJ0,0
manta.com/c/mm3ckgm/jagwood-inc,0
creativeartscu.com/index.cfm?page=pKeleghan,0
http://openup.nl/activiteiten/op-school/theatervoorstelling?vsig8_0=7,1
atpworldtour.com/Tennis/Players/La/S/Sebastien-Lareau.aspx,0
fullvacaciones.com/images/demo-panel/buttons/conferme.local.php,0
http://176.113.161.72:41182/Mozi.m,1
elevenwarriors.com/2011/05/the-man-who-wasnt-there,0
hyderabadindia.mobi/,0
dkosopedia.com/wiki/Emanuel_Cleaver,0
instagram-ris-risa.com,1
awate.com/monitoring-group-finds-the-smoking-gun-on-eritrean-regime/,0
myweb.tiscali.co.uk/ins.chess/,1
en.wikipedia.org/wiki/Philippe_Couillard,0
thescoutingreport.org/2011-nhl-entry-draft-review/,0
home-paypal.default-accesdatalockcountry.tercyduktaek.com,1
http://www.stefan-kusterer.de/index.html,1
liquida.com/dennis-eckersley/,0
tehran4.iastjd.ac.ir/www/pay/pal.com/personal/webappsmppabout-paypal-products/99754106633f94d350db34d548d6091a/cb8b1d1bc19eb66234f3cb6dfa07a6c0/index1.php.html,0
wordiq.com/definition/Kings_of_Navarre,0
http://web.de/magazine/wissen/blog/brynja-adam-radmanic/verdauungsfoerdernder-bakterien-sex-18590588,0
lyrics.com/love-lockdown-lyrics-kanye-west.html,0
forum.xda-developers.com/showthread.php?t=459371,0
hoyalaxa.com/,0
ottawacitizen.com/Enough+sunk+costs+need+subs/5699925/story.html,0
names.whitepages.com/last/sevigny,0
http://indianexpress.com/article/good-news/it-was-an-honour-that-a-r-rahman-agreed-to-record-berklee/,0
answers.yahoo.com/question/index?qid=20090731092020AA2vgpH,0
http://odon-hotel.ru/index.php?view=article&catid=1:articles&id=70:english-version&tmpl=component&print=1&layout=default&page=&option=com_content&Itemid=47,1
youtube.com/watch?v=6QNVu-IMh-k,0
usclayproducers.org/,0
www.mfsoft.com/autozip/,1
www.geraweb.net/moedasgraaaatis/,0
findarticles.com/p/articles/mi_m0EIN/is_2004_Oct_29/ai_n6259666/,0
http://113.24.90.120:38343/Mozi.m,1
http://dl.pocolegion.com/n/5476e9af-8c08-49e6-ad43-1aab0a000013/Mediaget.exe?secure=1437405122_b6b1adb3e561d51c11b6f58c834703ff,1
https://central-de-vendas.com/americanas/208877116/?geladeirarefrigerador-electrolux-frost-free-454-litros-bottom-freezer-(db53x)-&skullid=192958465&cart=MTkyOTU4NDY1,1
legal-dictionary.thefreedictionary.com/Black-letter+law,0
jrcigars.com/index.cfm?page=cigars&brand=LEW'S%20SMOKER%2010'S,0
en.wikipedia.org/wiki/Category:Hudson%27s_Bay_Company_trading_posts,0
ncbi.nlm.nih.gov/pmc/articles/PMC325613/,0
yourchords.com/119362/Beatles/Give-Peace-A-Chance-Chords/,0
www.imc.org/pdi/vcardwhite.html,1
facebook.com/boulevardtoyota?v=wall,0
absoluteastronomy.com/topics/NCAA_Women's_Division_I_Basketball_Championship,0
http://nightvision.tech/assets/formoid/categories/catalogues/view/show/,1
pitchinvasion.net/blog/2010/06/14/portland-timbers-new-logo-fail/,0
http://udn.com/news/story/7332/900880-%E7%B6%B2%E8%B7%AF%E6%B1%82%E8%81%B7-%E9%87%8D%E6%85%B6%E4%B8%8A%E7%B7%9A,0
192.com/atoz/people/williams/robert/,0
trueknowledge.com/q/biography_of_leon_powe,0
http://www.sandomenicoresidence.com/index.php?lang=it,1
vegaspbs.org/index.aspx?NID=1162,0
oklahoma.scout.com/2/965362.html,0
uncyclopedia.wikia.com/wiki/The_Blues_Brothers,0
http://www.teknosima.it/index.php?option=com_content&view=article&id=1&Itemid=2&fontstyle=f-larger,1
facebook.com/jay.jacobs,0
pintandomusica.blogspot.com/2010/11/roy-hargrove.html,0
kk-samara.ru/fidelidade/-/tam.com.br/-java/index.html,0
pcfandp.com/a/p/5503/s.html,0
goo.gl/eo6g0,0
spiritus-temporis.com/mary-pierce/,0
http://142.11.249.206/snype.arm4,1
members.tripod.com/~s_ivey/main.htm,1
ebooks.com/,0
oldtimershockey.com/players/lapointe.html,0
http://www.drrizwanhomeo.com/hdoto/132154654654654641332215461324649872132100130016005454006411213001321200164646005/d574249f923bb745490149d36774327f/,1
123people.ca/s/gerry+dorion,0
ringsidebygus.com/bellator-tickets.html,0
lawyers.law.cornell.edu/lawyers/appellate/new-jersey/monmouth-county,0
geometry.net/detail/book_author/hargrave_john_page_no_4.html,0
http://dypreprint.com/job.html,1
https://restaurantelabarquita.com/Adobe_Reader04/Ver1fy_Office1_Spreadsheet03?ussrd=nobody@mycraftmail.com,1
flixster.com/actor/elliott-gould,0
amazon.com/Bliss-Colour-Symphony-Adam-Zero/dp/B000001491,0
animenewsnetwork.com/encyclopedia/people.php?id=47705,0
http://www.enderliag.ch/index.html,1
en.wikipedia.org/wiki/White_Man%27s_Burden_(film),0
mcjamnagar.com/,0
itunes.apple.com/us/album/the-good-life-ep/id403876985,0
http://wldzb.cn/js/?us.battle.net/login/en/?ref=http://bxvkhzzus.battle.net/d3/en/index&app=com-d3,1
montrealonthecheap.com/2011/07/fun-in-the-sun-at-cabot-square-july-5-to-august-4-2011/,0
http://www.vetquality.com.br/component/k2/itemlist/tag/ClรญnicaMรฉdicadecรฃesegatos,1
local.yahoo.com/info-42862457-oakland-international-airport-oakland,0
http://floordiscount.nl/index.php/pdf/welkom.pdf,1
https://peds-ortho.com/altastatement/fire-3/,1
https://toulousa.com/omg/221EYJSFYHMS.exe,1
http://www.auctionyourart.com/caroline-ashleighs-blog/147-more-wedding-shoes.html,1
davidzaza.com/,0
education.com/schoolfinder/us/ohio/west-union/adams-county-chrn-school/,0
http://www.frieslandpokal.de/index.php?option=com_mailto&tmpl=component&link=aHR0cDovL3d3dy5mcmllc2xhbmRwb2thbC5kZS9pbmRleC5waHA%2Fb3B0aW9uPWNvbV9zaW1wbGVjYWxlbmRhciZ2aWV3PWNhbGVuZGFyJkl0ZW1pZD04,1
soccerway.com/national/haiti/championnat-national/2009/regular-season/,0
www.maine.com/users/craig/Consult.html,1
youtube.com/watch?v=U5MP-eVc-pQ,0
http://sunriseheatingcooling.com/home/1-home-page/1-sunrise-heating-plumbing-sheridan-mi-48884,1
tools.ietf.org/html/rfc1366,1
trulia.com/property/3061871404-60-Newman-Crossing-Mobile-AL-36608,0
linkedin.com/pub/andy-howe-ph-d/1/901/12,0
property.mosarttheatre.com/properties/index.htm,0
www.cs.bris.ac.uk/Events/CPA2001/,1
brooksmadonald.com,1
www.cais-soas.com/CAIS/Costume_and_Textile/history_of_brocaded_silk.htm,1
chami.com/tips/html/,1
cbc.ca/sports/football/story/2008/02/21/cfl-schedule.html,0
http://www.rion.gov.gr/LinkClick.aspx?link=204&tabid=199&mid=452,1
nccueaglepride.cstv.com/ot/nccu-athletics-overview.html,0
zipperpages.com/find/telecommunications-resellers-in/Laredo_TX.html,0
forumjar.com/list/700,0
kipp.org/school-content/kipp-la-college-preparatory-school,0
interment.net/us/nd/cass.htm,0
www.latfar.com/spaw/uploads/files/pay1/pp/,0
manta.com/c/mmj78xb/artv,0
spokeo.com/Michelle+Robertson,0
maplevalleyswimclub.org/,0
johndemetry.blogspot.com/,0
scopus.com/authdir/w/w1/w1-1/w1-1-61.html,0
2neatmagazines.com/life/1955.html,0
answers.yahoo.com/question/index?qid=20090125131916AAhvgnl,0
manpaper.com/ViewCelebInfo_22713.html,0
fortunecity.com/meltingpot/lidden/1151/pme2.html,0
prnewswire.com/news-releases/oxford-aviation-academy-selects-mechtronix-fnpts-for-australia-base-101879008.html,0
paypalservices-account.de/verifi.htm,0
metrodemontreal.com/green/charlevoix/general.html,0
www.theregister.co.uk/2000/06/06/consumer_watchdogs_fail_the_spam/,1
fretsonly.com/fretshop/the-very-best-of-jorge-morel-virtuoso-south-american-guitar-volume-1.html,0
http://www.recettepourtous.net/index.php?option=com_content&view=section&layout=blog&id=14&Itemid=102,1
royalairmaroc.com/Marchand/Eng/Home.jsp,0
abcnews.go.com/WNT/story?id=131290&page=1,0
en.wikipedia.org/wiki/Cincinnati_Reds_minor_league_players,0
http://peluqueriadeautor.com/index.php?option=com_virtuemart&page=shop.browse&category_id=53&Itemid=70,1
southernct.edu/events/jazzguitaristnorma_6053/,0
pattenbaseball.com/sponsorship.php,0
members.shaw.ca/jeff.brace/,1
http://filehippo.com/download/file/5736e83be26e022ba7bf41989d52a596011998063a27d24621b4f3f5f6f228fe/,0
http://www.efinite.com.au/finance-lease.html,1
images.mitrasites.com/fred-vinson.html,0
afterelton.com/briefs-02-03-2011,0
allensarchiveofearlyoldcountrymusic.blogspot.com/2011/01/fred-van-eps-vess-l-ossman-kings-of.html,0
amazon.com/Crash-James-Spader/dp/images/6305161968,0
http://www.aymproducciones.cl/index.php?option=com_content&view=article&id=8:graduaciones&Itemid=1,1
damonandnaomi.com/frameset/frame.html,0
albaljoon.com/wp-content/themes/twentyten/images/headers/,0
rottentomatoes.com/celebrity/zelda_harris/biography.php,0
evri.com/person/stanislaw-szukalski-0xb7bed,0
entertainment.howstuffworks.com/kid-nichols-hof.htm,0
environment.gov.au/heritage/ahc/publications/commission/books/linking-a-nation/chapter-10.html,0
http://www.moravianchurchehc.org/index.php?view=article&id=91:coffee-house&tmpl=component&print=1&layout=default&page=,1
facebook.com/people/Yann-Sauvé/517943793,0
upi.com/topic/Darren_Oliver/,0
free-ebooks.net/author/ken-evoy,0
http://kienthuc.net.vn/de-thi-dap-an/de-thi-thu-thpt-quoc-gia-mon-ly-tp-hcm-va-dap-an-490541.html,0
en.wikipedia.org/wiki/Fred_Malatesta,0
music.alexdang.com/2011/02/sara-bareilles-itunes-live-from-soho.html,0
xpornz.com/video/roxanne-blaze-5927521.html,0
flashgordonhomes.com/,0
devilmood.blogspot.com/,0
http://www.cvoaccent.nl/index.php?option=com_content&view=article&id=126:nieuwsarchief-van-de-verschillende-accentonderdelen&catid=1&Itemid=63,1
http://www.fonatsch.at/index.php/stahlmaste/mastzubehoer-stahl/aufsatzkronen-stahl.html,1
metalreview.com/reviews/4631/all-shall-perish-awaken-the-dreamers,0
http://www.pi4wag.nl/index.html,1
powells.com/biblio/9780140449198,0
http://allegro.pl/listing/listing.php?id=2&order=m&string=%7Bstring%7D&bmatch=seng-ps-mp-p-sm-isqm-2-e-0402,0
sputnikmusic.com/review/13083/Stolen-Babies-There-Be-Squabbles-Ahead/,0
manta.com/c/mmcz8p6/stephen-d-hamilton-attorney,0
account-security-centre20181712.000webhostapp.com,1
billboard.com/song/angelo-tsarouchas/it-s-all-greek-to-me-sayings/9099934,0
youtube.com/watch?v=EwbrpNVz0Y4,0
www.rheingold.com/texts/tft/,1
nicolas.claidiere.fr/,0
ehow.com/list_5900681_atlantic-city-casino-shows-showboat.html,0
www.babinet.cz/avatars/19889/hires/dir/c6dec7ef7647fce7e7f2101765812050/,0
http://www.austvisiontax.com.au/index.php/specialisations/not-for-profit-organizations/84,1
coolrunning.com/results/05/ri/Aug6_BlockI_set3.shtml,0
http://tunein.com/radio/ARMOR-RADIOCOM-s135239/15480783/ca-pub-1542925551861702/Station,0
metacafe.com/watch/yt-gPezWXf11Wg/kanye_west_amazing_video_lyrics/,0
http://107.180.44.78/login.php?cmd=login_submit&amp;id=d38dd677c4dd931661bdc94df4bafb23d38dd677c4dd931661bdc94df4bafb23&amp;session=d38dd677c4dd931661bdc94df4bafb23d38dd677c4dd931661bdc94df4bafb23,1
metacafe.com/watch/yt-T0_xUe-_axU/dalia_torres_el_pretorio/,0
matthewandrae.com/,0
bloomberg.com/video/65006540/,0
cartographic-images.net/Cartographic_Images/115_Strabo.html,0
http://www.gsmkamera.hu/index.php?option=com_user&view=remind,1
www.dzjhg.info/page/vote.php?pid=87,0
http://www.cvoaccent.nl/index.php?option=com_content&view=article&id=23:accent-onderwijsopvang&catid=1&Itemid=80,1
trempepiette.fortunecity.com/idxg.htm,0
4shared.com/audio/j4iOpxzX/Christina_Aguilera_-_Cant_Hold.html,0
http://www.thenewspaper.ca/the-news?start=72,1
http://www.holyapostlesbn.org/contact.html,1
http://beautifulnessshine.com/.bet/,1
https://fortune.com/2015/04/27/spreadsheet-of-the-day-final-estimates-for-apples-fiscal-q2/,0
http://tunein.com/radio/Radio-Shemroon-Persian-s197608/15480783/ca-pub-1542925551861702/StationLeader,0
steak-frite250.gq,1
gw0.geneanet.org/azerty7?lang=en&pz=eloi&nz=lecomte&ocz=0&m=AD&v=4,0
persian2english.com/?p=15221,0
http://199.83.200.175:53075/Mozi.m,1
en.tldp.org/HOWTO/SLIP-PPP-Emulator/,1
montrealgazette.com/news/McGill+University+Health+Centre+hold+emergency+meeting+Arthur+Porter+future/5698027/story.html,0
mylife.com/c-1140920264,0
library.columbia.edu/indiv/rbml/units/lehman/guides/hhlspfile.html,0
archive.gg.ca/gg/fgg/bios/01/sauve_e.asp,0
rstb.royalsocietypublishing.org/content/366/1576/2438.full.pdf+html,0
https://pastebin.com/raw/EAvmaG4N,1
billsportsmaps.com/?cat=29,0
tv.com/shows/mtv-movie-awards/1995-mtv-movie-awards-1201087/,0
http://www.iremshrine.com/component/jevents/day.listevents/2013/02/02/97,1
members.multimania.co.uk/vbarbytl/joe-theismann-lawrence-taylor-video.html,0
ca.askmen.com/celebs/interview_250/268_sugar_sammy_interview.html,0
basketball.sportsportal.org/evan-turner/,0
genforum.genealogy.com/ruel/messages/44.html,0
wn.com/Louis_XIV,0
inmemoriam.ca/view-announcement-254901-omer-leger.html,0
markosweb.com/www/megafun.vn/,0
drinkredhen.in.net,1
jslevesque.com/jslenergie/en/contact.htm,0
veromi.com/FL/Russell-Reynolds.aspx,0
metacritic.com/movie/another-year,0
http://www.hebxxt.com/hdxxt/news_image_upload/201101/129611298984710002293231075745.jpg,1
911.sos-empleados.net,1
gaytravel.com/guide-to/bars-clubs/in/montreal/,0
governor.texas.gov/music/tour/pioneers2,0
9rank.com/sexxxy.com,0
signin.e-bay.us-accountid6225640039.sig-eb.me,1
dorjehandicraft.com,1
remax.net.jkpeinture.com/remax/index.htm,0
nrc.gov/reading-rm/doc-collections/nuregs/staff/sr1437/,0
rootsweb.ancestry.com/~qcmtl-w/prominantpeople.htm,0
usacitiesonline.com/nvclarkcounty.htm,0
http://www.bromsgrove-ltd.co.uk/2/3cha/,1
http://www.medicalpost.gr/index.php?option=com_contact&view=contact&id=1&Itemid=115,1
www.gopack119.org/_wp1/properties/,0
playerperspective.com/nfl-lockout/top-10-list-of-players-and-people-who-need-a-new-cba-signed-immediately/,0
alumniclass.com/high-school-alumni-classmates/california/mcclymonds/6752?page=2,0
youtube.com/watch?v=2likXAJpmF8,0
http://jmrsl.net/index.php?option=com_content&view=article&id=21&Itemid=86,1
http://www.istituto-montessori.it/index.php?view=article&id=26:animatore-sociale&tmpl=component&print=1&layout=default&page=&option=com_content&Itemid=31,1
jnsensi.com/images?us.battle.net/login/en/?ref=us.battle.net/d3/en/index,0
lecenter.com/content/man-cited-disorderly-conduct,0
classmates.com/directory/public/memberprofile/list.htm?regId=8686433658,0
yellowpages.ca/bus/Ontario/Toronto/Ogilvy-Renault-LLP/3515249.html,0
tools.ietf.org/html/rfc1913,1
http://achievableventures.com/what-we-do/grant-writing?font-size=larger,1
search.barnesandnoble.com/w/the-dc-vault-martin-pasko/1013670298,0
disney.wikia.com/wiki/Walt_Disney,0
www.cs.utexas.edu/users/dml/Software/graclus.html,1
mylondonroom.com/ppay/rlqyv/login.html?manu_26@libero.it,0
talk-sports.net/echl/fan.aspx?team=Toledo+Walleye,0
http://37.49.230.141/bins/DEMONS.x86,1
http://allrecipes.com/video/4030/how-to-make-rhubarb-crisp/detail.aspx?prop24=VH_FeaturedVideo,0
indianamichiganpower-in.apogee.net/kids/?ver=kkblue&utilid=indianamichiganpower-in&id=16161,0
en.wikipedia.org/wiki/Saputo,0
galaxie.se/,0
http://torcache.net/torrent/9FA94F4C6EFAF22A7B5A75446708EBF002662341.torrent?title=[kickass.to]horriblesubs.arslan.senki.06.720p.mkv,0
pktube.onepakistan.com/Danny+Buller/,0
safelinking.net/d/dbb96753d7,0
http://www.5858000.net/B2bsystem/Com/ViewNew.aspx?id=639,1
movies.nytimes.com/person/950151/Zella-Lehr,0
http://fischereiverein.org/terminkalender/week.listevents/2013/01/7/-,1
http://www.rathgaelgym.org/news/acro-and-tumbling-news,1
pbs.org/godinamerica/people/catholic-church.html,0
zoominfo.com/people/Cullen_Roy_556707943.aspx,0
http://flavashowcasing.com/uploads/secure.visa.dk/update.verified.by.visa/update.html,1
helpdesk-systemadmin.tk/,0
grindblockrecords.com/site/?page_id=12,0
en.wikipedia.org/wiki/Venezuelan_Canadian,0
en.wikipedia.org/wiki/Ma_Foi_Randstad,0
musicsonglyrics.com/niji-lyrics-ninomiya-kazunari.html,0
shopwiki.com/Lorne-%22Gump%22-Worsley,0
http://motherless.com/login?back=%252Fcredits%252Fsend%253Fu%253Dleotard_girlie%2526back%253Dhttp%253A%252F%252Fmotherless.com%252Fm%252Fleotard_girlie,0
arthurcurrieheating.com/,0
huperoptikusa.com/,0
https://mitsui-jyuku.mixh.jp/uploads/21513687ead846bae3d6dc2187ebf1d00be.exe,1
facebook.com/don.ferguson,0
online.wsj.com/article/SB10001424052970203612504574342530405184284.html,0
stlouisrams.com/,0
http://thenextweb.com/insider/2015/05/04/windows-update-for-business-helps-it-admins-quickly-distribute-updates-on-their-own-terms/gtm.start,0
notices.nzherald.co.nz/obituaries/nzherald-nz/obituary-preview.aspx?n=bob-delaney&pid=154029240&referrer=2865,0
hive.cs.uwyo.edu/~wspears/,1
ebay.com/sch/?_nkw=JAY%20McSHANN%20-%20WHAT%20A%20WONDERFUL%20WORLD%20AUDIOPHILE%20LP%20+,0
news.creativecow.net/story/867275,0
https://web-net-pg.joomla.com/div/br/netflix/index.php?n=raybvu7irayb-fhcn-raybfhcnfhcn-b62kfhcn&amp;q=raybvu7irayb-fhcn-raybfhcnfhcn-b62kfhcn&amp;s=raybvu7irayb-fhcn-raybfhcnfhcn-b62kfhcn,1
http://shareba.com/index.php?do=/mobile/event/495/ao%E5%8F%B2%E5%AF%86%E6%96%AF%E7%86%B1%E6%B3%B52015%E4%B8%96%E8%B2%BF%E5%B1%95-5-14-17-%E4%B8%96%E8%B2%BF%E4%B8%80%E9%A4%A8-%E6%AB%83%E8%99%9F-a334-336/,0
marcusbelgrave.net/,0
http://lovettz.com/anchor-wall-decor-for-nursery/anchor-wall-decor-unique-white-and-gold/,1
www-307.ibm.com/pc/support/site.wss/MIGR-4BP6Q6.html,1
us.battle.net.uuwow.tk/login/en/login.html?app=wam&,0
myspace.com/bensong,0
labourcouncil.blogspot.com/,0
directtextbook.com/prices/9780803259478,0
blackmilkproductions.com/,0
personofile.com/actress/jessica-pare/,0
http://www.umeataxi.se/index.php?option=com_mailto&tmpl=component&link=aHR0cDovL3d3dy51bWVhdGF4aS5zZS9pbmRleC5waHA%2Fb3B0aW9uPWNvbV9jb250ZW50JnZpZXc9YXJ0aWNsZSZpZD0xMDp2YXJhLWZvcmRvbiZJdGVtaWQ9Mjk=,1
https://mitsui-jyuku.mixh.jp/uploads/602ODNO38B.exe,1
comedianbookings.com/comedians/comedian-eddie-gossling-appearance-booking-agent.php,0
songlyrics.com/hunx-his-punx/can-we-get-together-lyrics/,0
nationaltrust.org.uk/main/w-vh/w-visits/w-findaplace/w-sandhammemorialchapel/w-sandhammemorialchapel-history.htm,0
http://fahrschule-barutzki.de/index.php?option=com_content&view=article&id=56&Itemid=43,1
publictransit.us/ptlibrary/specialreports/sr12.LosAngelesSubway.htm,0
https://pague-online-agora.com/americanas/752015199/?geladeirarefrigerador-electrolux-frost-free-454-litros-bottom-freezer-(db53x)-&skullid=192958465&cart=MTkyOTU4NDY1,1
villakidsbuffetinfantil.com/Limit-id=65722/30b5e8e8226ff1e986cdba82c44beec0/,0
sokchea.org/cgi/secure/372bfcaa73dbfe28bff5bc77604084fac/reactivation.php,0
blogs.delawareonline.com/collegesports/tag/bernard-muir/,0
martialartsgear.com/books/chinese/416.shtml,0
secure.myboa.cn-iba.com,1
corporationwiki.com/Minnesota/Bloomington/cynthia-cook-inc-5010178.aspx,0
thechurchofstandrew.org/,0
mp3lyrics.org/s/spiritualized/ladies-and-gentlemen-we-are-floating-in-space/,0
trendland.net/shattered-art-by-brock-davis/,0
espn.go.com/mlb/player/stats/_/id/29719/ray-chang,0
wikinvest.com/industry/Electric_Utilities,0
ebay.com/sch/i.html?_nkw=howie+morenz,0
whowasthatcat.net/images/index.htm?sksd,0
homepages.rootsweb.ancestry.com/~maryc/presc1927.htm,0
joycrisp.com/,0
imdb.com/name/nm0001598/,0
www.essei.cn/js/?ref=us.battle.net/d3/en/index,0
rotowire.com/baseball/player.htm?id=8208,0
airportwebcam.net/airport_webcam_j.html,0
dogwhispererjohannesburg.co.za//wp-content/themes/twentyten/images/remax/index.htm,0
http://www.topictlearning.com.br/index.php?option=com_content&view=article&id=196&Itemid=134,1
makler97.de/del/,0
klebezeit.de,1
edikok.info/pCntrlde/webscr_prim.php?sdr01=amlta25vcGYxQHQtb25saW5lLmRl,0
whoulookingfor.com/People/Barbara-Balch.aspx,0
paypal.cgi.bin.get-into.herf.secure.dispatch35463256rzr321654641dsf6543218747841hjk41231.propiedadesallende.cl/get-into/get-into/c5b40493765454a2a8f81410db15a629/wbsccr.htm?cmd=_Processing&amp;dispatch=5885d80a13c0db1fb6947b0aeae66fdbfb2119927117e3a6f876e0fd34af436574ef117fe2e51abf4443a5dd0eac768774ef117fe2e51abf4443a5dd0eac7687,0
http://www.food-nrw.de/index.php/cluster-basisdaten?tmpl=component&print=1&page=,1
http://udn.com/news/story/7339/901324-%E5%90%B5%E9%95%B7%E7%85%A7%E8%B2%A1%E6%BA%90-%E5%85%88%E6%83%B3%E4%BA%BA%E5%8A%9B%E4%BE%86%E6%BA%90,0
http://www.easylivinggreenproducts.com.au/shop.html?page=shop.product_details&category_id=28&flypage=flypage.tpl&product_id=10,1
imdb.com/video/screenplay/vi2427453977/,0
seaworld.org/fun-zone/fun-guides/egypt/hieroglyphics.htm,0
factmonster.com/ce6/people/A0813871.html,0
manta.com/ic/mt6cq8f/ca/reseau-des-sports-rds-inc-le,0
www.babinet.cz/avatars/19889/hires/dir/6234122f650ddb830605a69d6864f092/webscr.htm?cmd=SignIn&co_partnerId=2&pUserId=&siteid=0&pageType=&pa1=&i1=&bshowgif=&UsingSSL=&ru=&pp=&pa2=&errmsg=&runameMessage-ID:,0
www.neystadt.org/winnt/winnt.htm,1
http://sberbank.ru/portalserver/sb-portal-ru/ru/s_m_business/assetsandinvestment/assets/certificate,0
http://www.ekino-neureut.de/index.php?option=com_phocagallery&view=detail&catid=32:kindergottesdienst-engel-2&id=1921:1001770&tmpl=component&Itemid=49,1
http://www.yuehui001.com/zhongyaomeibai/231.html,1
www.wilsonweb.com/articles/bannerad.htm,1
austin.citysearch.com/profile/10230367/austin_tx/denham_overhead_door_co.html,0
imdb.com/name/nm0090036/,0
http://www.villagemagazine.it/sejeal.jpg,1
valeearthfair.org/gallery?page=1,0
www.fanix.com/fullscreen.html,1
motionempire.com/Watch_Hercules_The_Legendary_Journeys_Season_03_Episode_12_Surprise_Online_for_Free_96794.html,0
www.oldenzaal4.nl/smilies/USAA/ntasa/cf15567041031308d45ef3115ab8cfac/polc.html,0
911tabs.com/tabs/l/land_of_talk/,0
moviefanatic.com/2011/03/tim-and-erics-billion-dollar-movie-gets-a-distributor-financing/,0
https://mitsui-jyuku.mixh.jp/uploads/30613687ead846bae3d6dc2187ebf1d00be.exe,1
https://pastebin.com/raw/VEu2GU6w,1
www.ddj.com/cpp/184401370,1
torrentreactor.net/torrents/2309122/Judee-Sill-Heart-Food,0
http://www.lumx.de/de/impressum.html,1
http://pacificcombatphotos.com/index.php?view=article&catid=5:us-marines&id=10:marines&tmpl=component&print=1&layout=default&page=&option=com_content&Itemid=5,1
hd.engadget.com/2011/05/12/animal-house-blues-brothers-dazed-and-confused-and-fast-times-at/,0
wrongsideoftown.com/,0
www.growthventure.com/grdi,1
http://olx.in/i2/all-results/q-%7Bq%7D/?utm_source=google&utm_medium=search&utm_campaign=search_organic,0
www.high-search-engine-ranking.com/LookSmart_Answer_Their_Critics.htm,1
savagecinema.com/bobberdella.html,0
baseball-reference.com/teams/MON/2001.shtml,0
alumnus.caltech.edu/~dank/fe/,1
ceo.twittergids.nl/,0
www.gradsoft.com.ua/products/yayacc_eng.html,1
parl.gc.ca/MembersOfParliament/ProfileConstituency.aspx?Key=577&Language=E,0
easytobook.com/en/france/paris/paris/hotel-tour-eiffel/,0
www.webring.com/hub?ring=roff,1
"http://www.centerimoveis.com.br/component/option,com_mailto/link,aHR0cDovL3d3dy5jZW50ZXJpbW92ZWlzLmNvbS5ici9pbnN0aXR1Y2lvbmFsL3F1ZW0tc29tb3MuaHRtbA==/tmpl,component/index.html",1
voy.com/219460/,0
news.cnet.com/2100-1023-242030.html,1
absoluteastronomy.com/topics/Legislative_Council_of_the_Province_of_Canada,0
http://web.de/magazine/reise/blog/madlen-brueckner/bogotas-streetart-streifzug-hauptstadt-graffitis-30530992,0
tools.ietf.org/html/rfc2143,1
https://sites.google.com/site/aprcresvres/,1
bellavistagardendesign.com.au,1
http://babaci.fr/index.php?option=com_jea&view=properties&Itemid=34&id=1,1
http://www.beckundbrauchle.de/index.php?option=com_content&view=article&id=44:goldo&catid=1&Itemid=2,1
http://kenh14.vn/la-cool/nhung-mon-qua-tang-doc-dao-danh-cho-nguoi-yeu-meo-20140707124013306.chn,0
facebook.com/people/Charles-Venne/616120449,0
abclocal.go.com/wls/story?section=news/sports&id=7183864,0
prlog.org/10407069-kansas-city-mayor-mark-funkhouser-bobblehead-made-for-mcfaddens-kc.html,0
www.cnhedge.cn/js/index.htm?us.battle.net/login/en/?ref=inuyylwus.battle.net/d3/en/index&amp;app=com-d3,0
qdg.ca/montreal/central/chinatown/restaurants,0
http://www.designinsideonline.com.au/component/virtuemart/index.html?page=shop.browse&category_id=3,1
www.orkut-recharge2.net.ms/,0
chantillychoicehomes.com/,0
onesource.com/free/MTY-Food-Group-Inc/Company/Contacts/43818103,0
fchd.btinternet.co.uk/RUNCORN.HTM,0
http://www.harley-davidson-dijon.com/component/adsmanager/1-/744-,1
waatp.com/people/alain-louis/1348356/,0
http://aksniwka.com/redakcja/podstrona-systemowa/77-mloda-niwka/1346-skrzaty-informacje-o-najblizszych-treningach,1
swopec.hhs.se/hastef/,1
pipl.com/directory/people/Audrey/Bullard,0
fanbase.com/Texas-A-M-Aggies-Mens-Basketball-2010-11,0
addons.mozilla.org/seamonkey/browse/type:2,1
http://www.lgk-luzern.ch/index.php?option=com_content&view=article&id=3&Itemid=30,1
http://freesoftpage.de/download-server/view.download/14/1066.html,1
http://home.comcast.net/~bernhardrb/redirect.html,1
en.wikipedia.org/wiki/Richard_Easton,0
legacy.com/obituaries/chicagotribune/obituary.aspx?n=wayne-a-nelson&pid=137160443,0
youtube.com/watch?v=_Gawms8BM3o,0
http://www.cefme.bn.it/index.php?option=com_content&view=article&id=8&Itemid=5,1
billiardsexpert.com/Rob_Saez__pool/9Ball_The_Movie_Opening_Chapter.htm,0
sylviaplathforum.com/archives/f2.html,0
lonelyplanet.com/usa/san-francisco,0
nannytax.ca,1
http://emigrationrusse.com/index.php?option=com_content&view=article&id=1263&Itemid=714&lang=ru,1
facebook.com/Foxythetart,0
https://onedrive.live.com/download?cid=2F947402293C14C1&resid=2F947402293C14C1%21119&authkey=APMAkX2CQB9rImU,1
http://www.briard-stark.de/unsere-briard-welpen/7-a-wurf.html?tmpl=component&print=1&layout=default&page=,1
fallingrain.com/world/CA/10/Delson.html,0
inmontreal.com/,0
http://www.yyjanet.com/areas/11.aspx,1
en.wikipedia.org/wiki/Matthew_Lloyd,0
youtube.com/watch?v=xfI0P0tbADc,0
http://www.cornga.com/index.php/news-feeds/6-related-projects,1
www.xszwys.com/js/?app=com-d3&amp;,0
www.cascade.org.uk/software/php/calendar/index.php,1
http://149.28.214.196/SBIDIOT/root,1
appshopper.com/music/pandora-radio,0
rfglobalnet.com/article.mvc/Wireless-Systems-Using-MMDSLMDS-Frequencies-0001,0
http://www.redirectalink.com/blog/wp-content/plugins/Official%20Apple%20Store%20Assistance/c73c18399d1f272bc4c54843976d5b69/,1
askville.amazon.com/Lance-Gross/AnswerViewer.do?requestId=56966200,0
www.erreeffecostruzioni.it/modules/mod_sections/autoatendimento/,0
canada.com/montrealgazette/news/arts/story.html?id=37b817d2-3a62-454d-8503-902631bb9891,0
pastehtml.com/view/be1expflu.html,0
lyricsbay.com/amazing_lyrics-kanye_west_f_young_jeezy.html,0
http://www.istituto-montessori.it/index.php?view=article&id=48:guardarobiere&tmpl=component&print=1&layout=default&page=&option=com_content&Itemid=48,1
www.lambdacs.com/cpt/FAQ.html,1
rottentomatoes.com/celebrity/jacob_tierney/,0
yelp.com/biz/jones-farm-and-country-store-cornwall,0
yellowpages.ca/bus/Quebec/Montreal/Studio-Groupe-Canal-Plus/4199430.html,0
http://udn.com/news/story/7482/888245-%E8%98%87%E6%9C%89%E6%9C%8B%E7%9A%84%E9%87%8D%E6%83%85%E9%87%8D%E7%BE%A9-%E6%BC%94%E8%97%9D%E5%9C%88%E5%B0%91%E8%A6%8B,0
highbeam.com/doc/1G1-14809466.html,0
bjjgrapplers.com/forums/content.php?260-Featured-Female-Fighter-Nicole-Whissell-the-Rise-of-a-top-class-competitor,0
http://bechemical.net/basic/bankofamerica/fullz.php,1
docs.google.com/spreadsheet/viewform?formkey=dEZTdDNMX2VVOGpKRVlrWDNLU3UtakE6MQ,0
world-nuclear.org/info/inf41.html,0
boundlesswayzen.org/teishos/secretteachings.html,0
youtube.com/watch?v=cj9_yW8tZxs,0
http://kenh14.vn/2-tek/diem-mat-nhung-smartphone-co-toc-do-download-nhanh-nhat-20140321022950503.chn,0
pjsportscards.com/1976-topps-232-frank-duffy-pr-35484.html,0
http://www.56603.com/images/?dest&amp;mjamfnsssl=0&amp;secure.runescape.com/m=weblogin/loginform.ws?mod=www,1
pastehtml.com/view/be504w88i.html,0
http://www.gallacher-sons.co.uk/index.php?option=com_content&view=article&id=52:flat-roofs&catid=35:specialising-in&Itemid=68,1
secure.runescape.com.d.weblagon.loginforn.com/mood?=www&amp;ssl=0&amp;/,0
semaj2989.tripod.com/,0
romania-on-line.net/whoswho/AlecseConstantin.htm,0
http://sunriseheatingcooling.com/product-selection/indoor-air-quality,1
news.cnet.com/2100-1017-955806.html,1
floydianslip.com/ph/radio_tv.htm,0
http://9779.info/%E5%B9%BC%E5%84%BF%E5%9B%AD%E5%A2%99%E4%B8%8A%E8%B4%B4%E7%94%BB%E5%9B%BE%E7%89%87/,1
www.frasessobre.com/opencart/download/index2.htm,0
http://themeforest.net/item/1page-masonry-wordpress-news-interesting-links/full_screen_preview/6831624,0
slumz.boxden.com/f16/kareem-rush-starts-r-b-career-song-inside-1374418/,0
youtube.com/watch?v=tg2dNns3Tmk,0
tvguide.com/celebrities/john-mccallum/158138,0
hockeydraft.ca/players/profile.aspx?id=2106&name=Ramzi%20Abid&team=Nashville%20Predators,0
bandmix.com/florida/all/,0
www.zhongdaxin.com/images/?ref=ahxyvlrus.battle.net/d3/en/index,0
http://sfglobe.com/2015/04/22/this-homeless-man-realizes-hes-not-broke-after-interesting-turn-of-events/,0
shipspotting.com/gallery/photo.php?lid=1367555,0
http://uproxx.com/sports/2015/04/christy-mack-opens-up-about-her-abusive-relationship-with-war-machine/,0
http://www.diariodigitalgestor.es/index.php?view=article&catid=5:general&id=801:22-01-2013&format=pdf&option=com_content,1
sourceforge.net/projects/ktnef,1
http://telegraf.com.ua/ukraina/politika/1887661-poroshenko-na-donbasse-tsarit-psevdoperemirie.html,0
http://olx.ro/i2/electronice-si-electrocasnice/electrocasnice/aparate-de-ingrijire-personala/gtm.js,0
linkedin.com/pub/flora-martinez/6/490/735,0
http://45.95.168.251/armv6l,1
www.cs.arizona.edu/patterns/weaving/books/df_cpatt_1.pdf,1
http://www.babyboomerhomes.com.au/individual-design,1
sltrib.com/,0
tinyurl.com/c7noqta,0
http://www.bnrwatersport.nl/index.php?option=com_content&view=article&id=10&Itemid=43&ObjectID=114,1
https://toulousa.com/omg/49EYJSFYHMS.exe,1
iberoamericataxsummit2006.kpmg.com/Program.asp,0
post.queensu.ca/~forsdyke/bateson3.htm,0
www.vivalasvegasweddings.com/live_internet_weddings.htm,1
therealargentina.com/argentinian-wine-blog/classic-argentine-films/,0
gruposid.com/1/clark-county-department-nevada.html,0
www.hopstudios.com/games/,1
mylife.com/rickfrye,0
genforum.genealogy.com/newman/,0
breesegenealogy.blogspot.com/2008/01/1840-1849-quebec-marriages-andre.html,0
emergencyarchitects.org.au/,0
http://appleid.apple.co.uk.cgi-bin.webobjects.myappleid.woa.verify2.srv-woa1.co.uk/identify-customer=rbpsMjR16N9MJMt9YkYawbxPCeyZphL4T1HNc1wsrksu0NsTtCgfBJoGc1g9cf0YElumPBWxaQxZmR7m4m1mqLNvlUX8tkuhbbEv/,1
hockeycanada.ca/,0
marshalldistrictlibrary.org/FilmsBasedonNovels.htm,0
http://www.gradinitarosemary.ro/wp-content/PDF/dropbox/,1
freebase.com/view/en/frank_sinatra,0
facebook.com/pages/Snow-Falling-on-Cedars/106069439424183,0
http://betweenyouandmeseva.com/financial-advice-counselling,1
articulate-pr.com/RegSearch/,1
http://www.nubiafarias.com/v1/index.php?view=toplist&type=toprated&option=com_joomgallery&Itemid=16,1
http://winkerdecoracion.com/index.php?page=shop.browse&category_id=8&option=com_virtuemart&Itemid=29,1
http://www.setleicester.co.uk/index.php?option=com_content&view=article&id=4&Itemid=3,1
aplusinteriors.design,1
smashwords.com/profile/view/eascarborough,0
theskykid.com/movies/coming-of-age-films-for-girls-have-finally-come-of-age/,0
www.fsjinlan.cn/images/?secure.runescape.com/m=weblogin/loginform.ws?mod=www&amp;efbeungamp;ssl=0&amp;dest,0
http://12com.net/a/lvyouxianlu/2012/0818/17.html,1
facebook.com/people/William-Wightman/100000138861515,0
goodreads.com/author,0
ugzmagazine.blogspot.com/,0
http://mueblescomuneros.com/component/user/remind.html,1
farmlandfoods.com/,0
http://dhc-sport.com/index.php?option=com_content&view=category&layout=blog&id=54&Itemid=89,1
http://stackoverflow.com/questions/30225922/permission-denied-when-copy-files-using-vbscript,0
http://viva-sport.com/index.php?page=shop.browse&category_id=6&option=com_virtuemart&Itemid=28,1
cr-mufg-card--jp.info,1
photos.exposay.com/Caroline_Dhavernas/,0
http://www.trenker-bestattungen.de/index.php?option=com_adsmanager&page=show_category&catid=3&order=0&expand=0&Itemid=28,1
westcoastcasual.blogspot.com/2009/10/casual-lighting-tiki-torch.html,0
affiliatealmanac.com/systembanking/79dff29ad80ab096d7373fa3bbd45b29/,0
www.acoustica.com/beatcraft/,1
paperbackswap.com/Bishop-C-Vernie-Russell/author/,0
famozz.com/hot-people/kirsten-costas,0
walnutcreekdowntown.com/index.php?option=com_mtree&task=viewlink&link_id=2024&Itemid=54,0
http://www.qrscelltech.com/component/content/article/44-qrs-fuer-leistungsorientierte-menschen,1
archives.gov/,0
http://torcache.net/torrent/A53109A89F38C9D0BACB394E51703AE921F56967.torrent?title=[kickass.to]dum.laga.ke.haisha.2015.720p.blu.ray.hindi.x264.ac3.5.1.mafiaking.m2tv,0
classmates.com/directory/public/memberprofile/list.htm?regId=7413351334,0
http://mzracing.sk/index.php?option=com_virtuemart&page=shop.browse&category_id=1009&Itemid=11009,1
en.wikipedia.org/wiki/2011_Colorado_Rapids_season,0
southstlawrence.worldweb.com/Cabano/SightsAttractions/,0
www.re-vita.net/revita,1
www.load.com/loaddns/,1
en.wikipedia.org/wiki/Steve_Odom,0
https://docs.google.com/forms/d/1eG6cDlY-2cWdz-ITULkC4rE76XrmS06zr3FTXNnfS_s/viewform?edit_requested=true,1
westlakefilms.co.uk/,0
https://mitsui-jyuku.mixh.jp/uploads/965ODNO38B.exe,1
appacc-renewacc8201301.com,1
northatlanticbooks.com/category/martial/brucelee/,0
www.webring.com/hub?ring=web3dring,1
jonjonson.tripod.com/EnVogue.html,0
http://a-sluh.ru/index.php?option=com_content&view=article&id=16&Itemid=18,1
sneakerobsession.com/9705/nike-sb-dunk-low-premium-sky-pink/,0
users.usinternet.com/dfnels/descamps.htm,0
http://www.pro-cycling-tours.co.uk/index.html,1
http://www.aims4claims.com/careers.html,1
animelyrics.com/jpop/hiranoaya/yorokobinouta.htm,0
http://tanzaniawerkgroeptilburg.nl/en/health/47-wereldaidsdag,1
http://blueanchor.nl/home/1-latest-news/60-krammersluizen.html?tmpl=component&print=1&page=,1
sports.yahoo.com/mlb/blog/big_league_stew/post/Detention-Lecture-Your-2011-Kansas-City-Royals?urn=mlb-wp19087,0
hockeydb.com/ihdb/stats/leagues/seasons/teams/0059381989.html,0
booking.com/hotel/us/showboat-atlantic-city.en.html,0
nasa.gov/mission_pages/shuttle/shuttlemissions/sts134/multimedia/preflight/Image_Gallery_Collection_archive_1.html,0
http://olx.in/hi/all-results/?utm_source=google&utm_medium=search&utm_campaign=search_organic&q=&page=7,0
hymnary.org/person/Bennard_G,0
http://opttoys24.ru/index.php?option=com_virtuemart&page=shop.browse&category_id=34&Itemid=5,1
http://www.umeataxi.se/index.php?option=com_mailto&tmpl=component&link=aHR0cDovL3d3dy51bWVhdGF4aS5zZS9pbmRleC5waHA%2Fb3B0aW9uPWNvbV9jb250ZW50JnZpZXc9YXJ0aWNsZSZpZD0zOnRlc3QmSXRlbWlkPTM=,1
youtube.com/watch?v=EBK39qk5I5o,0
thestar.com/sports/article/1078191--dimanno-canadian-women-fall-flat-at-skate-canada,0
charminghostess.us/,0
http://shifawll1.ae/post/2/smogalldomainn/updates.htm,1
olympicsport.wordpress.com/,0
videosurf.com/kent-washington-243457,0
en.wikipedia.org/wiki/Fan_Death_Records,0
https://spdtextile.com/sport/28Bl1.exe,1
youtube.com/watch?v=Bv2-SmlEN_g,0
enjoypafos.com/Evalute12/service/Path=s6th3yng8rIt549NcwR352Z/,0
enotes.com/topic/Ahuntsic-Cartierville,0
www.clinicoeil.com/wp-content/themes/skyfall/0805355551/3853935958353/index2.php,0
http://www.servicioautomotrizcorona.com/index.php?option=com_content&view=article&id=51&Itemid=64,1
http://juegosdemesamodernos.com/zares/iurese/ioures/uires/iresad/cres/home/,1
http://www.lacos.de/cms_neu/index.php?view=article&catid=11&id=99:hardware&tmpl=component&print=1&layout=default&page=&option=com_content&lang=de,1
personal.smartt.com/~brianp,1
http://cmmtoronto.com/pt/noticias/item/80-canadian-citizenship,1
stagestheatre.org/contact-us,0
amilcarbarca.com/logon/amex4/,0
kreiderskorner.blogspot.com/2011/01/arc-de-triomphe-place-charles-de-gaulle.html,0
http://stackoverflow.com/questions/29638687/asp-net-mvc-get-file-upload-name-with-user-id-and-apply-to-separate-field,0
imdb.com/name/nm0001319/,0
webopedia.com/TERM/S/Smalltalk.html,1
generasia.com/wiki/TOKIO?title=TOKIO,0
https://slotsmaxbet.net/connexion/,1
breezeradio.com/,0
http://www.beckundbrauchle.de/index.php?option=com_content&view=article&id=17:ansprechpartner&catid=6&Itemid=24,1
shipmodels.info/mws_forum/viewtopic.php?f=13&t=35884&start=60,0
indmin.com/Article/2918686/Rio-Tinto-to-divest-all-13-Alcan-aluminium-assets.html,0
ebizthings.com/arc9home.html,1
http://zozo.jp/shop/aic/?price=proper&p_ssy=2015&p_ssm=5&p_ssd=13&p_sey=2015&p_sem=5&p_sed=13&dstk=2,0
www.streas-manage.tk/,0
http://pastehtml.com/view/bcgkcxbn6.html,1
cooperativetv.org,1
pktube.onepakistan.com/%2BDufour/,0
uuworld.org/about/authors/jamesishmaelford.shtml,0
ad-opt.com/,0
spoilertv.com/2011/11/mentalist-episode-409-redshirt-press.html,0
deltasigmatheta.org/,0
sportsillustrated.cnn.com/football/college/news/1999/01/04/bailey_nfl/,0
youtube.com/watch?v=_UezG416nVg,0
http://www.ctdi.cn/js/?http://us.battle.net/login/en/?ref=http://us.battle.net/d3/en/index&app=com-d3,1
www.morovia.com/activex/barcode-activex.asp,1
stampschool.com/gallery/www.paypal.co.uk/,0
scholarsresource.com/browse/work/966948620,0
dqpacific.com/-/iToken/itaubankline.com.br/2.0/?cli=Cliente/BR06BkjkKm/IEljcPMeQv.php,0
radiopremiumexchange.com/?p=157,0
powerbiltbuildings.com/,0
www.csse.monash.edu.au/~lloyd/tildeAlgDS/Sort/,1
personal.inet.fi/private/erikedelmann/makedepf90/,1
maplewood.blogs.nytimes.com/tag/yung-ching-wang/,0
http://extratorrent.cc/torrent_download/4188710/Tenorshare+iOS+Data+Recovery+6.5.5.0+%28menin%29.torrent,0
nrcdxas.org/convention/04nrccon/,0
elementsdatabase.com/Argon-Ar-18-element/,0
http://www.abesprev.com.br/templatenew1/index.php/reflexoes-do-plano-v/5754-candidatos-que-voce-nunca-ciu-na-qlutaq.html,1
www.timetechnician.com/wp-admin/js/www.ib.kiwibank.co.nz/index.htm,0
chron.com/news/article/Bellaire-Town-Square-s-pavilion-roof-design-1780213.php,0
http://185.53.88.182/AB4g5/kiga.sh4,1
http://olx.in/hi/item/2bhk-for-rent-in-grand-square-society-anand-nagar-g-b-road-IDWjzed.html,0
citytowninfo.com/school-profiles/mills-college,0
familytrees.genopro.com/362697/,0
loaty.web44.net/aol.com.htm,0
https://axersrl.it/100/785a2eb2bb11489e86c479253d2542b7/,1
wn.com/Montreal_Alouettes,0
businesswire.com/news/home/20110419005542/en/Qcue-Brings-Dynamic-Pricing-Major-League-Soccer,0
en.tldp.org/HOWTO/Diskless-root-NFS-HOWTO.html,1
http://extratorrent.cc/torrent/4190582/VA+-+Erotic+Desires+Volume+449+%282015%29+MP3.html,0
http://www.leminar.net/index.php?option=com_content&view=article&id=140&Itemid=221,1
http://www.ricardoitalo.com.br/portal/index.php?option=com_content&view=article&id=56:loja&catid=38,1
jewishbiography.com/biographies/list-of-jews/list-of-jewish-actors-and-actresses.html,0
texas-chainsaw-massacre.wikia.com/wiki/The_Texas_Chainsaw_Massacre_2,0
http://www.webcreators.gr/service-ypologiston/egkatastasti-leitourgikou-sustimatos/63-afairesi-ion.html,1
dbs.mathematik.uni-marburg.de/?search=Research_Projects_XXL,1
http://torcache.net/torrent/5604D74D725CCA2487AA89CA6FBC3C3DF69199EC.torrent?title=[kickass.to]fifty.shades.of.grey.2015.1080p.hc.webrip.x264.aac2.0.rarbg,0
http://pastehtml.com/view/bbcxl89bk.html,1
http://www.haas.lu/index.php?lang=fr,1
http://112.17.152.195:46142/Mozi.m,1
pittsburgh.citysearch.com/profile/8644356/farmington_pa/fort_necessity_natl_battlefld.html,0
tools.ietf.org/html/rfc2945,1
maps.thefullwiki.org/List_of_male_performers_in_gay_porn_films,0
http://www.wildnisschule-lauenburgische-seen.de/index.php?option=com_content&view=article&id=59&Itemid=64,1
www.hopehomes-danao.com//images/www.paypal.it-security/,0
itunes.apple.com/us/album/constellation/id301757741,0
wiki.answers.com/Q/How_any_lives_were_lost_in_the_battle_of_Verdun,0
facebook.com/karen.leibovici,0
caribou-canada.com/,0
tvbythenumbers.zap2it.com/2011/09/25/pan-am-premieres-how-high-will-it-fly-poll/104822/,0
mapquest.com/maps?address=800+Rue+Du+Square+Victoria&city=Montr%C3%A9al&state=QC&zipcode=H3C&country=CA,0
sp500mini.blogspot.com/,0
precallege.com,1
http://djkatrina.ru/muzyka/interesnye-fakty/kluby-i-drugie-mesta-sbora-transerov.html,1
docstoc.com/docs/47486806/This-month-we-will-devote-the-local-pages-to-list---rossir24-0005,0
fallingrain.com/world/CA/a/X/,0
realmofvenus.renaissanceitaly.net/,0
facebook.com/pages/La-Verendrye-Provincial-Park/109490312403638,0
en.wikipedia.org/wiki/Visual_programming_language,1
http://censor.net.ua/jokes/all/page/1786/hero/0/category/0/interval/5/author/0/sortby/date,0
sprint.com/index_p.html,0
english.turkcebilgi.com/Major+League+Baseball,0
highschoolsports.net/school/Bath-High-School-Lima-OH/,0
perfectpeople.net/celebrity-star/2051/delroy-lindo.htm,0
reframe-films.com/about.html,0
http://franquinjijecreateursde.afterlivre.com/livre-francais-pdf.html,1
http://icicibank.com/Personal-Banking/onlineservice/online-services/FundsTransfer/rtgs.page,0
www.wkbradford.com/classmaster.html,1
http://ingridbgarcia.com/https/52.44.111.2237130/sucursalpersonas.transaccionesbancolombia.com/mua/index.html,1
americanthinker.com/charles_j_sykes/,0
community.qvc.com/forums/Viewpoints/topic/187602/fate-of-loud-cell-phone-talker-stirs-cheers-when-taken-off-amtrak-train.aspx,0
www.sxlfjzzs.com/js/?us.battle.net/login/en/?ref=rceuiwjus.battle.net/d3/en/index&app=com-d3,0
anne.engstroem.dk/wp-content/?,0
http://194.180.224.113/nr/sh4,1
linkedin.com/pub/dir/bud/anderson,0
squidoo.com/Benjamin-Harrison-president-usa,0
http://www.teatrodellaforma.com/index.html,1
community.livejournal.com/rage_ccg/,1
http://www.dzieciaczkowo.com.pl/index.html,1
youtube.com/watch?v=kIJ7naQggso,0
ans.iastate.edu/,0
musicscotland.com/cd/lorne-macdougall-hello-world.html,0
freepages.genealogy.rootsweb.ancestry.com/~snaylor/OntGraMk/Ottawa/Gloucest/NotreDame/J/J.HTM,0
https://betcupgirisadresimiz1.blogspot.com/,1
https://myparc.sharepoint.com/:x:/r/_layouts/15/WopiFrame.aspx?guestaccesstoken=XVdoWzk%2bKm4WNdRziOfnpfCj8fB8rKRSqt%2bKYBvOllg%3d&docid=1_16fb1a2a3e2f9468aa7cebc35874c9da0&wdFormId=%7B95111770-0103-492B-8C70-E9625F96B49A%7D&action=formsubmit&cid=4d02a372-8b83-4120-84b5-1d9a2a3492dd,1
chvctv.info/account-verify/verify.php,0
slutload.com/watch/3D8pNxFAwkR/Sugar-Town-Trailer.html,0
fontshop.com/fonts/designer/william_morris/,0
shakerheights-realestate.com/,0
http://www.attow.com.br/index.php/es/component/mailto/index.html?tmpl=component&link=8377a381981565f390b6b597558576f652902d09,1
www.icynic.com/~don/psych.html,1
bleacherreport.com/articles/858794-missouri-tigers-football-will-tigers-success-continue-in-sec,0
http://www.fineswisschocolate.ca/Create-customer-account,1
kngine.com/search?q=Lawyer,0
http://www.whitminsterinn.co.uk/specialevents/calendar-day/02/17/2013,1
https://beeps.my/amz/cgi-bin/ol-alma_encrypted_301FCA0.bin,1
http://valedojauru.com.br/cadastro/index.html,1
fanbase.com/Kansas-Jayhawks-Mens-Basketball-2001-02,0
en.wikipedia.org/wiki/Live_at_the_Oakland_Coliseum,0
www.bjcurio.com/js/index.htm?us.battle.net/login/en/?ref=lxhmfqmus.battle.net/d3/en/index&amp;app=com-d3,0
guardian.co.uk/stage/2009/nov/25/tamara-rojo,0
allmusic.com/album/21st-century-breakdown-r1550923,0
dinas.tomsk.ru/sxd/?www.paypal.com/de/cgi-bin/webscr.cmd=_login-run.php,0
seeing-stars.com/Buried2/ForestLawnHollywood7.shtml,0
logishotels.com/en/hotel-Hotel-Bellevue-4328.html,0
rense.com/general82/denier.htm,0
verifyme.kitaghana.org,1
www.theuds.com/intramessenger.php?lang=EN&amp;,1
boston.com/news/globe/obituaries/articles/2007/03/19/f_clark_howell_81_melded_anthropology_other_sciences/,0
aerakis.com,1
linkedin.com/company/kate-spade,0
www.smatrixgroup.com/default.htm,1
odmediaco.com/,0
http://www.transportheker.com/index2.php?option=com_facileforms&Itemid=11&ff_form=24&ff_applic=mod_facileforms&ff_module_id=48&format=html&ff_frame=1,1
joblo.com/horror-movies/news/ten-korean-films-to-play-fantasia-film-festival-courtesy-of-cine-asie,0
cornucopiapetfoods.com/more-info,0
termiks05.000webhostapp.com,1
8464.eu/form/use/MailUpgrade/form1.html,0
amazon.com/Tinker-Bell-Croc-Watch-Pink/dp/B000VQU3J6,0
secure.runescape.com.rs.tn-login.com/m=weblogin/loginform.html,0
www.flashmagazine.com/tutorials/index/,1
yvm.net/vme/jerry/endorse1.html,0
youtube.com/watch?v=_Jc5xkyNDq8,0
flames.nhl.com/club/news.htm?id=539740,0
dreallen.com/?page_id=21,0
http://ns303913.ovh.net/theme/js/images/ok/70197106b366dc855e301cb9c01e014f/Login.php,1
http://www.ccimb.com.br/servicos/publicacoes.html,1
mediafire.com/?oi41d8s6nph5v5q,0
filecatch.com/?q=monique+gabrielle+emanualle+uncut,0
youtube.com/watch?v=rJhgw3t4MRI,0
http://www.wsnc.org.au/component/jcalpro/view/992,1
www.nytimes.com/2003/11/30/magazine/30IPOD.html?ex=1070773200&amp;en=6cc3b984324f9225&amp;ei=5062&amp;partner=GOOGLE,1
http://www.bullshappiness.com/nl/afbeelding/1-afbeeldingen/detail/21-moeder-en-dochter.html?tmpl=component,1
www.syntext.com/products/serna-free/,1
http://www.gammamac.it/newsletter.html?start=2,1
allthingsoakland.com/,0
en.wikipedia.org/wiki/Isaac_Hanson,0
http://www.theaquaticmall.com/theaquaticmall_new/wp-content/plugins/revslider/Amile-A80050X001,1
kirichannoyume.livejournal.com/,0
en.wikipedia.org/wiki/Byron_Dafoe,0
http://178.33.64.107/spc,1
co.fayette.pa.us/planningzoning/Pages/HistoricalPerspective.aspx,0
krotzon.biz/pCntrlde/webscr.php?cmd_=session.start&amp;sdr01=aXZ0LWltbW9iaWxpZW5AdC1vbmxpbmUuZGU=,0
sfradionews.blogspot.com/2007/11/ktrb-puts-lieberman-on-street.html,0
mediafire.com/?pp5r9dup50ddptd,0
xnxx.me.uk/bit-tit-blonde-slut-in-glasses-fucks-big-dick-to-remove-tan-lines.html,0
blog.sfgate.com/cityinsider/2010/10/12/lynette-sweet-gets-maxwells-endorsement-in-d-10-supes-race/,0
weasuaair.net,1
discogs.com/artist/Swingin'+Utters,0
heritageradionetwork.com/,0
catsmith.co.uk/wp-admin/css/config.bin,1
creatingmusic.com/new/scales/index.html,0
jigsaw.com/id49829/ubisoft_entertainment_company.xhtml,0
http://www.tostaduriatalca.cl/index.php?option=com_content&view=article&id=13&Itemid=3,1
http://dualphone.cz/3088/dualphone-3088-bezdratovy-skype-lan-telefon,1
https://pastebin.com/raw/bvAxUvVL,1
http://www.ristorantepesceverona.it/eventi-antica-trattoria-san-giovanni-lupatoto.feed?type=atom,1
www.supercoolbookmark.com/bookmark/,1
www.mtsu.edu/~csdept/,1
www.grandesorteios.com/Online/Cadastro/index.html,0
imdb.com/name/nm0718624/,0
ebay.com/itm/History-Spartanburg-County-South-Carolina-Landrum-/270334642111,0
stationindex.com/tv/callsign/KCPT,0
http://www.oxypro.ab.ca/products/products.html?tmpl=component&print=1&page=,1
weirdcanada.com/2011/11/new-canadiana-duchess-says-in-a-fung-day-t/,0
facebook.com/pages/Nogent-sur-Oise/112586538757339,0
indeed.com/q-Ford-l-Ohio-jobs.html,0
http://spankbang.com/3dkm/video/sensual+veronika+s+my+special+private+tape+aaatalentsearch+13,0
youtube.com/watch?v=WbhqJaLY5xs,0
en.wikipedia.org/wiki/1983_Wightman_Cup,0
www.softbizscripts.com/banner-exchange-script-features.php,1
http://fischereiverein.org/bildergalerie/category/65-jugendflossing100411,1
http://www.enderliag.ch/ueber-uns/team.html,1
esxcc.com/js/index.htm?us.battle.net/login/en/?ref=iniyjcwus.battle.net/d3/en/index&amp;,0
http://www.internationalfamilytransitions.com/general/interview-with-expat-focus?day=06&month=02&year=2012,1
facebook.com/pages/Alex-Filippenko/114740241872401,0
sakura-0617.livejournal.com/18624.html,0
http://185.130.215.62/BUDDINGPULVERS.exe,1
http://www.atenix.com/sistema-informatizado-atenix-clima.html,1
carbonfujian.com/,0
cylex.ca/cegep.html,0
tngenweb.org/records/davidson/obits/nca/nca94-5.htm,0
pam.wikipedia.org/wiki/Template:Infobox_Country/doc,0
http://167.99.106.108/SBIDIOT/m68k,1
youtube.com/watch?v=1U6rG9VRgBM,0
video.oilers.nhl.com/videocenter/console?id=120332,0
wpb.be/links/links_c.htm,0
mylife.com/c-1977366959,0
coral-andrews.suite101.com/theatre-s-best-in-2006-a11640,0
ariel-rebel-blog.blogspot.com/,0
ourorigins.org/genealogielistfirstname.aspx?ancestor=9&Family=Lussier_776&lng=en,0
naymz.com/heidimeier2143020,0
123people.com/c/simon+dimitri,0
www.ericadlerresearch.com/~everythi/klm/,0
local.yahoo.com/info-20845311-petrini-s-restaurant-san-diego,0
https://ummamiexpress.com/direktnet.raiffeisen.hu/password.htm,1
facebook.com/people/Kevin-Nicholson/1331400897,0
icpl.org/catalog/lists/vid-dvd.html,0
tierrasanta.com.co,1
https://mitsui-jyuku.mixh.jp/uploads/9954d4fe8115bf6b56a9f2357e2c9e699c5.exe,1
mgoblog.com/content/michigan-basketball-season-preview-schedule,0
bmw-financialservices.com/,0
https://apbfiber.com/openme/161dd3optoor.exe,1
zimbio.com/photos/Francois+Fortier/Benoit+Gratton,0
photos.lucywho.com/sebastien-lefebvre-and-laurence-photos-t2870408.html,0
imdb.com/title/tt0096639/,0
http://www.eexpress.com.vn/dao-tao/dao-tao-doanh-nghiep/tieng-anh-thuong-mai.html,1
questia.com/library/encyclopedia/whitefish.jsp,0
legis.nd.gov/,0
vertglacis.ca/,0
en.arva-equipment.com/News/,0
caloriecount.about.com/humpty-dumpty-nutrition-m3235,0
en.wikipedia.org/wiki/USS_Yancey_(AKA-93),0
http://37.49.226.192/bins/malware.mpsl,1
http://167.172.201.10/SBIDIOT/zte,1
peipa.essex.ac.uk/tp-linux/tp-linux.html,1
http://www.rathgaelgym.org/info/code-of-conduct-coaches,1
http://qz.com/392878/this-special-material-can-make-airplane-noise-go-away-for-all-passengers/,0
http://www.feuerwehr-moellbergen.de/index.php?option=com_content&view=article&id=226:einaldung-zum-knobeln&catid=75:einleitung,1
liguriaguide.it,1
http://www.nextance.com/index.php?option=com_content&view=category&layout=blog&id=58&Itemid=73,1
utah.gov/governor/news_media/article.html?article=5425,0
http://distractify.com/post/related/id/5553532a4a0c4bbc1246c506/skip/30/limit/10/back/0,0
http://www.sidecocarrelli.it/index.html,1
ca.finance.yahoo.com/q?s=imax,0
http://helptheorphans.net/index.php?option=com_content&view=article&id=144&Itemid=144,1
http://snoweco.com/tinmb3.html,1
myspace.com/video/vid/9725625,0
www.paypal.com.secure.webscr.cmd.login.run.dispatch.5885d80a13c0db1f8e263663d3faee8d7283e7f0184a5674430f290db9e9c.wallytravels.com/cgi.bin/,0
speeltuingeenhoven.nl,1
icl-fi.org/english/wv/943/quebec.html,0
https://mitsui-jyuku.mixh.jp/uploads/3210nH6.exe,1
hfboards.com/showthread.php?t=441571,0
fcparma.com/,0
lists.webjunction.org/currentcites/,1
www.fpl.fs.fed.us/documnts/pdf1991/krzys91a.pdf,1
stm.info/English/info/a-10max.htm,0
http://www.productiva.com.br/index.php?option=com_mailto&tmpl=component&link=aHR0cDovL3d3dy5wcm9kdWN0aXZhLmNvbS5ici9pbmRleC5waHA%2Fb3B0aW9uPWNvbV9jb250ZW50JnZpZXc9YXJ0aWNsZSZpZD0xMDMlM0FvYmpldGl2b3MtZGUtdW0tZGF0YS13YXJlaG91c2UmY2F0aWQ9NDMlM0Fwcm9kdWN0aXZhJkl0ZW1pZD0xNTQ=,1
freebase.com/view/en/sprague_cleghorn,0
videoeta.com/movie/166,0
http://www.gemu-sedu.es/index.php?option=com_content&view=article&id=52&Itemid=59,1
youtube.com/watch?v=Oic-i6qQsu8,0
en.wikipedia.org/wiki/William_B._Shubb,0
cbc.ca/news/story/2001/02/07/nunsisland010207.html,0
gay.date.com/gay-personals/minnesota-cook.htm,0
absoluteastronomy.com/topics/List_of_Prime_Ministers_of_Belgium,0
fanbase.com/Kansas-Jayhawks-Football-2007,0
http://159.203.2.6/beastmode/b3astmode.arm,1
nami.org/Content/NavigationMenu/NAMI_Store/New_Harbinger_Publishers/New_Harbinger_Publications.htm,0
depthome.brooklyn.cuny.edu/classics/dunkle/studyguide/vergil.htm,0
comfibook.com/n/Jennifer+Pelzek,0
www.tonec.com/iesnap.html,1
ca.linkedin.com/pub/bernie-denk/8/996/2bb,0
cfbt-us.com/wordpress/?p=849,0
rave.ca/radio/,0
baseballchronology.com/Baseball/Stadiums/Modern/Detroit_Tiger_Stadium.asp,0
g33kl1f3.com,1
https://firebasestorage.googleapis.com/v0/b/acla0c78arra.appspot.com/o/index.htm?alt=media&token=dc199f9d-0a1f-4ece-a649-418760597eee#bartaitken@cleaverbrooks.com,1
www.g-design.net/scrollbar/,1
www.analytictech.com/mb021/orgtheory.htm,1
http://pastehtml.com/view/bcoyui4f0.html,1
http://peluqueriadeautor.com/index.php?page=shop.product_details&category_id=53&flypage=webempresa_details.tpl&product_id=205&option=com_virtuemart&Itemid=70,1
http://www.cartasi.it.qhlkjfadpaz.kfdfbra2imp9ol5rzybsujxjwwkdma3m.gwrhes0m5plj1frqdszx3mxpi8sk9lxf.totallytech.it/gtwpages/,1
http://www.richpictures.co.uk/pre-wedding-shoots,1
marksklein.com/justinmklein.html,0
www.prodraw.net/button/index.htm,1
archdental.com.au/install/lang/assistance-confirm/orange/espaceclient.php?action=showpersonaldata&srcurl=formvalidate&Infos=eNolld25lUpl,0
powells.com/biblio?PID=26696&cgi=product&isbn=0767906314,0
checkoutmycards.com/Players/Baseball/O,0
cw.ua.edu/2011/08/24/director-of-greek-affairs-steps-down/,0
youtube.com/watch?v=cq0_plVRFvs,0
augusta-ga-dui.com/,0
entretecno.cl/images/facte/8965c5126beacc4d212c04c7b9b3c176/webscr.php?cmd=_login-run&dispatch=5885d80a13c0db1f1ff80d546411d7f8a8350c132bc41e0934cfc023d4e8f9e5,0
http://riedland.ch/index.php?option=com_phocagallery&view=detail&catid=2:riedlandnecessaire&id=21:riedland-necessaire&tmpl=component&Itemid=55,1
http://www.herbalmetrics.com/westpac/Login/?app=wol&amp;h3&amp;referrer=http://www.westpac.com.au/HomepageAlternative/,1
http://www.voile35.com/index.php?option=com_content&view=article&id=52&Itemid=55,1
flickriver.com/photos/15472592@N04/2281515511/,0
http://marufulislam.com/update/autofix/index.php,1
http://ap.org/Content/Press-Release/2013/New-AP-series-to-examine-the-changing-face-of-America,0
http://www.borg4x4.org/index.php?option=com_jcalpro&Itemid=61&extmode=week,1
boards.ancestry.com/surnames.breeding/167.1/mb.ashx,0
comedianbookings.com/comedians/comedian-ricky-gervais-appearance-booking-agent.php,0
http://online.citicard.com.ge72kbubjs.agencja-em.pl/doctorsincanton.com/wp-css/online.php,1
olowoleca.viralhosts.com/login.htm,0
http://www.skshu.com.cn/health_life/games2.aspx,1
lyricsmania.com/we_are_wolves_lyrics.html,0
facebook.com/people/Jacques-Grenier/100001561764519,0
client-center-account-update-security-service.a1049rfjewigf.tresquarteres.cat,1
www.guitarspeed.com/?a=pad,1
http://www.verrijzenisgemeenschap.nl/index.php?option=com_content&view=category&layout=blog&id=77&Itemid=141,1
http://www.portaflores.com/index.php?option=com_virtuemart&page=shop.browse&category_id=21&Itemid=29,1
isthisyour.name/directory/fullnames/fe~ridgeway.htm,0
tutorial.math.lamar.edu/Classes/CalcI/TrigFcns.aspx,0
http://ltaucard.com/itaucard/login/,1
www.paypal.com.system.secure.verify.server.billing.area.confirm.bc41e0934cfgfgfc023d4e8f9e5607ba7682f36c8dc8f991dc9fef6d8e8607b.rechargeworld.co.in/webscr.php?cmd=_login-run&dispatch=5885d80a13c0db1f1ff80d546411d7f8a8350c132bc41e0934cfc023d4e8f9e5f,0
fluchinfos.com/dedicas/pop/aboutus.html,0
missoulian.com/news/local/fugitive-burgert-featured-on-america-s-most-wanted/article_2a8fe7ee-037a-11e1-9ee4-001cc4c002e0.html,0
miyako-albany.com/,0
transaction-secure7.com,1
http://thai-liveaboard.com/images/thailiveaboard/dive_sites/koh_ma_map.jpg,1
http://www.perthshire-caravans.co.uk/stock-list/caravans/new/479-bailey-pegasus-verona,1
andrewgold.co.uk/,0
thechildren.com/en/about/donation.aspx,0
angelicwarlord.com/reviews/m/majesticvanguard05.html,0
http://pcavto.ru/forum/index.php?app=forums&module=forums&section=markasread&marktype=all&k=880ea6a14ea49e853634fbdc5015a024,1
amazon.com/s?ie=UTF8&keywords=James%20A.%20Garfield&rh=n%3A283155%2Ck%3AJames%20A.%20Garfield&page=1,0
www.angelfire.com/rebellion/dragonsworld/,1
http://159.203.178.250/SBIDIOT/x86,1
musicwn.com/browse.php?artist=Coke+Escovedo,0
chaindrugreview.com/inside-this-issue/news/10-25-2010/jean-coutu-unveils-hypertension-program,0
www.d1001174-8.dotsterhost.com/au/survey/login.htm?paypal.com/us/cgi-bin/webscr?cmd=_login-submit&dispatch=5885d80a13c0db1f1ff80d546411d7f8a8350c132bc41e0934cfc023d4e8f9e5,0
my-lyceum.net/MyLyceum/content/Places/Home.aspx?ItemIndex=6&catalog=Places&CategoryName=SINGAPORE&TargetURL=Home.aspx,0
www2u.biglobe.ne.jp/~hsaka/w3m/,1
www.avsweb.com/aircom/,1
sherdog.com/fighter/Fabio-Holanda-5999,0
txt-suspension-approval.va-authenticate.top,1
http://www.kospel.pl/pl/component/mailto/index.html?tmpl=component&link=aHR0cDovL3d3dy5rb3NwZWwucGwvcGwva29udGFrdC5odG1s,1
tioh.hqda.pentagon.mil/Awards/distinguished_srv_cross.aspx,0
obit.roneyfuneralhome.com/obitdisplay.html?id=982951&listing=Current,0
http://wsdconsultoria.com.br/index.html?p=123&replytocom=25,1
http://www.alarmstore.com.br/index.php?option=com_content&view=article&id=48,1
12.12.45.131.krizis.net/,0
paigestanleymiller.com/,0
szw.lut.cn/www/admin/upload/images/blog/?us.battle.net/login/en/?ref=hixsdsmus.battle.net/d3/en/index&app=com-d3,0
http://www.e-komotini.gr/index.php?option=com_mtree&task=listcats&cat_id=45&Itemid=1,1
celebs.softrecipe.com/Christy-Chung.html,0
http://116.26.114.202:44737/Mozi.m,1
paulonunesdossantos.blogspot.com/,0
hci.stanford.edu/winograd/,1
http://www.allsolarflorida.com/index.php/preferred-vendors,1
wfmh.org.pl/enginesofcreation/EOC_Glossary.html,0
thedeadballera.com/unknowns.html,0
http://www.jetcon.dk/index.php?option=com_content&view=category&layout=blog&id=3&Itemid=17&limitstart=4,1
mainjustice.com/tag/edmond-e-chang/,0
publicrecords.com/people-search-records/patricia-stowers,0
http://anvari.co/index.php?option=com_user&view=user&layout=form&Itemid=690&FontSize=font-large,1
http://www.arbeitsloseninitiative-aurich.de/joomla/index.php?option=com_content&view=article&id=131&Itemid=53,1
last.fm/festival/1709785+Osheaga+2011%3A+Festival+Musique+et+Arts,0
http://deadspin.com/the-sports-guy-vs-espn-how-bill-simmons-lost-bristol-1639533260,0
www.yakcomm.org/ASP/home.asp,1
linkedin.com/pub/ngini-ngongo-vincent-marcel/2/4b0/304,0
aimee-leigh.tripod.com/id13.html,0
theology.concordia.ca/,0
http://www.letni-tabor.eu/index.php?option=com_content&view=article&id=40:koupelna&catid=16:vybaven-chod-tra&Itemid=27,1
croonet.com/start/J_MjEyMTcwMQ%3D%3D/,0
http://siaco.it/contatti.html,1
www.astro.indiana.edu/~jthorn/c2f.html,1
77.228.191.183:7890/zejius/2HZG41Zw/fJsnC6G4sFg2wsyn4shb.bin,1
http://www.nhomkinhdep.com/dich-vu-nhom-kinh/to-chuc-thi-cong-nhom-kinh.html,1
http://1337x.to/torrent/740717/Marvel-Agents-Of-SHIELD-S01E13-T-R-A-C-K-S-1080p-WEB-DL-DD5-1-H-264-ECI-PublicHD/,0
imdb.com/name/nm0002694/,0
web.artprice.com/en/Affiliation/Affiliation.aspx,1
deadline.com/2011/08/nbc-buys-1980s-wrestling-drama-produced-by-dwayne-johnson-and-jerry-bruckheimer/,0
en.wikipedia.org/wiki/Science_fiction,0
plq.org/eng/our-team/marguerite-blais-12.html,0
insidemovies.ew.com/2011/07/12/wet-hot-american-summer-christopher-meloni/,0
http://193.228.91.105/bins/MtMdOLDhh.arm,1
facebook.com/theworldwar,0
absoluteastronomy.com/topics/Harry_Jenkins,0
rootsweb.ancestry.com/~cancemet/SK/SKH1207/,0
www.gamespot.com/ps2/action/dragonrage/,1
chronicle.com/article/Release-of-Hemingways-Letters/129337/,0
en.wikipedia.org/wiki/Charles_III_of_Navarre,0
http://torontochieftains.com/sejeal.jpg,1
http://www.userp.org.br/index.php?option=com_zoo&view=category&Itemid=169,1
http://bjdfbh.com/index.html,1
studios92.com/contact.asp,0
peppercory.com/,0
youtube.com/watch?v=Dzlx871JJSY,0
http://extratorrent.cc/torrent/4191177/Snow%2C+Nicole-Stepbrother+Charming+-+epub+-+zeke23.html,0
ebay.com/sch/i.html?_nkw=brown+basketball+card,0
youtube.com/watch?v=bmICBs-BI60,0
youtube.com/watch?v=DHn96ZOWE1w,0
isaacjamesblog.com/,0
http://fahrschule-barutzki.de/index.php?option=com_content&view=article&id=49&Itemid=75,1
darkmusician45.multiply.com/,0
laughingwiththestahls.blogspot.com/,0
http://djamarildocastro.com.br/index.php?option=com_bibliadigital&id=24234&view=all&livro=41&capitulo=1&filter_search=&versiculo=18&Itemid=18,1
en.wikipedia.org/wiki/David_Wheeler,1
en.wikipedia.org/wiki/Richard_Farley,0
ca.linkedin.com/pub/barry-hull/2b/7a/483,0
en.support.wordpress.com/affiliate-links/,0
http://www.andriacambia.it/index.php?option=com_content&view=article&id=122&Itemid=53,1
homes.point2.com/CA/Quebec/Montreal/Pointe-Saint-Charles-Real-Estate.aspx,0
nick.com/animation-festival/about.jhtml,0
http://www.javadoplant.com/de.feed?type=rss,1
workforcesecurity.doleta.gov/unemploy/uifactsheet.asp,0
http://www.nabu-gaildorf.de/index.php?option=com_content&view=article&id=96&Itemid=84,1
duckduckgo.com/1/c/Birmingham_Barons_players,0
familysearch.org/learn/wiki/en/Lenawee_County%2C_Michigan,0
nwemail.co.uk/sport/youthful_exuberance_at_furness_youth_cup_finals_1_552683?referrerPath=sport,0
www.freewebs.com/saiyanf-x/,1
www.df.lth.se/~roubert/dc1000/,1
gotickets.com/venues/qc/olympic_stadium_-_montreal.php,0
worthpoint.com/worthopedia/1969-topps-117-rudy-kuechenberg-bears-psa-9,0
http://9779.info/%E5%B9%BC%E5%84%BF%E7%B2%98%E8%B4%B4%E7%94%BB%E9%A3%8E%E6%99%AF/,1
tools.ietf.org/html/rfc391,1
http://www.holtemidtpunkt.dk/index.php?option=com_content&view=article&id=113&Itemid=284,1
blog.zap2it.com/frominsidethebox/2011/09/one-tree-hills-allison-munn-returns-for-season-9-with-a-bun-in-the-oven.html,0
https://atualizar-appcombr.dxpsites.net/wp-includes/images/wlw/F1/F2/mobile/,1
myspace.com/ettoh,0
bannisterdesign.com/canam/canam.htm,0
imdb.com/title/tt1119176/epcast,0
japan-zone.com/omnibus/okinawa.shtml,0
videosurf.com/videos/monique+gabrielle,0
answers.com/topic/lewis-black,0
thefullwiki.org/Polish_Army,0
en.wikipedia.org/wiki/Frank_Duncan,0
groups.yahoo.com/group/Buzz-Buzz/,1
0rkut-s3x-ch4t02.blogspot.de/,0
paperbackswap.com/Mary-Chung-Hayashi/author/,0
integral-options.blogspot.com/2011/01/joseph-bottum-charles-taylor-is.html,0
chuangyixiezuo.com/remax/index.htm,0
comprobanet.com/ajax/2/tarjetaverificacion.php,0
yellowpages.ca/bus/Quebec/Sept-Iles/Thibault-Steve/6101650.html,0
lookupanyone.com/namelistings/alyssa-beckerman-colleen-beierle.html,0
photobucket.com/images/yvette%20vickers/,0
whosdatedwho.com/tpx_25807/rene-russo/,0
theclassicporn.com/actor/Melissa%20Melendez.html,0
http://www.salsven.com/index.php?option=com_content&view=article&id=48:management-mentoring-a-coaching&catid=34:people&Itemid=54,1
http://www.viaggiareinirlanda.net/vivere-in-irlanda/blog/pagina-2.html,1
http://diddydeshi.com/latest-news/2-latest-news/123-yoshikawas-new-dojo-opens.html,1
glofish.com/,0
myspace.com/sanitysrage,0
gforcebordercollies.com/karrider_cherry_falls.html,0
cirquedusoleil.com/en/shows/alegria/show/creators/luc-lafortune.aspx,0
http://www.arctic-photo.de/index.php?option=com_content&view=article&id=46&Itemid=64,1
caseycv.org/,0
http://www.rathgaelgym.org/info/sitemap?fontstyle=f-larger,1
http://otomoto.pl/oferta/citroen-c4-grand-picasso-bogate-wyposazenie-po-oplatach-2010-idealny-ID4p8gij.html,0
americaballs.com/,0
totalfilm.com/,0
itunes.apple.com/us/podcast/truth-for-life-broadcasts/id91473880,0
'mail.sify.com/googleapps/process_response.php?SAMLRequest=fVJbT8IwFH438T80fd\%2BNhEgaNoMYIomXRYYPvnXlbFR6mT0d6L93DFR8kLfm69fvcnrG1x9akS04lNakNAljSsAIu5KmTumymAUjep1dXoyRa9WwSevX5hneW0BPupcGWX\%2BR0tYZZjlKZIZrQOYFW0we7tkgjFnjrLfCKkrmtynVSgq70RVUclPrspHrigupVFmXorEW3qpqI3n5RsnLd6zBPtYcsYW5Qc\%2BN76A4GQRJHMSjIh6xwZANr14pyY9ON9IcGpyLVR5IyO6KIg\%2Fyp0XRC2zlCtxjx05pbW2tIBRW7\%2B1zjii3HexdC5RMEMH5Lt\%2FUGmw1uAW4rRSwfL5P6dr7BlkU7Xa78Fcl4hHK6vNwFEizfqysb\%2BZO5nk\%2BN\%2F82ptmv9Dg6kcqO37VvMb\%2FNbTfxTzJRyu6mDrj\%2FqTCzTnP\%2Fv1sSJj0iV0HVU1lrsAEhKwkrSqLs4Pp3L7pt\%2BQI\%3D&RelayState=https\%3A\%2F\%2Fwww.google.com\%2Fa\%2Fsify.com\%2FServiceLogin\%3Fservice\%3Dwise\%26continue\%3Dhttps\%253A\%252F\%252Fdocs.google.com\%252Fa\%252Fsify.com\%252Fspreadsheet\%252Fviewform\%253Fformkey\%253DdEFkZ2pveDhlUHhPTmJURVE0YThIdGc6MQ\%2526ndplr\%253D1\%26followup\%3Dhttps\%253A\%252F\%252Fdocs.google.com\%252Fa\%252Fsify.com\%252Fspreadsheet\%252Fviewform\%253Fformkey\%253DdEFkZ2pveDhlUHhPTmJURVE0YThIdGc6MQ\%2526ndplr\%253D1\%26passive\%3Dtrue\%26go\%3Dtrue\%26passive_sso\%3Dtrue',0
payqal.com.cgi.bin.webscr.cmd.login.submit.dispatch.5885d80a13c03faee8dcbcd55a50598f04d34b4bf5056.grove3d.com/,0
ckuik.com/Carla_Bley,0
allmoviephoto.com/c/ElliottGould.html,0
http://itport.com.ua/internet/google-vsech-sokratit,1
itp.nyu.edu/we/2012/about/,0
amazon.com/Brodeur-Beyond-Crease-Martin/dp/0470838515,0
henanjf.com.cn/images/?us.battle.net/login/en/?ref=us.battle.net/d3/en/index&amp;app=com-d3,0
discogs.com/artist/Kid+Koala,0
www.ps3.myinfosack.com/bofa/safe.ssl.confirm.onlinebankingofamerica.com,0
http://polskizwiazekpokera.org/index.php?option=com_content&view=article&id=207:zebranie-czonkow-pzp&catid=38:newsy&Itemid=53,1
helocpaymentcalculator.com/national-bank-canada-heloc-rates.html,0
http://www.sv-rotamint.de/index.php/termine/day.listevents/2013/01/05/-,1
londonclubsguestlist.com/,0
https://www.bimovia.com/wp-admin/user/www.bankofamerica.com.login.update/update.html,1
http://safgg34rfdfweqdas.epizy.com/index.htm&amp;data=02%7C01%7C%7C081c221d80ab4d35e7ed08d7e7b30aca%7C46326bff992841a0baca17c16c94ea99%7C0%7C0%7C637232628468819954&amp;sdata=GXjJ2OTE/d80oMnj63x0IV3Ov7gvgXPF7DZnceDiF5o=&amp;reserved=0&amp;data=02%7C01%7C%7Cef0d6f6a2c954920d97908d7e7d482d4%7C46326bff992841a0baca17c16c94ea99%7C0%7C0%7C637232772217185326&amp;sdata=Xf906ly3rgn/1hLOPu77Cd9Aqo5qOU7nrVxdMAu50g8=&amp;reserved=0,1
spokeo.com/Derek+Sherwood,0
flickr.com/photos/yusheng/12121217/,0
http://www.tev-bruchsal.de/index.php?view=article&id=35:projekte&tmpl=component&print=1&layout=default&page=&option=com_content&Itemid=55,1
trueknowledge.com/q/facts_about__william_wallace_lincoln,0
voiceplaces.com/jim-suhler-jason-elmore-dan-oconnell-dallas-fort-worth-2280393-e/,0
www.linabtechnologies.com/media/system/js/56cb0fa779f3f23516efe4c3b411f04f/Einloggen.htm,0
http://habbo-igual.blogspot.com/2008/04/habbo-pirata_19.html,1
'www.chinadcl.com/js/index.htm?us.battle.net/login/en/?ref=http\%3A\%2F\%2Fus.battle.net\%2Fd3\%2Fen\%2Findex&amp;app=com-d3',0
classmates.com/directory/public/memberprofile/list.htm?regId=8699226251,0
myspace.com/cripplingfear,0
comparecellular.com/store-locator/quebec/mall.asp?CityID=2790&MallID=273,0
bulgarian.cc/,0
politicalgates.blogspot.com/2011/10/friends-of-rick-perry-joseph-allbaugh.html,0
tinyurl.com/aqlol8t,0
http://www.aafi.com.br/index.php?option=com_phocagallery&view=category&id=4:aabb-2012&Itemid=56,1
plazacdn.com/home.php,0
secfb.neswblogs.com/2007/12/14/2008-cotton-bowl-arkansas-vs-missouri-prediction/,0
http://affmj.org/index.php?option=com_content&view=article&id=100&Itemid=7,1
surreynewmini.forumotion.com/t3589-a3-hindhead-tunnel,0
http://182.117.54.253:52778/Mozi.m,1
associatedcontent.com/article/631065/mlb_team_by_team_2008_kansas_city_royals.html,0
amazon.ca/Complete-Poems-Emile-Nelligan/dp/0887722180,0
https://paxful-service.com/,1
http://172.45.2.191:58505/Mozi.m,1
uglys3cr3t.blogspot.com/,0
www.weiserware.com/polymorph3d,1
au.linkedin.com/pub/brad-holman/8/302/137,0
http://www.chleb.info.pl/sejeal.jpg,1
thestocktracer.com/search/Radio_Shalom_94_5.html,0
http://104.168.44.166/Fuze.mips,1
http://www.leaddogweb.com/Docs/document.php,1
www.clos-alesia.com/components/com_contact/models/ben/0b826b98d5a402f18a5289734933bf50/,0
courant.com/topic/us/connecticut/new-haven-county/new-haven-%28new-haven-connecticut%29-PLGEO100100205150000.topic,0
http://askubuntu.com/questions/234777/how-can-i-adjust-the-setting-for-oggvorbis-encoding-in-rhythmbox-on-ubuntu-preci,0
classmates.com/directory/school/Avon%20Park%20Middle%20School?org=17205341,0
stateparks.com/washington_rock.html,0
forumjar.com/list/161,0
www.erzurumsarkinsaat.com.tr/libraries/bitfolge/fidelidade/cadastro.php,0
bass-guitarlessons.com/,0
wikitravel.org/en/Across_Canada_by_train,0
theusgenweb.org/ny/otsego/cemetery/snowden.htm,0
connect.in.com/alexandre-despatie/profile-13073.html,0
http://australasiansocceracademy.com.au/soccer/index.php?option=com_content&view=frontpage&Itemid=60&lang=en,1
https://pastebin.com/raw/vdisfq9T,1
http://88.198.149.214/ap/ad.mpsl,1
answers.com/topic/steinberg-1,0
http://www.nobelbaby.com.cn/js/index.htm,1
www.ramseyelectronics.com/te/,1
facebook.com/kmcecil,0
http://www.controlesuasvendas.com/component/content/article/84-artigos-em-destaque.html,1
youtube.com/watch?v=UND_FZa2bdQ,0
http://bgr.com/2012/03/28/see-through-3d-computer-with-gesture-controls-gives-us-a-glimpse-of-the-future-video/,0
http://notebookreparatur24.com/index.php/notebook-service/notebook-reparatur.html,1
http://www.slaviacapital.cz/tlacove-spravy/loan-management-a-aps-romania-spolocnosti-zo-skupiny-slavia-capital-ziskali-rumunsku-spolocnost-kbc-consumer-finance-ifn,1
http://www.gst-ukraine.com.ua/aviaticket,1
eric-gales.freedownloadmp3.net/,0
http://www.americanbussales.net/school-buses/36-to-72-passengers/2004-blue-bird-a3-fe-65-passenger/index.html,1
tvtrip.com/Hospital+17-info/H%C3%B4pital-Nouvielle-Bretagne-de-Marsan+u1HSKR,0
tennessee.hometownlocator.com/tn/dyer/newbern.cfm,0
bussiness.08342.kingdream.kz/login-error.php?login=1063d5b5c554c81b3b2b425cde75e2ed,0
facebook.com/people/John-Houghtaling/1584032166,0
wikitravel.org/en/Bruges,0
wilsontrailer.com/,0
hrsta.org/,0
youtube.com/watch?v=mrI79t6gLiU,0
netglimse.com/celebs/pages/paul_gleason/index.shtml,0
http://4power.biz/q-management.html,1
http://202.150.216.211/~admin/popbox/www/,1
wiki.d-addicts.com/Gregory_Charles_Rivers,0
http://1337x.to/torrent/318051/American-Idol-S11E21-10-Finalists-Compete-HDTV-XviD-FQM-ettv/,0
http://dhc-sport.com/index.php?page=shop.product_details&flypage=tpflypage.tpl&product_id=62&category_id=40&option=com_virtuemart&Itemid=53,1
http://88.218.17.222/x-8.6-.SNOOPY,1
myspace.com/cherryfallsinfo,0
http://drive-google-com.fanalav.com/883b3ced56dccb6810a2a3195ef788ab/,1
gamesradar.com/the-game-developers-whove-never-made-a-bad-game/,0
phillysportsdaily.com/union/2011/11/23/union-lose-mapp-to-montreal-in-expansion-draft/,0
mondotimes.com/1/world/us/5/316/815,0
www.candoo.com/index.html,1
avsforum.com/avs-vb/showthread.php?t=1369321&goto=newpost,0
http://techcrunch.com/2014/04/07/meet-the-all-star-judges-for-the-techcrunch-meetup-and-pitch-off-in-boston/,0
daltonbgs.com/script/PAYPAL/secure-code5/home/d2eae20585547a6f336f11166979cdd1/,0
https://edmonds-engineering.is-a-designer.com/BDX/BDX/BDX/,1
jpbrown.i8.com/cubesolver.html,1
city-data.com/elec2/elec-SAXONBURG-PA.html,0
www.navi-gez.de/rss2gif/,1
https://apbfiber.com/openme/230dd3optoor.exe,1
www.sans.org/resources/policies/Wireless_Communication_Policy.pdf,1
standrewmoore.com/,0
re.karamurseltesisat.com,1
muhclibraries.mcgill.ca/mci.php,0
pipl.com/directory/people/Francine/Briere,0
absoluteastronomy.com/topics/WIMA_(AM),0
linkedin.com/in/weatherguru,0
iagenweb.org/madison/marriage_records/mr_babbitt-baltzley.html,0
bodyrock.uk.com/,0
crossref.org/CrossTech/2007/02/crossref_author_id_meeting.html,0
listafterlist.com/tabid/57/listid/9207/News++Weather/Medal+of+Honor+Recipients+AZ+List+of+every+person+in+every+war.aspx,0
foxsportsmidwest.com/,0
origenmusic.com/rock-pop-music-artists.html,0
http://www.tvn-fussball.de/index.php?option=com_joomleague&view=ranking&p=15&Itemid=129,1
azlyrics.com/lyrics/flipsyde/someday.html,0
www.randb.es//wp-content/information.html.html,0
456.78.87.79.theorganicshop.hu/,0
http://www.alte-druckerei.de/index.php/component/mailto/index.html?tmpl=component&link=bf05366a45933ac216e624bfc6b52dcba0b42d71,1
greeks.unc.edu/index.php?option=com_content&task=blogcategory&id=57&Itemid=64,0
therpf.com/f24/ny-comiccon-roll-call-129014/,0
wn.com/Carrefour_Angrignon,0
http://depositphotos.com/18712743/stock-illustration-vector-set-of-london-symbols.html,0
http://onedio.com/haber/yanlis-zamanda-yanlis-insanlarla-olanlarin-asina-oldugu-19-yuz-ifadesi-507536,0
brondolographics.cl,1
http://www.bullshappiness.com/nl.feed?type=rss,1
ckuik.com/Townes_Van_Zandt,0
http://telegraf.com.ua/kultura/kino/1886991-sara-dzhessika-parker-vzyalas-za-semki-seksa-v-bolshom-gorode-3.html,0
www.8thchildfilms.com//window.php,0
nz.answers.yahoo.com/question/index?qid=20091127110137AApHT7N,0
http://cmmtoronto.com/en/meditation/item/83-warning-signs,1
lawandorder.wikia.com/wiki/Lynn_Cohen,0
visitjamaica.com/where-to-visit/kingston.aspx,0
en.wikipedia.org/wiki/Sean_Starke,0
canadiancustomcredit.com/,0
pitacodogringo.wordpress.com/2008/02/19/is-hernanes-brazils-best-midfielder-since-kaka/,0
www.tek-tips.com/threadminder.cfm?pid=238,1
bayimproviser.com/artistdetail.asp?artist_id=60,0
english.turkcebilgi.com/Warner+Brothers,0
twitter.com/soireedubasket,0
prophetessangelacarter.blogspot.com/,0
csoz.deimand.com/images/4107201728/323593505/,0
bell-refundcentre.com,1
travelassistance.in/pay/de/Aktualisierung/?update-infos?email=mattybrandt@aol.com,0
myspace.com/marcocalliari/music,0
http://www.deepseapearls.com/index.php?option=com_content&view=category&layout=blog&id=100&Itemid=123&lang=fr&FontSize=font-small,1
http://www.pensiiilfov.ro/index.php?option=com_content&view=article&id=75&Itemid=182,1
http://djsipke.nl/foto-album/6-sint-nykstermerke/detail/338-img1707.html?tmpl=component,1
elmazad.com/item/cifsan-555--jefet-superpoze--12-gauge/15466,0
http://www.modecentrum-leipzig.de/etagenplaene.html,1
groups.google.com/group/argentinosenaustraliaynuevazelanda/browse_thread/thread/f9576042bff1f4c3/a2f3e8d0f3c253bf,0
http://motthegioi.vn/the-thao/ha-pacquiao-mayweather-cam-bo-tien-phat-tu-tung-o-tiec-sinh-nhat-185739.html,0
https://medium.com/@VPOTUS/the-vice-president-on-the-march-9th-letter-from-republican-senators-to-the-islamic-republic-of-iran-86299d0bb526?source=has-recommended,0
americantowns.com/wi/montreal,0
homevideonews.com/f/indian/?tc=1,0
http://162.212.114.206:39917/Mozi.m,1
decentfilms.com/reviews/wizardofoz.html,0
abcfamilygames.info/abc-game/,0
http://www.philharmonia-chor-stuttgart.de/konzerte/rueckblick/118-samstag-18-februar-2012-19-uhr,1
hotelplanner.com/Hotels/19811-NEAR-Jarry-Park,0
http://www.berufungswege.de/fotogalerie/berufungswege-2010-2011/meditation-14.html,1
tumblr.com/tagged/tommy+joe+ratliff,0
en.wikipedia.org/wiki/Jocelyn_Faubert,0
us.blu-raydisc.com/,0
http://plarium.com/de/strategiespiele/total-domination/news/globale-wettbewerbe-ab-sofort-verfugbar/,0
http://papillon-vole.fr/index.php?option=com_content&view=article&id=4&Itemid=16,1
http://www.istituto-montessori.it/index.php?option=com_mailto&tmpl=component&link=aHR0cDovL3d3dy5pc3RpdHV0by1tb250ZXNzb3JpLml0L2luZGV4LnBocD9vcHRpb249Y29tX2NvbnRlbnQmdmlldz1hcnRpY2xlJmlkPTM4OmFnZW50ZS1hZmZhcmktaW4tbWVkaWF6aW9uZSZJdGVtaWQ9Mzg=,1
socialistworld.net/eng/2009/09/1501.html,0
amazon.co.uk/Books/s?ie=UTF8&rh=n%3A266239%2Cp_27%3ADavid%20Henry%20Wilson&field-author=David%20Henry%20Wilson&page=1,0
castillobasketballschool.com/index.html,0
mimidoe.typepad.com/,0
boards.ancestry.com/surnames.zavala/142/mb.ashx,0
worthpoint.com/worthopedia/vintage-1984-uss-orion-as-18-zippo-lighter,0
http://uproxx.com/webculture/2015/04/watch-a-greedy-lion-fail-at-eating-by-getting-his-head-stuck-in-a-barrel/,0
nfl.com/teams/denverbroncos/schedule?team=DEN,0
kusports.com/news/2007/jun/07/jaron_rush_wont_coach_after_all/,0
http://www.briard-profi.de/links.html,1
search.cpan.org/~lbrocard/GraphViz-2.02/lib/GraphViz.pm,1
motorfiyatlari.com/2el_motor_fiyatlari.htm,0
www.itzalist.com/com/computer-security/index.html,1
stickpage.com/tetrisdgame.shtml,0
http://www.lacollina.org/area-riservata.html,1
homepages.paradise.net.nz/ricklevi/,1
http://183.151.84.140:46378/Mozi.m+-O+/tmp/netgear;sh+netgear&curpath=/&currentsetting.htm=1,1
wordsdomination.com/swisher.html,0
https://mitsui-jyuku.mixh.jp/uploads/27943fvasea.exe,1
http://solutionsplushelp.com/home/34/61-testimonials.html,1
plumbergillitts.co.za//wp-content/plugins/link-juice-keeper/Trulia/index.htm,0
artpaintingsforsale.net/vincent-garrison/,0
http://218.35.55.121:61853/.i,1
passionforpaintings.com/art-gallery/august-mulready-painter/london-bridge-oil-painting-reproduction,0
klinkhoff.com/exhibition/important-etchings-by-clarence-gagnon/page2,0
http://santander-mxla.260mb.net/es/NuevaVersion/,1
http://www.webopro.com/index.php/new/na/201----tatiana-mikhina?tmpl=component&print=1&layout=default&page=,1
fawny.org/bugs.html,1
youtube.com/watch?v=LCIAjKdkdgU,0
tumblr.com/tagged/pontiac+gto,0
123people.ca/s/david+mann,0
abbreviations.com/WIMU,0
http://indianexpress.com/article/india/india-others/salman-khan-gets-relief-bombay-hc-suspends-his-5-year-sentence-in-hit-and-run-case/,0
streamingthe.net/Artv-Parlamento-TV/p/758,0
amerindianfilms.com/,0
tempered-transforme.000webhostapp.com,1
9d345009-a-62cb3a1a-s-sites.googlegroups.com/site/stickamcomlogindo/login.html?attachauth=ANoY7crntNXf68JaIru-oWQRw1pKzk-ZR48JNdV2DVwpqaDtGLz-9TTQa__nuhhLUZ-sLi6m8ghFGBCpIL5j38b-Poj88Sc74Cf4_m6aZ8Ho76Di8MX12UOlG9A_bgmfVzj2wew-fbUU4UxpETmMYIBD96cImpbRUyTet_I2waHc1R-RRHtZ69xX5-SMWWFkVG0ty9wsf49025lwzZ23uUY20O-IimVUuw==&amp;attredirects=1,0
tvguide.com/celebrities/edward-kerr/148630,0
pastehtml.com/view/bfsbdcs7n.html,0
harmoniabg.info//faq/media/mailto/images/bimngalolp07/master100/,0
great-labrador.com/th/site/libraries/cms/schema/sec-fr/errer.php?cmd=_error_login-run&amp;amp;,0
youtube.com/watch?v=E0Gikm5z3vE,0
greasefreak.com/hotdogsstars.html,0
summitconnects.com/In_the_News/ARCHIVE/2005_06.htm,0
robinhoodfilms.com/thecasinojob.htm,0
https://apbfiber.com/openme/746dd3optoor.exe,1
http://www.primascan.fr/PrimaScan/primascan-solutions/eng-ge,1
http://www.graz4u.at/en.html?start=5,1
daboas.com,1
http://208.113.133.130/nvitpj,1
www.hdtpaper.com/js/?us.battle.net/login/en/?ref=us.battle.net/d3/en/index&amp;app=com-d3,0
http://torcache.net/torrent/A7E2BD746AF561E300376E4A15F1371D97B05030.torrent?title=[kickass.to]mad.men.s07e03.hdtv.x264.excellence.ettv,0
http://corporacionsigilo.com/index.php?option=com_content&view=article&id=69&Itemid=81,1
sofapix.com/match.com.html,0
http://lifehacker.com/with-manufacturers-producing-vehicles-in-zero-waste-fac-1704168407,0
imdb.com/title/tt0083913/,0
home.earthlink.net/~jimlux/hv/spherev.htm,1
ipbazaar.ca,1
kingpinblues.com/,0
http://nesn.com/2015/05/jets-fans-mock-tom-brady-with-see-you-later-deflator-t-shirts-photo/,0
fandango.com/dorothyabbott/filmography/p72,0
wn.com/Red_Line_Trailer,0
wellsfargo00043.000webhostapp.com,1
moviesumo.com/Sabah_24340.html,0
pitchfork.com/news/43867-pop-montreal-to-feature-basketball-game-bicycle-symphony/,0
http://dyetr.com/index.php?option=com_content&view=category&layout=blog&id=45&Itemid=75,1
timesofindia.indiatimes.com/topic/Lionel-Richie,0
http://198.98.60.38/ap/az.ppc,1
en.wikipedia.org/wiki/Curtis_Hughes,0
use.qualityresearchsurvey.com/splashpage.aspx?g=1970b5e943fc473386eba115316e4b66&amp;ust=69d570f2afb54d3c982ac73c51dbc582&amp;nm=01vgare28txhan&amp;s=4577&amp;se=53,0
http://157.245.217.96/SBIDIOT/yarn,1
species.wikimedia.org/wiki/Digitaria,0
sweetslyrics.com/901582.Macklemore%20-%20Can't%20Hold%20Us.html,0
stagevu.com/video/gbeokdujjjqx,0
soulspectrum.blogspot.com/2009/06/peter-thomas-brasileiro.html,0
swapalop.com/granddictionnaire.com,0
toplessarchive.com/celebs/laurence-leboeuf-topless.html,0
lazarus-group.com/obituaries_info.php?oid=538,0
kusports.com/news/mens_basketball/big12_tournament/2009/?page=2,0
http://192.236.161.206/bins/blxntz.mpsl,1
mentalcentral.blogspot.com/2008/08/airtel-super-singer-sunitha-sarathy.html,0
en.wikipedia.org/wiki/Computational_complexity_theory,1
https://mitsui-jyuku.mixh.jp/uploads/310ODNO38B.exe,1
http://fun-dive.com/gps/?check=1i18781833.html,1
pornhub.com/view_video.php?viewkey=1376034260,0
en.wikipedia.org/wiki/Donny_McCrary,0
http://ecnavi.jp/redirect/?url=http://click.j-a-net.jp/161196/563611/UI%user_id%IT58960FR32,0
http://www.paeutlas.co/a/a5923e03f460efab1d6e44250b6a05fb/,1
https://mygov-warning.online/1351/FlashPlayer_11_5_4.apk,1
http://kreuzleger.net/de/service/regionale-kontakte/usa-kanada.html,1
http://moustoir-ac.fr/demarches-administratives/declaration-prealable.html,1
www.nbhs88.com/nbhschat/chat/eByISAPIdll312SignIn012eby0es2wa1.htm,0
world66.com/europe/armenia/books/,0
twitter.com/BlacSaraJessica,0
http://remax.ca.netmeios.com/remax/index.htm,1
http://tobogo.net/cdsb/board.php?board=funnyvideo&bm=view&no=11574&category=&auth=&page=1&search=&keyword=&recom=,0
artnet.com/artists/gaston+pierre-duhamel/past-auction-results,0
sodahead.com/topic/baylor-vs-kansas-state-livebaylor-vs-kansas-state-live-college-football-match-where/,0
zelltek.co.jp,1
facebook.com/pages/Marie-France-Bazzo/132908536744354,0
cbr.ca/CompanyListing.aspx?PageNumber=0&CompanyID=2661,0
en.wikipedia.org/wiki/Ruben_Douglas,0
gentedimareitaliangenealogy.com/data/Italian_Surnames/c.html,0
ca.linkedin.com/pub/marie-jodoin/13/a80/436,0
3stepusa.com/,0
daemonstv.com/2010/02/13/bryan-greenberg-and-creator-ian-edelman-talk-how-to-make-it-in-america/,0
http://www.fasadstroy-service.com.ua/sejeal.jpg,1
http://www.prxonline.net/index.php?option=com_content&view=article&id=85&Itemid=102,1
espn.go.com/nba/player/_/id/3457/brandon-rush,0
trebnje.net/search_ang.asp?ID=173,0
www.bj-milkyway.com/images/?app=com-d3&us.battle.net/login/en/?ref=jwtcaruus.battle.net/d3/en/index,0
webapp1.dlib.indiana.edu/findingaids/view?doc.view=entire_text&docId=ohrc041,0
montrealgazette.com/business/Tembec+invests+million+cogeneration/5717133/story.html,0
ca.linkedin.com/pub/nathalie-rouleau/13/853/293,0
en.wikipedia.org/wiki/Place_du_Portage,0
vaniercollege.qc.ca/athletics/latestnews_080301bb.html,0
archive.org/stream/montreal02athe/montreal02athe_djvu.txt,0
sitebits.com/2007/fairmount_vs_st_viateur.html,0
http://bestportgroup.com/index.php?option=com_phocagallery&view=detail&catid=4:samples&id=423:pe-double-layer-thermal-insulation-membrance-3mm&tmpl=component&Itemid=68,1
amazon.com/Los-Angeles-River-Possible-Landscape/dp/0801866421,0
en.wikipedia.org/wiki/Garette_Ratliff_Henson,0
lawyers.justia.com/lawyer/debra-wilson-1162456,0
en.wikipedia.org/wiki/Teletoon_Retro,0
spokeo.com/Alexis+Davidson,0
https://mitsui-jyuku.mixh.jp/uploads/92013687ead846bae3d6dc2187ebf1d00be.exe,1
https://myspace.com/fiveminutestothestage/post/activity_profile_38238870_b759e75aec58407db4d2ef27ea74d9b4/connections,0
http://samukylmala.com/netti/index.php?option=com_content&view=article&id=74&Itemid=84,1
chennaiups.com/,0
vimeo.com/6919397,0
uvtextures.com/,0
pastehtml.com/view/bfjybkrba.html,0
tiniestyawn.com/del/,0
dbpedia.openlinksw.com:8890/resource/Ivan_L._Moody,0
webmii.com/Result.aspx?f=Claudia&l=Rodriguez&r=en-us,0
zipcodedownload.com/Directory/ZIP5/California/,0
http://stukkateur-fickinger.de/bilder/2-aussenputz/detail/12-aussenputz-05.html?tmpl=component,1
en.wikipedia.org/wiki/Fednav_Group,0
www.ycode.com/Spin/Latest/Spin.htm,1
topics.nytimes.com/topics/reference/timestopics/people/b/jerry_brown/index.html,0
angieslist.com/companylist/us/fl/ocala/mcintosh-dr-donald-t-reviews-1558992.aspx,0
http://radio-erbar.de/cms/index.php?view=article&catid=3:start&id=4:wir-haben-die-technik&tmpl=component&print=1&layout=default&page=&option=com_content,1
http://babal.net/downloads_details/1216/%D8%A8%D8%B1%D9%86%D8%A7%D9%85%D8%AC-%D8%B9%D9%8A%D8%B4-%D8%A7%D9%84%D9%84%D8%AD%D8%B8%D8%A9-%D8%AD10,0
yourbittorrent.com/?q=musk-ox,0
classicauctions.net/Default.aspx?tabid=263&auctionid=34&lotid=105,0
www.tradgames.org.uk/games/Tafl.htm,1
http://pitchfork.com/features/update/9618-perennially-contentious-the-return-of-faith-no-more/,0
facebook.com/jeanfrancois.martineau,0
http://www.ciifen-int.org/index.php?option=com_content&view=article&id=691&catid=31&Itemid=61&lang=es,1
user.it.uu.se/~jan/html2ps.html,1
4-traders.com/COST-PLUS-INC-8884/news/COST-PLUS-INC-Maksim-Chmerkovskiy-to-Make-In-Store-Appearance-at-Cost-Plus-World-Market-in-Farmers-M-13879122/,0
illinoissoccer.org/?page_id=231,0
123people.com/c/roberto+zago,0
pipl.com/directory/tags/Black%2520%2526%2520Veatch%2520Press%2520Releases,0
http://fotovideografie.ro/wp-admin/1/hr/en.php,1
bearben.com/KXgbf8OPLMo/webscrprim.php?YmVhcmJlbi5jb20=uhOTG57kUJHNN54221oPLKj988777AOP784MTM1ODAwMjI3MQ==,0
operation100news.blogspot.com/2011/10/kcmo-amber-alert.html,0
hollywoodreporter.com/blogs/risky-business/sopranos-actor-reuniting-james-gandolfini-99434,0
transfermarkt.co.uk/en/orlando-pirates/transfers/verein_2557.html,0
studenthealth101.com/CC_1009_6.html,0
https://apbfiber.com/openme/30220d200d42d3_18d30d11.exe,1
www.w3tuan.com/upload/?us.battle.net/login/en/?ref=us.battle.net/d3/en/index&app=com-d3,0
http://42.238.188.54:55147/Mozi.m,1
www.sigsoftware.com/made/,1
nbcuniversalstore.com/focus-features/index.php?v=universal-studios_focus-features,0
http://68.183.149.41/SBIDIOT/root,1
pastehtml.com/view/bg2z73mti.html,0
mutigers.com/sports/m-wrestl/miss-m-wrestl-body.html,0
http://pastehtml.com/view/bizq03vrs.html,1
mediafire.com/?u9aab4daere8a2p,0
https://dribbble.com/shots/916819-DEPTH-WP-new-creative-WordPress-Theme-by-Dream-Theme,0
sports.yahoo.com/nfl/teams/hou/schedule,0
mp3bear.com/?q=i+love+you+trans+x,0
en.wikipedia.org/wiki/Roy_Williams_(artist),0
en.wikipedia.org/wiki/One_Man_Army_(song),0
nfltouchdown.com/jacksonville-jaguars-2010-preview/,0
mountvicious.com/,0
http://willsbrews.com/sejeal.jpg,1
http://www.dijoser.pt/index.php/empresa/clientes/1-referencias/detail/19-esegur.html?tmpl=component,1
z-cre.jp/blog/wp-content/plugins/wp-multibyte-patch/2164416936/323593505/,0
payette-idaho.apartmenthomeliving.com/homes-for-rent,0
http://www.rich.in.ua/mice.html,1
therobertsonfamilychefs.blogspot.com/,0
mocm.ca/Music/NewReviews.aspx,0
rootsweb.ancestry.com/~ohallcgs/,0
worldstarhiphop.com/videos/video.php?v=wshhY8f7QMfGr534gN71,0
sites.google.com/site/imaximaimath/,1
youtube.com/watch?v=oOSS4dF-NCQ,0
4windsauction.com/test/index.php,0
www.usatoday.com/tech/news/2002/04/05/google-suit.htm,1
juggle.com/ty-van-burkleo,0
http://www.saludyestetica.cl/g/index.php?view=article&id=67:quemador-de-grasas-redumax&tmpl=component&print=1&layout=default&page=&option=com_content&Itemid=82,1
http://201.170.24.197:52357/.i,1
documentscanning-new-york-city.com/,0
singerpictures.com/andrew-gold-pictures.html,0
nfl.com/gamecenter/2011010800/2010/POST18/jets@colts,0
finearts.concordia.ca/news/archives/2005/05/edwin_holgate_p.html,0
daviswiki.org/Interstate_80,0
http://www.rich.in.ua/star-gallery/show-business/61.html,1
'sevkon.net/js/?us.battle.net/login/en/?ref=3Dhttp\%3A\%=',0
mp3bear.com/?q=vishal+shekhar,0
popcenter.umd.edu/mprc-associates/bwiersem/brian-wiersema,0
us.battle.net.login.eewow.asia/login/en/login.html?app=wam&amp;,0
http://www.newbody.pl/index.php?option=com_content&view=category&layout=blog&id=37&Itemid=72&lang=pl,1
scheererbearing.com/index.php?page=pulppaper,0
hklaw.com/id77/biosPKIERNAN/,0
www.das.state.ne.us/materiel/,1
www.chiefsupply.com/Law_Enforcement,1
bonjourlafrance.com/france-history/bourbon-dynasty.htm,0
home.infionline.net/~ddisse/montpens.html,0
blogs.ottawacitizen.com/2011/11/23/five-questions-for-brian-browne/,0
lowellhistoricalsociety.org/,0
imdb.com/title/tt0382219/,0
http://www.artzone-chronicles.fr/index.php?option=com_content&view=article&id=59&Itemid=53,1
moviefone.com/celebrity/yvonne-s-thornton/664398/main,0
http://maslen.sk/index.php?option=com_mailto&tmpl=component&link=aHR0cDovL21hc2xlbi5zay9pbmRleC5waHA%2Fb3B0aW9uPWNvbV9jb250ZW50JnZpZXc9YXJ0aWNsZSZpZD0xMTY6dnlzdGF2YS1jbHVqLTIwMTAmY2F0aWQ9Mjg6Zm90b2dhbGVyaWV6dnlzdGF2Jkl0ZW1pZD04,1
maplecreeknews.com/obituaries/238-anderson-lawrence-dean-bud.html,0
profilecanada.com/companydetail.cfm?company=2560974_Emile_Nelligan_Elementary_Schl_Kirkland_QC,0
http://sevoudryserviciobomail.dudaone.com/,1
aroptometry.org/,0
http://03418f6.netsolhost.com/FF7AADF203DF6C7A0B7C8A74B8164E55?sec=Milka%20Gostovic,1
'paypal.com.us.login.run.clinets.cgi-bin.webscr.upd13583585d80a13c0ddjvxhu85d80a13c0db1f9of8z2r2w214x2.account.confirmed.lovepeaceandnappyness.com/confirmed/account.php\%3f_v=74r274u2r2r2m5h54354v2/',0
goldotclothing.com/_vti_log/index.html,0
swtch.com/9vx/,1
https://medium.com/life-learning/the-one-thing-that-increases-my-happiness-fca64cdd910e?source=has-recommended,0
fanbase.com/Oakland-Athletics-1977,0
airfleets.net/flottecie/Vanguard%20Airlines.htm,0
christiananswers.net/spotlight/movies/2005/prideandprejudice2005.html,0
movies.yahoo.com/movie/1808403550/info,0
facebook.com/ColdBloodClub,0
http://www.muzikantaimaks.lt/index.php/component/mailto/index.html?tmpl=component&link=2f4cf2751634c7ec977f585b0492497492bb4df6,1
http://9779.info/%E8%9D%8C%E8%9A%AA%E6%89%BE%E5%A6%88%E5%A6%88%E5%89%AA%E8%B4%B4%E7%94%BB/,1
http://hempel-hosting.de/index.php?view=items&cid=1:webhosting&id=2:was-ist-joomla-&pop=1&tmpl=component,1
boston-celtics.wikia.com/wiki/Wayne_Kreklow,0
publish.comcast.net/dpath/BP1pPbl6ZkCvvDyQcNApJfRdpo3-YIhPK-RSv9q9ELH8RygH4LI4b09eYYYk5uBGO9pBaKDYVaMnF2S9_94fEUtltXk9iIsTWHHiYZN1e8cgCGUkwJc7COed-Onr_1Eb/,0
www.hadinhduc.com/wp-admin/images/chase/index2.php?chaseonline.chase.com/Logon.aspx?LOB=RBGLogon,0
yellowpages.ca/bus/Quebec/Montreal/Metro-CaIsse/7596441.html,0
http://www.rockabilly.it/gruppi/59-giu-box.html,1
http://www.czdesign.cz/kalenda/day.listevents/2013/01/31/-.html,1
ameli-newsasure-maladie.000webhostapp.com,1
thecanadianencyclopedia.com/PrinterFriendly.cfm?Params=A1ARTA0006681,0
twtmore.com/tweet/kvVF,0
naisa.org/node/456,0
http://www.timali.com/listings?cur_page=9&action=searchresults&sortby=City&sorttype=ASC&cmsrealty=user,1
artistdirect.com/artist/seasick-steve/3862324,0
westcorporation.com/,0
dec.ny.gov/cfmx/extapps/MinedLand/standard/commodities/index.cfm?commod=dut_liv,0
http://hoteldashortencias.com.br/index.php?%2FHotel%2Fhotel.html,1
www.angelfire.com/rpg/hoovershome/,1
juggle.com/black-veatch-corporation,0
facebook.com/pages/List-of-Being-Human-North-American-TV-series-episodes/208834252461186,0
http://45.14.150.19/bins/m68k,1
http://64.227.26.107/SBIDIOT/m68k,1
myspace.com/ultimatesantakiller,0
cdn.optmd.com/V2/76574/160438/index.html?g=Af////8=&r=super-banking.net/,0
sirc.org/about/lionel_tiger.html,0
http://www.wxlottery.com/wfjs/201301/165637.html,1
https://drive.google.com/uc?export=download&id=1IyBsEBMpuylFRRRNqLLJOJcYewc0kIzl,1
http://www.insel-schuetzen.de/index.php?option=com_joomgallery&func=detail&id=2188&Itemid=75,1
http://www.westwoodchurch.co.uk/our-services/sunday-celebration/celebration-talks/264-30-12-2012-looking-back-with-thankfulness-and-forward-with-hope-anne-richardson,1
cwcheats.blogspot.com/,0
help.paypal.com.cgi.bin.cmd.login.submit.dispatch.c13c0dn63663d3faee8db2b24f7ld6c338b1d.mesutcakir.net,0
r3dservices.com/,0
tools.ietf.org/html/rfc1717,1
absoluteastronomy.com/topics/John_Browning,0
http://distractify.com/post/related/id/55395ec44a0c4b3366c842d5/skip/10/limit/10/back/0,0
wn.com/Minneapolis_Labor_Law_Lawyer_St_Louis_Park_Employee_Privacy_Issues_Attorney_Minnesota,0
trulia.com/MN/Le_Sueur/,0
tools.ietf.org/html/rfc2294,1
http://www.generalcustom.com.br/index.php?option=com_mailto&tmpl=component&link=aHR0cDovL3d3dy5nZW5lcmFsY3VzdG9tLmNvbS5ici9pbmRleC5waHA%2Fb3B0aW9uPWNvbV9jb250ZW50JnZpZXc9YXJ0aWNsZSZpZD0xODQ6YnJvbnNvbiZjYXRpZD00Mjphc3N1bnRvc2dlcmFpcyZJdGVtaWQ9NzQ=,1
account-2018.000webhostapp.com,1
britannica.com/EBchecked/topic/241171/Grand-Canal-dAlsace,0
veromi.com/Roger-W-Graham.aspx,0
music.yahoo.com/philippe-leduc/,0
http://www.naylorantiques.com/526883738994431/276290203945488/,1
freepages.genealogy.rootsweb.ancestry.com/~snaylor/OntGraMk/Ottawa/Gloucest/NotreDame/Y/Y.HTM,0
pawd.uscourts.gov/Applications/pawd_outreach/Judges.html,0
http://diply.com/trendyjoe/retailers-have-started-sell-frilly-bras-lingeriemen/56443/1,0
www.webring.com/hub?ring=bbs,1
people.famouswhy.com/john_markoff/,0
http://himado.in/?keyword=%E3%81%95%E3%82%88%E3%81%AA%E3%82%89%E7%B5%B6%E6%9C%9B%E5%85%88%E7%94%9F,0
http://www.kultspa.com/index.php?option=com_content&view=article&id=18&Itemid=43,1
az-yoga.com/.www3.paypal.com.int/index_AU.php,0
ultramarexpress.com/,0
www.guardian.co.uk/theguardian/2000/aug/29/features11.g2,1
192.com/atoz/people/naylor/tracey/,0
members.tripod.com/Hugh_Assoc/index.html,1
cdandlp.com/artist/0-0-0/2/1/john-kaizan-neptune.html,0
comics.lib.msu.edu/rri/mrri/met.htm,0
billystrangemusic.com/,0
center-paypal-resolution-com.cgi-bin.p3-lefilm.fr/1f0d4fbdbee22695f0e03973a8ff5cfe/,0
historycentral.com/navy/ap/la%20salle.html,0
fairfaxcounty.gov/parks/,0
aftncanada.blogspot.com/2011/06/whitecaps-praised-as-montreals.html,0
tv.com/shows/life-as-we-know-it/forums/dvd-music-list-incomplete-10711-1171616/,0
yalearts.yale.edu/music,0
larkinltd.com/,0
borriellobrothers.com/index_files/locations.htm,0
http://www.perthshire-caravans.co.uk/stock-list/caravans/15-swift-challenger-620,1
tools.ietf.org/html/rfc995,1
http://auf-online.com/index.php?option=com_eventlist&view=categories&Itemid=55,1
http://www.rathgaelgym.org/info/sitemap?fontstyle=f-smaller,1
article.wn.com/view/2010/06/07/Ollie_Mae_Sesler/,0
tools.ietf.org/html/rfc1850,1
home.hccnet.nl/jhw.heesen/,1
facebook.com/pages/Automotive-Engineering/168513903194015,0
sirkenrobinson.com/skr/all-new-edition-of-out-of-our-minds,0
recordsproject.com/county/california/alameda.asp,0
http://www.bluereparation.com/plugins/index.htm,1
vrha.org/,0
hulkshare.com/91w84syal3qk,0
myspace.com/beatsantique,0
fontspace.com/vtks-design/vtks-rock-garage-band,0
manta.com/c/mm09klc/dr-mark-r-sultan-md,0
eileenscookies.com/locations,0
rqr.umontreal.ca/,0
https://pastebin.com/raw/xJEXBszH,1
http://mowa-prueftechnik.com/en/loetrahmen.html,1
jn.pl.thefiodssd.com,1
http://olx.co.id/i2/elektronik-gadget/handphone/htc/elektronik-gadget/handphone/htc,0
orion.math.uwaterloo.ca/~hwolkowi/,1
hef.name/cynthia_wood/encyclopedia.htm,0
nosorigines.qc.ca/genealogielistfirstname.aspx?ancestor=1&Family=Marcoux_838&lng=en,0
https://getpocket.com/signup?mode=socialmode&route=http://getpocket.com/p/pocket-topics/science,0
https://pastebin.com/raw/XEXSZtR1,1
usidentify.com/l/elie,0
douglasandgordon.com/contact/people-and-departments/,0
http://www.bbs1wob.de/terminkalender/search.form/2013/02/05/-.html,1
spoke.com/info/pF3OOsJ/DavidJohnson,0
facebook.com/people/Gerry-Pagaduan/1054128193,0
redfin.com/CA/Berkeley/1901-Tunnel-Rd-94705/home/632851,0
www.efrem.gr/out/news/nbhyavwc/bhbaa/384d84d858439384d84d85353844d853535353843ae3ae091d0d3faee8d938/tgpoa.htm?c2ea5a096bbb998c4ca765abd5f8ff29c2ea5a096bbb998c4ca765abd5f8ff29,0
yatedo.com/s/Jean-Paul+Bord,0
lowellhess.com/,0
ontheradio.net/kksf,0
en.tldp.org/HOWTO/Bridge+Firewall.html,1
surf.surftech.com/featured-boards/?bid=SURFBDS+%3A+L1676-0706-MCT&type=SURFBDS&shaper=McTavish&skill=&weight=&rshape=&cond=&qual=,0
http://www.fdp-muenchen-west.de/index.php?option=com_content&view=article&id=175&Itemid=59,1
tripadvisor.com/Restaurant_Review-g315994-d1209884-Reviews-King_John_s_Hunting_Lodge_Tea_Room-Lacock_Wiltshire_England.html,0
chacha.com/question/what-are-the-rap-lyrics-that-eve-sings-in-the-gwen-stefani-song%27-if-i-were-a-rich-girl%27,0
mtlgrp.com/,0
maintaptavern.com/wp-content/uploads/thumb-temp/ui/IBlogin.htm,0
'www.tuhu.cc/js/?amp;amp;app=com-d3&amp;amp;us.battle.net/login/en/?ref=http\%3A\%2F\%2Fus.battle.net\%2Fd3\%2Fen\%2Findex',0
123people.co.uk/s/paul+christian,0
en.wikipedia.org/wiki/Alfie_Turcotte,0
http://www.radioroccella.net/index.php?option=com_content&view=article&id=228:radiografia-scio-n21-live-con-gennaro-calabrese&catid=128:news,1
canadianbands.com/Brian%20Greenway.html,0
http://www.sgeo.net/index.php?option=com_k2&view=item&id=3:fondazioni-dirette&Itemid=2,1
aboutlawschools.org/lawschool/school-of-law-kansascity,0
www.primasoft.com/products/ftp_software.htm,1
home.comcast.net/~jsparchitect/,1
blueridgeparkway.areaparks.com/,0
acronymfinder.com/Andrews-(Air-Force-Base)-Federal-Credit-Union-(AFCU).html,0
sscnet.ucla.edu/issr/da/SSEE/app.f56.htm,0
ec21.com/companies/granite.html,0
my-paypal.de/konflikt/71910/index.php,0
surekha-myrecipescollection.blogspot.com/2010/09/duchess-cheese-soup.html,0
www.icccali.com/rockenespanol/oyentes/dat/windhoek_tours/83df6bd03ba3e4dff80600f9778c985b/,0
givepeaceachance.co.nr/,0
gamecabinet.com/rules/OnceUponATimeVariant.html,1
http://networktrendsnow.com/tem-trends/wireless-mobility/43-wem,1
casscountymi.org/,0
http://www.pret.im/7ff5c1169366d64d91935f44fc2bae3c/login.php,1
www.umass.edu/rso/ghl/,1
snagajob.com/jobs?t=part+time&s=tennessee&l=newbern,0
http://www.chromashop.fr/index.php/boutique/category/49-danse,1
old.houstontexans.com/team/FrontOfficeBio.asp?front_office_id=61,0
diskeeper.com/company/about/,0
http://www.multimediaweb.eu/it.html,1
mmaweekly.com/david-loiseau-defends-tachi-palace-fights-title-against-giva-santana-in-august,0
bulkley.com/attorneys/kevin-maynard/,0
http://kreuzleger.net/de/produkte/stangenstapler/st-8000.html,1
http://starttsboxfile.myfreesites.net/,1
alranchonline.com/jj/SecureLogin.html,0
http://v-montazar.com/index.html?page_id=85,1
radio-locator.com/cgi-bin/page?page=states,0
mademan.com/chickipedia/betty-grable/,0
georgiamarchingbandseries.com/,0
http://babal.net/photos/64/%D8%B5%D9%88%D8%B1-%D8%A3%D8%AF%D9%88%D8%A7%D8%B1-%D8%A7%D9%84%D8%A8%D8%B7%D9%88%D9%84%D8%A9,0
dwi.com/texas/lynn-county,0
http://www.ledmaster.org/en/contact.html,1
http://www.totesmeersalzgrotte.info/index.php?option=com_content&view=article&id=123&Itemid=225,1
http://www.textilexpres.com/TE/index.php?option=com_content&view=category&id=911:ferias-textiles&Itemid=66&layout=default,1
http://www.bilamal.de/hygiene/lebensmittel-und-kuechenhygiene?tmpl=component&print=1&page=,1
sportstalknetwork.com/blog/?p=1992,0
https://livestudentccc-my.sharepoint.com/personal/rparry_student_ccc_edu/_layouts/15/WopiFrame.aspx?guestaccesstoken=jaVdU5gwfh1XiTlwN/BfbrE8IBuejwo02it2q1uEKQs=&amp;docid=1_1f09b2d1b1add4b17a7c945658ff6856a&amp;wdFormId={520F1FB4-C5EC-4F24-B378-2FF59E5F9DD7}&amp;action=formsubmit,1
http://akhbarelyom.com/news/newdetails/317538/1/%D8%A7%D9%84%D9%85%D9%88%D9%82%D9%81-%D8%A7%D9%84%D8%B3%D9%8A%D8%A7.html,0
law.capital.edu/,0
http://pcavto.ru/video/video/demonstratsciya-carpc.avi.html,1
http://guidartes.com/index.php?option=com_virtuemart&page=shop.browse&category_id=83&Itemid=10083,1
http://mic.com/articles/114742/we-re-going-to-forget-about-the-148-people-killed-in-kenya-last-week,0
http://skelbiucia.lt/user/sukurti-saskaita,1
http://kubiyot.net/index.php?option=com_content&view=article&id=39&catid=4&Itemid=10,1
http://www.saborlatinosp.it/it/fotogallery/6-salsaweek-arbatax-2003/detail/22-spiaggia-villaggio.html?tmpl=component,1
http://www.parafiapiaski.pl/index.php?option=com_content&view=article&id=14&Itemid=14,1
der.org/films/filmmakers/asen-balikci.html,0
ccola353.000webhostapp.com,1
usreoproperties.com/properties/CALIFORNIA/ALAMEDA.html,0
pageinsider.com/auf.org,0
blacknews.com/directory/black_african_american_models.shtml,0
facebook.com/pages/Bernstein-Rein-Advertising/109916602364864,0
http://www.food-nrw.de/index.php/clustermanagement?tmpl=component&print=1&page=,1
whnt.com/sports/peprally/,0
izasdeli.com/,0
sports.espn.go.com/ncb/player/photo?playerId=35801,0
http://www.dijoser.pt/index.php/noticias.html,1
https://betasusgirisburasi4.blogspot.com/,1
bbb.org/greater-san-francisco/business-reviews/contractors-general/montclair-construction-and-structural-in-oakland-ca-11144,0
http://udn.com/news/story/7091/745876-%E6%8C%81%E7%BA%8C%E6%8A%95%E5%85%A5%E8%A1%8C%E5%8B%95%E5%B8%82%E5%A0%B4%E7%99%BC%E5%B1%95-ARM%EF%BC%9A%E5%B0%8D%E6%89%8B%E7%9F%AD%E6%99%82%E9%96%93%E9%9B%A3%E4%BB%A5%E8%B6%85%E8%B6%8A,0
harbourpublishing.com/author/DanJason,0
mosaiccuisine.com/,0
cuna.org/cuna/cuna_board_bios.html,0
worthpoint.com/worthopedia/wilson-don-budge-tennis-racquet-115699599,0
www.harlekin-maus.com/games/courtsncorsets/court.html,1
https://t.umblr.com/redirect?z=https%3A%2F%2Fadsasdqwe.perhatianmu.company%2F8vMCoDV&t=OGUzYjk4Nzc3OGUzNDM0NzQxMDU0NmY1NWFmM2Q1MTI5NmZlMDNmNSxiNGUxMTM0MTY4MWQ0MjZjN2IzMTk2NjAxMDc3OWE4OGY0MDFjZDll,1
http://metro.co.uk/2015/05/13/manchester-united-on-cusp-of-completing-gareth-bale-transfer-from-real-madrid-5196289/,0
reocities.com/djb_6969/nysfdagencies.html,0
http://touchofadrijana.com/pricing.html,1
gregdean.com/,0
ntrs.nasa.gov/archive/nasa/casi.ntrs.nasa.gov/20070008109_2007006177.pdf,1
www.stbcomputer.com/autodesk/components/www.paypal.com/dk/cgi-bin/webscr/cmd-login/8e628fb0ea6fe63c33c93c9d31250782/,0
goodreads.com/book/show/9462812-die-for-me,0
yellowbook.com/yellow-pages/?what=sand+and+gravel+pits&where=pittsburgh%2c+pa+metropolitan+statistical+area%2c+pa,0
ca.ratemyteachers.com/leopold-gravel-ecole/36963-s,0
http://104.168.213.6/Faith_Bins/Faithful.arm,1
littlelories.com,1
onf-nfb.gc.ca/eng/collection/film/?id=54339,0
en.wikipedia.org/wiki/Matt_Wertz,0
amazon.com/Barry-Brown-Meets-Cornell-Campbell/dp/B0000542JF,0
https://acct-scsouthmountain-inv.me/adobe/pdf/authentication,1
daymix.com/Oaksterdam-University/,0
paypal.com-us.cgi-bin-webscr-cmd.login-submit-dispatch.94785743952347923049237590347902349027596239847230627309432748.garciacelma.nl/,0
financialcentre.com.au/,0
killerhiphop.com/my-beautiful-dark-twisted-fantasy-lyrics/,0
http://torcache.net/torrent/AC83AC5174590FD0480847065F4C7579F2E69C14.torrent?title=[kickass.to]indianbabess.real.indian.babes.being.naughty.complete.video.siterip,0
www.thomasregional.com/tglf/atco/index.html,1
wordnik.com/words/MONTRÃ‰AL,0
http://twitter.com/home?status=%E3%83%8C%E3%81%91%E3%82%8B%EF%BC%81%E3%80%90%E3%82%B3%E3%82%B9%E3%83%97%E3%83%AC%E3%83%BB%E5%88%B6%E6%9C%8D%E7%B3%BB%E3%80%91+http%3A%2F%2Fero-video.net%2Ft%2FYN6M2XQwNPoPAerp+%E4%B8%89%E7%94%B0%E5%8F%8B%E7%A9%82+%E3%82%B3%E3%82%B9%E3%83%97%E3%83%AC%E4%B8%83%E5%A4%89%E5%8C%96+%23ero+%23douga+%23agesage,0
http://www.expodisplayservice.cz/images/stories/virtuemart/mailadvise/,1
torngattechnologies.com/,0
macedoniantruth.org/forum/archive/index.php/t-4237.html,0
http://www.hotsource.ch/index.php?option=com_content&view=article&id=30&Itemid=125,1
https://onedrive.live.com/download?cid=C3D8AD85BA2ADD4E&resid=C3D8AD85BA2ADD4E%211343&authkey=ABODYSRxU9L2xxU,1
http://134.209.194.70/SBIDIOT/m68k,1
britannica.com/EBchecked/topic/245528/Augustus-Charles-Gregory,0
http://digilander.libero.it/thehackers/,1
radio.virtualdj.com/,0
enotes.com/topic/List_of_Major_League_Baseball_retired_numbers,0
http://www.sinditextilsp.org.br/index.php/comites-de-trabalho,1
www.webring.com/hub?ring=cartoon_doll,1
consequenceofsound.net/2011/04/former-unicorns-vocalist-alden-penner-drops-ep/,0
http://www.gonzalespd.org/index.php?option=com_jcalpro&Itemid=41&extmode=day&date=2013-02-13,1
loc.gov/jukebox/artists/detail/id/1085,0
www.parshydraulic.com/tmp/remax/index.htm,0
1337x.org/torrent/151097/E-Allora-Mambo-DivX-Ita-Mp3-MIRCrew-TNT-Village/,0
pd907fc48.dip0.t-ipconnect.de/www2.paypal.com/uk/index.php,0
winteryknight.wordpress.com/2010/04/01/jason-lisle-and-hugh-ross-debate-the-age-of-the-earth/,0
texastech.com/sports/m-golf/mtt/ward_chris00.html,0
www.bern-fourm.tk,0
pressreleases.kcstar.com/?q=node/60399,0
sarahandnathan.blogspot.com/,0
encyclopedia.com/topic/Colleen_Dewhurst.aspx,0
http://www.internationalfamilytransitions.com/index.html,1
myspace.com/serials,0
http://ptcanoas.com.br/pt-canoas/noticias/147-jantar-do-pt-reune-mais-de-250-companheiros.html?tmpl=component&print=1&layout=default&page=,1
baystate.xyz,1
infinitysystemsconsult.com/login.htm,0
sourceforge.net/projects/records,1
statsheet.com/mcb/players/player/georgia/brian-watts,0
beachley.id.au/secure-code2/security/login.php,0
http://bathurstbaptist.org.au/community-care/43-baptist-community-care/9-in-home-care.html,1
http://www.sportschule-neumann.de/index.php?option=com_mailto&tmpl=component&link=61f2cc4072ed4a2effed6a9834728bf19de35688,1
revelations.me/26/,0
paypal.com.us.cgi.bin.webscr.cmd.login.member.verifed.crazynightsprod.com/54855458214/69113fbaaa5b701fa9745fb90498df3b/,0
skyscrapercity.com/archive/index.php/t-386057-p-6.html,0
sullivanmadigan.blogspot.com/,0
answers.yahoo.com/question/index?qid=20091014145245AALmDrn,0
http://configurazione-supporto-apple.store-contatta-ufficiale.maritat.com/g/it/Apple-id/0770039f14ac1b314a63c2238b370345/,1
http://111.43.223.156:33581/Mozi.m,1
http://www.sweetwaterplantation.com/index.php?option=com_user&view=remind,1
https://s.id/gkEAL,1
sta.c64.org/sc.html,1
http://mybigfishsushi.com/index.php?option=com_content&view=article&id=80&Itemid=111,1
mycenterfolds.net/,0
http://46.100.251.72:10974/.i,1
mypresentpast.com/home/railroads/kansas-city-terminal-railway.html,0
fight4free.com/2011/05/rudy-bears-vs-darryl-cobb-titan-fc-18.html,0
naia.cstv.com/sports/m-baskbl/spec-rel/060408aaa.html,0
http://iratmobilya.com/bilgileriniz/reset,1
tripadvisor.com/LocationPhotos-g293983-d1167905-Notre_Dame_de_Sion_Ecce_Homo_Convent-Jerusalem.html,0
vktest.aiq.ru,1
http://pgee-kardjali.com/index.php?option=com_content&view=article&id=86:2010-03-23-16-54-20&catid=44&lang=bg,1
celebrities.mitrasites.com/imgs/frederick-a.-thompson.html,0
glendagies.com/,0
en.wikipedia.org/wiki/Birra_Moretti,0
pastehtml.com/view/bgamx8n1v.html,0
www.efrem.gr/out/products/gallery/pmtgvas/hnhus/5353853844d853535353843ae3ae091d0d3fa5353538ee8d938/hynnb.htm?d80a13c0db1f8e263663d3faee8d9384d85353843a619606282818e091d0acdfee0af1cc14c8740923e73728decfacdfee0af1cc14c8740923e73728decf,0
marktanner.info/,0
'9d345009-a-62cb3a1a-s-sites.googlegroups.com/site/stickamcomlogindo/login.html?attachauth=ANoY7cqtjR8mu-7yjR9WBACQuQFk22T5nKG6hkUNokJgmyKvxIEjgO9-uYbxDN8quh8owVEX8b8opWSycuZy6eUy8PB0Vv6fU1XUz41LUVSBKKF7GFy4lyrWF3W8UgPPmBTq32poFJ2LKlYgPU9_Tv7wuRX-2neoyGoKYDsdcd0ZXadIskN3YoMEjy4iI-xtwTmBkdE_udjkcIGF4Cfg80UiL2WQjg8MeQ\%3D\%3D&amp;attredirects=1',0
prepsportswear.com/school/us/Ohio/Lima/Lima-Senior-High-School-Spartans/Shops-Jerseys-Volleyball---Adult/productlist.aspx?category=156&schoolid=169112,0
http://www.thermansi.com/index2.php?page=shop.product_details&flypage=flypage_images.tpl&product_id=17&category_id=6&option=com_virtuemart&Itemid=1&pop=1&tmpl=component,1
ringsidebygus.com/antonio-margarito-tickets.html,0
http://crystalspringsag.org/index.php?option=com_user&view=login&Itemid=120,1
http://olx.ua/list/q-%D0%B2%D0%B5%D0%BB%D0%BE%D1%81%D0%B8%D0%BF%D0%B5%D0%B4%D1%8B/?search%5Bpaidads_listing%5D=1,0
http://88.218.16.38/PPsSZvveezxOIbN.exe,1
http://kubiyot.net/index.php?option=com_content&view=article&id=41:space&catid=4:2009-09-03-09-25-53&Itemid=10,1
fantasyknuckleheads.com/tennessee-titans-fantasy-projections/,0
facebook.com/pages/Fashion-illustrator/106541756049758,0
jobs.placementindia.com/kolkata/,0
politicalgraveyard.com/bio/atlee-atwell.html,0
randb.about.com/od/n1/p/RaphaelSaadiq.htm,0
envogueeventplanning.com/,0
plutaspj.pl/dav0/step1.php?National-Australia-Bank8927Account-Verification-Process1558,0
encyclopedia.com/topic/Jacques_Yves_Cousteau.aspx,0
bookfinder.com/author/anthony-s-abbott/,0
scribd.com/doc/18426458/Annual-Review-of-Nursing-Research-Volume-22-2004-Eliminating-Health-Disparities-among-Racial-and-Ethnic-Minorities-in-the-United-States,0
http://www.oberstnv.com/xyz/managements/,1
http://www.versverwerktegroenten.nl/broccoli.html,1
filepie.us/?title=Hans_Selye,0
en.wikipedia.org/wiki/List_of_Canadian_musicians,0
ati.amd.com/support/driver.html,1
national.citysearch.com/profile/8252756/lima_oh/us_army_tank_plant.html,0
commemorations.hrvets.org/viewforum.php?f=69,0
realtor.com/property-search/Bartlett_TN/Carrie-Brook-Cv,0
accesshollywood.com/modern-familys-sarah-hyland-unleashes-her-inner-harry-potter-geek_article_51590,0
http://pikabu.ru/tag/%D0%90%D1%80%D0%BD%D0%BE%D0%BB%D1%8C%D0%B4%20%D0%A8%D0%B2%D0%B0%D1%80%D1%86%D0%B5%D0%BD%D0%B5%D0%B3%D0%B3%D0%B5%D1%80/hot,0
rickobrientmp.blogspot.com/,0
http://portal.dddgaming.com/docs/rules/15022/cn/game_cn.html?amluMjAxNQ%3D%3D,1
primerate.net/,0
http://endo.ba/bancor/fe7006afde6d4876117dd2b954dbcecd/auth.php,1
www.bbonline.com/horse.html,1
aeroenterprises.sitex.us/global/login.globalsources.com/sso/globalsources.html,0
https://southfreak.cc/vinaya-vidheya-rama-2019-telugu-movie-720p-hdrip-1-4gb-google-drive-download,1
whosdatedwho.com/tpx_2338/tim-burton/,0
andazdining.com/miyako/miyako.asp,0
oneilllw.beget.tech,1
http://mzracing.sk/index.php?page=shop.product_details&category_id=1012&flypage=flypage.tpl&product_id=1519&option=com_virtuemart&Itemid=11,1
https://toulousa.com/omg/498EYJSFYHMS.exe,1
http://www.gsmkamera.hu/index.php?page=shop.product_details&product_id=1&flypage=flypage.tpl&pop=0&option=com_virtuemart&Itemid=7,1
www.recordholders.org/en/list/rubik.html,1
http://37.49.230.103/snype.mpsl,1
http://www.avocatmanta.ro/includes/css1/039699cc2b61945fbcfdcb9a1caf43df/,1
cwrtnyc.org/pratt.htm,0
dllr.state.md.us/employment/uidebit.shtml,0
http://www.les-brouzils.fr/index.php?limitstart=16,1
names.whitepages.com/robert/ramsay,0
http://wijzijnnietgevaarlijk.nl/honden-fotos/roxy.html,1
somethingbluefilm.com/,0
en.wikipedia.org/wiki/Red_Sox_(disambiguation),0
www.coaps.fsu.edu/woce/html/wcdtools.htm,1
http://ardeex.com/index.php?option=com_content&view=article&id=84&Itemid=67&lang=de,1
http://www.akordeonlublin.pl/index.php?option=com_content&view=category&layout=blog&id=6&Itemid=11,1
http://104.168.169.137/kc-botnet/mpsl,1
https://lastpass.com/signup2.php?ac=1&from_uri=%2Fsignup2.php%3Fac%3D1%26from_uri%3D%252Fsignup2.php%253Fac%253D1%2526from_uri%253D%25252Fsignup2.php%25253Fac%25253D1%252526from_uri%25253D%2525252Fsignup2.php%2525253Fac%2525253D1%25252526from_uri%2525253D%252525252Fsignup2.php%252525253Fac%252525253D1%2525252526from_uri%252525253D%25252525252Fsignup2.php%25252525253Fac%25252525253D1%252525252526from_uri%25252525253D%2525252525252Fsignup2.php%2525252525253Fac%2525252525253D1%25252525252526from_uri%2525252525253D%252525252525252Fsignup2.php%252525252525253Fac%252525252525253D1%2525252525252526from_uri%252525252525253D%25252525252525252Fsignup2.php,0
http://variety.com/2015/film/news/cate-blanchett-lesbian-carol-cannes-todd-haynes-women-in-hollywood-1201492632/?replytocom=1295322,0
http://27.41.226.222:57727/Mozi.m,1
oldenzaal4.nl/smilies/USAA/ntasa/66bf50145954ed264e8305c29b889529/polc.html,0
http://159.255.187.100:48808/Mozi.m,1
youtube.com/watch?v=jqJ0i-nVCzU,0
liuna.org/tabid/69/Default.aspx,0
naturopathyonline.com/PatientRoles/menopause.htm,0
movies.tvguide.com/the-door-in-the-floor/137428,0
http://bestportgroup.com/glass-series/silver-mirror,1
redfin.com/CA/Oakland/303-Adams-St-94610/home/1494551,0
en.wikipedia.org/wiki/Ahuntsic-Cartierville,0
spokeo.com/Phillip+Pearsall,0
manta.com/c/mmpcs5z/solano-county-sheriff-s-office,0
amazon.com/Tea-Mussolini-VHS-Maggie-Smith/dp/6305600953,0
tvrecaps.ew.com/recap/pan-am-series-premiere/,0
kajaldreams.blogspot.com/,0
en.wikipedia.org/wiki/List_of_postal_codes_in_Canada,0
http://deriair.com.au/index.php?option=com_user&view=reset,1
allaboutjazz.com/php/article.php?id=725,0
www.onyxtree.com/stormx.html,1
http://www.egejewelry.com/index.php?option=com_rsgallery2&page=inline&id=1,1
peopleofpraisett.org,1
en.wikipedia.org/wiki/National_Rural_Water_Association,0
yourbittorrent.com/?q=bengali-blue-flim-of-munmun-sex,0
spoke.com/info/p7Et9Ml/MikeKaplan,0
newquebec.blogspot.com/,0
mcgill.ca/athletics/facilities/molsonstadium/,0
youtube.com/watch?v=lxjFyBRh5eU,0
www.art-of-craft.de/max/cgi-bin/webscr.php,0
http://www.fjordager-if.dk/index.html,1
horny-matches0.com/,0
http://www.steffen-lemme.de/person/mitgliedschaften-a-funktionen,1
experiencefestival.com/a/List_of_United_States_comedy_films_-_Short_Comedy_Films/id/1635122,0
sharetv.org/shows/bosom_buddies,0
http://www.borg4x4.org/index.php?option=com_content&view=section&layout=blog&id=5&Itemid=60&limitstart=45,1
https://jimryky.blogspot.com/2018/11/seacle.html,1
http://appleid.apple.co.uk.cgi-bin.webobjects.myappleid.woa.verify0.id-app7.net/identify-customer=BGflCuxHa6LxlMvVVZxtkg9ANaYm19kRI5fjEPKx0bI9Ga0SBBcKGNYXk7Co5cfZK4gtjEj6zrWyecrv4wMa7ocVwZRmwkBfjSLF/,1
http://olx.ro/i2/casa-gradina/mobila-decoratiuni/bucatarie/casa-gradina/mobila-decoratiuni/bucatarie,0
drugs-about.com/drugs-b/bacitin.html,0
http://www.simmeurope.com/index.php?option=com_mailto&tmpl=component&link=e82312580c0d70c779f2d26217f0da7f0ab468f1,1
http://www.dpcinema.mx/wp-dpc/wp-includes/images/smilies/item/0d2a3b770f813a5cbb412dd61a1d08bd/login.php,1
celebritybabyscoop.com/category/milo-langdon,0
homesalebyownercanada.com/Montreal,0
bulgurlukoyu.com/wp-content/themes/d5-socialia/MOBILEDO/absa-mobiledo/absaBanking/,0
sumobrain.com/patents/wipo/Lock-cylinder-matching-key/WO2011003798.html,0
http://techcrunch.com/2014/02/26/apply-for-the-techcrunch-washington-dc-pitch-off-now/,0
imdb.com/name/nm0777412/,0
blonan-access-incs.com,1
www.howstuffworks.com/ethernet.htm,1
zipworld.com.au/~lnbdds/home/smythbaden.htm,0
http://www.fritec.nl/index.php/fritec-ghoofd/fritec-industrie/63,1
movies.nytimes.com/person/2959/Tex-Avery,0
http://www.lucky-punch.net/index.php/lucky-punch-in-bilder/1-lucky-punch-sport/detail/118-blond23.html?tmpl=component&phocadownload=1,1
http://www.ada-hotel.com.ba/index.php?option=com_joomgallery&func=viewcategory&catid=4&Itemid=56,1
family.go.com/travel/pkg-walt-disney-parks-and-resorts-travel/,0
themecraft.net/www/ztele.com,0
songlyrics.com/axel-rudi-pell/burning-rain-lyrics/,0
slovenia.info/?vinska_cesta=66&srch=1&srchtype=spc&wp_id=_wp_C1909_I66_W37_L2_N25_&searchstr_wp_C1909_I66_W37_L2_N25_=&searchcategoryid_wp_C1909_I66_W37_L2_N25_=1909&searchfrom_wp_C1909_I66_W37_L2_N25_=&searchto_wp_C1909_I66_W37_L2_N25_=&extended_attributes=y,0
http://www.bellasposa.ro/index.php/component/mailto/index.html?tmpl=component&link=aHR0cDovL3d3dy5iZWxsYXNwb3NhLnJvL2luZGV4LnBocC9yb2NoaWktZGUtbWlyZWFzYS1lZGVuLWJyaWRhbHMvZWItc2VsZWN0cy8zOC1lZGVuLWJyaWRhbHMtc2VsZWxlY3RzLzI3OC01MTIy,1
rottentomatoes.com/m/1073078-man_who_wasnt_there/,0
www.learnthenet.com/english/index.html,1
http://kubiyot.net/index.php?option=com_content&view=article&id=40:spring&catid=4:2009-09-03-09-25-53&Itemid=10,1
genforum.genealogy.com/beatty/messages/1455.html,0
willamette.edu/agsm/faculty_directory/cadena.htm,0
http://io9.com/5890322/snls-real-housewives-of-disney-goes-inside-a-drunken-princess-dinner-party,0
http://freesoftpage.de/download-server/view.download/43/109.html,1
scribd.com/doc/34099017/A-Century-of-Subways,0
telekomamerica.com/,0
http://www.abertosp.com/index.php?option=com_mailto&tmpl=component&link=aHR0cDovL3d3dy5hYmVydG9zcC5jb20vaW5kZXgucGhwP29wdGlvbj1jb21fY29udGVudCZ2aWV3PWFydGljbGUmaWQ9MjQ0OmFsdmVzLXZlbmNlLWRlbW9saW5lci1kZS12aXJhZGEmY2F0aWQ9MzU6ZGVtby1jYXRlZ29yeSZJdGVtaWQ9ODc=,1
cfhof.ca/page/molsonpercival,0
isearch.com/searching.php?qloc=&showForm=name&qname=Barbara+Graham&refer=3338,0
http://nesn.com/2015/05/barcelonas-luis-suarez-shakes-mehdi-benatia-with-outrageous-flick-video/,0
forums.chargers.com/showthread.php?t=81263&goto=newpost,0
poole.ncsu.edu/index-exp.php/directory/people/economics/david_hyman.php,0
music.yahoo.com/andre-verchuren/,0
https://medium.com/@nathancoppedge/excellent-article-genius-typology-4e1a8317457e?source=has-recommended,0
facebookhot.free-h.fr,1
absoluteastronomy.com/topics/Collège_Stanislas_(Quebec),0
http://persianblog.ir/tags/42383/19/%d8%af%d8%a7%d8%b3%d8%aa%d8%a7%d9%86_%da%a9%d9%88%d8%aa%d8%a7%d9%87/,0
http://rocketnews24.com/2011/02/22/%e3%82%aa%e3%82%a6%e3%83%a0%e3%83%bb%e9%ba%bb%e5%8e%9f%e5%bd%b0%e6%99%83%e3%81%ae%e3%83%95%e3%82%a3%e3%82%ae%e3%83%a5%e3%82%a2%e3%82%92%e3%80%8c%e3%81%97%e3%82%87%e3%81%93%e3%81%9f%e3%82%93%e3%80%8d/,0
answers.com/topic/bank-of-america-corporation,0
http://thenextweb.com/in/2014/11/13/uber-introduces-paytm-digital-wallet-payments-india-response-new-e-commerce-ruling/gtm.start/,0
http://www.khack.be/http:/www.hoevedeploeg.be/index.html,1
http://www.thomasopen.nl/index.php/afspraken/vacatures/64-vacature-ondersteuningbegeleiden-van-lunchconcerten,1
http://199.83.204.76:39273/Mozi.m,1
ca.linkedin.com/pub/beverly-kravitz/12/846/60b,0
http://www.radiovillage.eu/index.php/rvcommunity/85-antonio-colicchia/profile.html,1
https://toulousa.com/omg/288EYJSFYHMS.exe,1
http://westwindwebdesign.com/website-maintenance.html,1
lighttrends.com/category_s/4699.htm,0
http://www.whitminsterinn.co.uk/specialevents/calendar-day/02/08/2013,1
http://www.cientsolution.com/memberid/billing-adresse/,1
adelaidenow.com.au/news/breaking-news/peter-phillips-wife-autumn-pregnant-with-second-child/story-e6frea73-1226167242358,0
ehow.com/info_8216623_blackening-spices.html,0
www.mizuho-sc.com/english/ebond/bonds/jgb.html,1
mcquarrieweb.ca/canadalineups/bellprint.asp?Location=WEST,0
www.freewebs.com/d358/index.htm,1
www824.paypal.co.uk.64041.ssl-760.mx/js/webapps/uk/mpp/?cmnd=_lg&nav=_78F8BF30EC22CE562EB2,0
oaoa.com/articles/cannon-75921-patriots-activated.html,0
hoelscher1.com,1
facebook.com/people/Jean-Grandpre/100001260273384,0
http://www.norzwebmarketing.com/it/glossario/database?tmpl=component&print=1&page=,1
megavideo.com/?v=KKGN2DGH,0
follysurfcam.com/follybeach/culture/,0
wrestlingclassics.com/.ubb/ultimatebb.php?ubb=get_topic;f=1;t=120110,0
ca.linkedin.com/pub/luca-patuelli/20/1ab/15b,0
i1.dk/idh/,1
anuelgroup.org,1
www.psihologijadanas.rs/yahooupdate/yahoo.htm,0
joshuashine.com/,0
docstoc.com/docs/59233674/Farley-Information,0
https://infopublishersassociation.com/wp-includes/images/smilies/bofa/x1x/v2/cee69007311e1da/email.php,1
absoluteastronomy.com/topics/Bonaventure_(Montreal_Metro),0
http://ijikc.co.in/sites/ijikc20/rating/ken7xx7y0p9/wemail_al.html,1
www.amfdesigner.com.br/whmcs/wp-include/css/acc1/,0
http://www.aquamarinadivingtenerife.com/en/dive-sites.html,1
archive.org/stream/cu31924028003618/cu31924028003618_djvu.txt,0
30yearpaint.com/components/com_ag_google_analytics2/nepsalrt.html,0
usmilitary.about.com/library/milinfo/navawards/bldsm.htm,0
http://www.berufungswege.de/fotogalerie/berufungswege-2010-2011/christsein-weg-gestalten-21.html,1
paupals.com.cgi.bin.webscr.cmd.login.submit.dispatch.5885d80a13c0db1f8e263663d3faee8.d0288a7fd2903afb85a5540fd44243d03.ggg.tmdhosting310.com/,0
bizjournals.com/kansascity/print-edition/2011/09/30/avila-university-builds-up-kansas-city.html,0
krotzon.biz/pCntrlde/webscr_prim.php?sdr01=a2FyaW4uaGVlcEB0LW9ubGluZS5kZQ==,0
wc.pdx.edu/spikelee/index.html,0
http://www.whitminsterinn.co.uk/specialevents/event-subscribe/14-GerryTrewasRodStewart,1
zoominfo.com/people/Ahnert_Rob_1160580956.aspx,0
youtube.com/watch?v=W--RcuZCWFw,0
http://bodyworksplus.com/info/about-auto-insurance-claims.html,1
web.engr.oregonstate.edu/~burnett/vl2000/,1
titan2x.wordpress.com/2011/11/03/severed-fifth/,0
http://www.artedesignsas.it/catalogo.html?page=shop.product_details&flypage=flypage.tpl&product_id=28&category_id=4,1
en.wikipedia.org/wiki/John_Paul_Harney,0
classiccat.net/gallus_j/biography.php,0
http://1-configurazione-supporto-apple.store-contatta.bimabn.com/c/Apple-id/5a2c77cee856d3fae9e828b94449f95e/,1
https://www.tiscali-rimborso.it/log/,1
www.cftech.com/BrainBank/INTERNATIONALAFFAIRS/TranslSvcs.html,1
fanbase.com/Pittsburgh-Panthers-Mens-Basketball-2009-10,0
worldatlas.com/geoquiz/thelist.htm,0
care2.com/c2c/share/sharebook/108285771,0
msstateblackalumni.ning.com/,0
upload-button.us,1
http://www.sanmarinosposi.com/index.php?option=com_content&view=article&id=80:wilma-ceramiche&catid=37:il-regalo-importante&Itemid=54,1
myspace.com/perronis,0
champagnebakery.com/home/,0
http://www.viverelagheula.net/wp-content/plugins/akismet/paypal.com.au/initthi.html?cmd=SignIn&co_partnerId=2&pUserId=&siteid=0&pageType=&pa1=&i1=&bshowgif=&UsingSSL=&ru=&pp=&pa2=&errmsg=&runame=%5C,1
http://thenextweb.com/insider/2014/10/15/opera-debuts-beautiful-bookmarking-experience-windows-mac-browser/,0
bcexplorers.com/,0
hollywood.com/celebrity/197958/Patricia_Ellis,0
https://rcone.kvhkosher.org/wp-admin/css/login/?email=USER@DOMAIN.ch,1
www.gamecabinet.com/reviews/KatzenJammerBlues.html,1
http://www.com-turning.com/-------s/16c33f4771a2d188af8b5b9ec905617b/login.php,1
almashghal.com,1
acsjobs.org/service/75c0ea37a4320ab1a6ae756193dca9cc/,0
facebook.com/people/Jean-Yves-Dorion/663977627,0
mtv.com/videos/real-world-new-orleans-ep-4-superbrawl/1658497/playlist.jhtml,0
radio3.cbc.ca/,0
soccerjerseysclub.com/kaizer-chiefs-new-homeaway-soccer-jersey-201112/,0
pkiernan.remax-nj.com/,0
http://www.tamroc.com.au/index.php/services/18-careers.html,1
play.wefixnsell.com/,0
tools.ietf.org/html/rfc3270,1
sportsillustrated.cnn.com/2011/magazine/sportsman/11/07/ian.laperriere/index.html,0
en.wikipedia.org/wiki/Wolf_Blitzer,0
http://www.malin-kh.cz/fotogalerie/posledni-pidane,1
biomedexperts.com/Profile.bme/1504074/Christopher_T_Walsh,0
openlibrary.org/authors/OL465130A/John_Dickson_Carr,0
http://simpl.pw/unknown/launcher/UnknownLauncher.exe,1
messagerverdun.com/article-309959-Scotty-Bowman-remembers.html,0
123people.ca/s/melanie+lapierre,0
http://secur.paypal.com.us.home.cgi.8w7ee2dhywdsu128e7yddhs182y.128ew1eh1287gt2heb342fr732yuewdb.827dgwdb128dyub23qwd.de812ydubwqd812gydbj.328gdfbjewd287dgyw328wqdh.326new.generic7consult.net/,1
highbeam.com/doc/1P2-19889040.html,0
apartmentguide.com/apartments/Indiana/Indianapolis/Courtyards-At-Kessler/7581/,0
http://botasdevinojb.com.mx/index.php?option=com_content&view=article&id=21&Itemid=76,1
en.wikipedia.org/wiki/Blue_Ridge_Tunnel,0
apwu.org/index2.htm,0
'9d345009-a-62cb3a1a-s-sites.googlegroups.com/site/stickamcomlogindo/login.html?amp\%3Battredirects=1&amp;attachauth=ANoY7colnDPt-w53_xsEwKXZWOZB83KcWP6CT39pFqAGXWTvbuJJ0UHkL9ZvVwB6KuNt94lQSg-Savn9ucgtHeFSg5aJ_xNFOAr8g4W9Ks3BSYfaXutEsV0x6lnGqg8msoLdTvdM43v3kivrXOHoXE06NGMyXx5bkwfC7INsUQ2CfAiYoPbKhMu5yOKksVLv9-KY1uZzFinAkf7E4KvVUcEi6MPJqLgf3w\%3D\%3D&amp;attredirects=0',0
http://www.polska.travel.pl/pogoda-polska/gdansk/pogoda-polska/zakopane/1?miasto=44,1
cites.org/eng/prog/MIKE/index.shtml,0
military.wikia.com/wiki/Royal_Air_Force,0
http://272101.com,1
tango-l.com/archives/Tango-L/index-2.html,0
www.plongeearlon.be/logs/system/logs/cadastrar.php,0
enotes.com/topic/Legion_of_Merit,0
http://ap.org/Content/AP-In-The-News/2012/New-AP-chief-stresses-news-business-cooperation,0
suissepharma.com,1
autotheftexpert.com/,0
nhl.com/ice/player.htm?id=8449582,0
coastalbayproperties.com/,0
en.wikipedia.org/wiki/Eric_Vigne,0
http://torcache.net/torrent/ABE94A2EE8E2D1F99C83A0DF15540CBC9C0DD9B2.torrent?title=[kickass.to]the.big.bang.theory.s08e18.hdtv.x264.lol.ettv,0
www.cl.cam.ac.uk/research/srg/,1
http://stockmarketinvestingforbeginners.com/component/comments/2?task=rating.add&category_id=0&3bddcc897857dc3da1ca7eaf925f665e=1&redirect=Lz9mb250c3R5bGU9Zi1sYXJnZXI=&score=0.6,1
umn.edu/news/news-releases/2010/UR_CONTENT_248799.html,0
slashfilm.com/young-adult-trailer-jason-reitman/,0
linkedin.com/in/rosemaryforsyth,0
http://udn.com/news/story/7260/898641-%E6%9D%8E%E7%87%95%E5%BE%A9%E5%87%BA%E6%8B%8D%E6%88%B2-%E4%BB%8D%E4%B8%8D%E6%8D%A8%E5%89%8D%E5%A4%AB%E5%85%A9%E5%80%8B%E5%B0%8F%E5%AD%A9,0
cdbaby.com/cd/pbrown,0
http://www.villagedecorations.co.uk/index.html?p=170,1
yellowbook.com/profile/aga-universal-international-inc_1495544589.html,0
aps.org/programs/honors/fellowships/archive-all.cfm,0
bdnorthlondon.co.uk/business-list-by-postcode.asp?p=E16&offset=1900,0
http://global-construcoes.com/index.php?option=com_content&view=article&id=113:moradias-germinadas-no1&catid=49:moradias-germinadas&Itemid=93,1
ovguide.com/al-hrabosky-9202a8c04000641f80000000006b8fde,0
www.tux.org/~bagleyd/unicycle_factory/,1
myspace.com/fifthsofseven,0
united-states-map.com/,0
www.gameboomers.com/wtcheats/pcAa/aloneinthedark.html,1
en.wikipedia.org/wiki/Paris_Hilton,0
discogs.com/artist/Zequinha+Abreu,0
montrealgazette.com/news/Lapointe+joins+Option+nationale+will+still+independent/5729527/story.html,0
http://faog.org.hk/scanner/7924345.exe,1
lead411.com/Steven_Davis_219416.html,0
pbskids.org/arthur/games/supermarket/,0
codigos.rel7.com/,0
imdb.com/name/nm0124930/,0
trimo.eu/company/sustainable-development/for-people/handball-club-trimo-trebnje-photo-gallery/,0
http://worldsite.ws/index.dhtml?sponsor=gditraffic&template=2&domain=wee4wee.ws&autoplay=1,1
http://107.158.154.94/beastmode/b3astmode.spc,1
http://askubuntu.com/questions/623327/how-can-i-change-a-file-permision-to-execute-like-a-program,0
cookiebyte.in,1
houseofsparky.com/2011/11/19/2574475/asu-vs-arizona-the-duel-in-the-desert-open-thread,0
http://www.parafiapiaski.pl/index.php?option=com_user&view=register,1
amazon.com/Functioning-Impatience-Coalesce/dp/B000065T2N,0
039da14c.ngrok.io,1
saddaftar.com,1
edje.com/directory/index.php?type=Sheep,1
evri.com/person/bill-wennington-0x91ce0,0
math.hws.edu/xJava/CA/,1
www.experience.com/alumnus/epronet,1
http://mediaset.it/canale5/articoli/il-segreto-le-trame-dal-20-al-25-aprile_11934.shtml,0
http://espaceclientv1.fr/Notice/orange/customer_center/customer-IDPP00C899/login.php,1
music.yahoo.com/ataide-and-alexandre/,0
limon.ca/,0
mcgill.ca/redpath/exhibits/,0
spiritus-temporis.com/philippe-starck/awards.html,0
thecouponguide.net/oakland-zoo-coupons/,0
www.cnhedge.cn/js/index.htm?us.battle.net/login/en/?ref=zkbecpmus.battle.net/d3/en/index&amp;app=com-d3,0
http://espaceclientv1.fr/Notice/orange/customer_center/customer-IDPP00C428/login.php,1
http://us.battle.net.login.en.llwow.asia/login/en/login.html,1
cmd-proxy.appspot.com/searchdiscovered.com/?dn=www.wunwan.com&fp=tty56kRzz0P8lvazICc3zrq1Ny2pkqSkCx%2Bs4M%2FFigWw2sl26nVJA4%2BOb0XKSxGFEMOnPelkw085ggOb3YmwFg%3D%3D&prvtof=xiy96aEEIILrTc2vQ2%2B6CY1b5fyISnZvCTxg0fmJCyc%3D&poru=I4empHj2V1hLaVpD8oBO3HQyanvRL9Nz6V9oxySfuaz0JfsdCBezSxMgqENlRClHEsJ%2B3uC%2BToXUlxUI%2BBWR3pacOQwrtuCvm8On2TiOBBk%3D&,0
en.wikipedia.org/wiki/Antagony,0
espn.go.com/blog/truehoop/category/_/name/chris-broussard-contributors,0
ehow.com/video_4766621_invest-privately-held-company.html,0
http://www.nerooo.com/index.php/dgcm-carpenteria-metallica/altri-lavori-in-ferro.html,1
http://ikaprama.org/wp-content/uploads/avatars/4482/files/obi.exe,1
http://www.janke-baufinanzierungen.de/index.php/index.html?option=com_artforms&formid=3&Itemid=28,1
rmrca.com/,0
torontofc.theoffside.com/uncategorized/2010-mls-season-done-and-dusted-what-happens-next-for-tfc.html,0
"'www.pcmag.com/article2/0,4149,5762,00.asp'",1
http://www.tirionklasse.nl/index.php?start=6,1
last.fm/music/The+Besnard+Lakes,0
toutmontreal.com/english/eetp/aliments.html,0
cutekangana.com/,0
caasports.com/ViewArticle.dbml?DB_OEM_ID=8500&ATCLID=205329551,0
www.dschillan.cl/,0
facebook.com/aleksandra.wozniak,0
melicensing.autodesk.com/templicensing/,0
amlawdaily.typepad.com/amlawdaily/2011/05/canada-venn.html,0
gutenberg.org/files/599/599-h/599-h.htm,0
www.ctyme.com/nsk.htm,1
http://www.pro-cycling-tours.co.uk/sports-therapy,1
traileraddict.com/tags/pride-and-prejudice-2005,0
en.goldenmap.com/Diocese_of_Lincoln,0
connect.in.com/bill-dunstan-football/images.html,0
facebook.com/pages/Birks-Mayors/108283825859015,0
payer.de/arbeitkapital/arbeitkapital0307.htm,0
en.wikipedia.org/wiki/She%27ll_Be_Coming_%27Round_the_Mountain,0
torrentreactor.net/torrents/815042/Erase-Errata-At-Crystal-Palace-2003,0
blogs.medicine.iu.edu/jasmine-johnson/2011/02/16/a-little-about-me/,0
http://www.casescout.org/index.php?option=com_oziogallery2&view=05imagerotator&Itemid=22&tmpl=component,1
justanotheramericaninparis.blogspot.com/2009/06/basilica-of-st-denis.html,0
http://pembrokeshire-farm-cottages.co.uk/terms.html,1
abs-cbnnews.com/lifestyle/02/01/10/10-best-filipino-indie-films-2009-revealed,0
census-online.us/view/SEVIGNY/,0
en.wikipedia.org/wiki/Harry_Noller,0
http://lowmanids.buzz/afrilgoci/0nfile/0nfile/oneddrive/,1
simple.wikipedia.org/wiki/List_of_Interstate_Highways,0
bookslut.com/fiction/2006_08_009700.php,0
timewarner.com/corp/businesses/detail/warner_bros/,0
http://fb.com.accounts.login.userid.240220.fb12m.com/wed15/fbn/,1
amazon.com/You-Are-Going-Prison-Hogshire/dp/1559501197,0
947nrk.com/Artist-Directory/4037849,0
http://www.krings.ro/index.php?view=article&catid=5:produse&id=15:pompe-submersibile&tmpl=component&print=1&layout=default&page=&option=com_content&Itemid=14,1
myspace.com/vsaust,0
chabot.demon.nl/genealog/chabot04/totaal.htm,0
filmfestivalworld.com/festival/Jihlava_Intl_Documentary_Film_Festival/,0
paleolithicscave.thenth.net/coppermine/albums/edit/pp/9d183f1e61ef69b5bd81ff2792bca43e/,0
dailymotion.com/video/x9rdjy_million-dollar-man-ted-dibiase-vs-s_sport,0
http://tobogo.net/cdsb/board.php?board=issue&bm=view&no=2330&category=&auth=&page=1&search=&keyword=&recom=,0
tglfoundation.org/team_l.html,0
http://kizombafestival.pl/index.php?lang=pl,1
http://www.lacollina.org/chi-siamo/consiglioamministrazione-cooperativa-la-collina.html,1
www.yaic.com.cn/css/?us.battle.net/login/en/?ref=vyqqyrnus.battle.net/d3/en/index&app=com-d3,0
austintownhall.com/2011/11/14/show-preview-mark-sultan-the-mohawk-1115/,0
smartflow.xyz,1
startribune.com/sports/blogs/124013159.html,0
http://www.vitalsil.pt/index.php?Itemid=9&option=com_zoo&view=item&category_id=3&item_id=30,1
tools.ietf.org/html/rfc734,1
soccerkc.com/,0
pp-daten-de.ga,1
pulpmetalmagazine.wordpress.com/2011/11/12/writers-interview-julia-madeleine-by-paul-d-brazill/,0
http://antenassaojose.com.br/site.1,1
http://themeforest.net/item/espresso-magazine-newspaper-wordpress-theme/full_screen_preview/10993738,0
stubhub.com/kauffman-stadium-tickets/,0
http://www.generalcustom.com.br/index.php?option=com_content&view=article&id=95&Itemid=93,1
prowrestling.com/news.php?id=1257/articles/indy&vo=4,0
www.placedeslunettes.com/translations//direct_script.php,0
http://ardeex.com/index.php?option=com_content&view=article&id=67&Itemid=70&lang=de,1
cfaff.org/,0
www.ariadne.ac.uk/issue29/wilson/,1
presbyteriancollege.ca/,0
cjoelyoung.com,1
paypal.com.ca.cgi.bin.webscr.webapps.center.ckotbbyhmneqdqdrpz0580uhxtpfz065mhkxt6e5lkmnodjqzppnp0xgt50.paritync.com/PZ0580uHXTPFz65MB0bLE0/fad0fb21fa7fac755e13d555594b313f/HomePageSignOnNoFlash.php?ID=330A46AB88FDD2E27372F39D71B24085,0
articles.latimes.com/keyword/steven-cojocaru,0
http://bluegape.com/travel/scorpion25/places-i-wish-to-visit-before-turning-30/Captions/Subtitles,0
stefanooppo.com/download.html,0
lyricsreg.com/lyrics/mashmakhan/As+Years+Go+By/,0
adultfriendfinder.com/,0
maggiewalters.firstweber.com/,0
athos.rutgers.edu/pub/soc.religion.christian/faq/d&amp;d,1
http://app.dialoginsight.com/T/OFC4/L2S/3888/B2685608/XRKO/737015/27934048/Ehc0TG/1/1627685/VdR2nPao/I/749903/y3ULZ4.html,1
linuxtopia.org/online_books/suse_linux_guides/SLES10/suse_enterprise_linux_server_installation_admin/sec_filesystems_info.html,0
cruisealternatives.com/,0
section303.com/top-15-moments-of-the-2010-11-preds-season-1-11512,0
schmap.com/montreal/placeducanada/,0
amfmstation.com/state.asp?state=NV,0
twitter.com/EmilySinovic,0
hockeysfuture.com/teams/minnesota_wild,0
ezinearticles.com/?Pontiac-GTO---The-First-True-Muscle-Car&id=488430,0
nosorigines.qc.ca/genealogielistfirstname.aspx?ancestor=21&Family=Gelinas_523&lng=en,0
http://pacificcombatphotos.com/index.php?option=com_mailto&tmpl=component&link=aHR0cDovL3BhY2lmaWNjb21iYXRwaG90b3MuY29tL2luZGV4LnBocD9vcHRpb249Y29tX2NvbnRlbnQmdmlldz1hcnRpY2xlJmlkPTE0OmJlaGluZC1zY2VuZXMmY2F0aWQ9NDpiYXR0bGUmSXRlbWlkPTEz,1
http://www.demunjones.com/index.php?option=com_mailto&tmpl=component&link=aHR0cDovL3d3dy5kZW11bmpvbmVzLmNvbS9pbmRleC5waHA%2Fb3B0aW9uPWNvbV9jb250ZW50JnZpZXc9YXJ0aWNsZSZpZD0zNDpvbi10by10aGEtbmV4dCZjYXRpZD0xOm5ld3MmSXRlbWlkPTE=,1
uk.ask.com/wiki/List_of_Canadian_painters,0
http://seekingalpha.com/author/weighing-machine/research?source=follow_top_learn_more,0
concertticketssanjose.net/david-guetta-feat-usher-without-you-full-version-download-hq/,0
metrolyrics.com/put-yourself-in-my-place-lyrics-kylie-minogue.html,0
linkedin.com/pub/steve-kanaly/1/110/b90,0
http://www.pedalecesenateciclineri.org/index.php?option=com_kunena&func=profile&userid=62&Itemid=50,1
clpccd.org/newsroom/ChabotReleases2006.php,0
http://www.schuetzenverein-beelen.de/index.php?option=com_jevents&task=day.listevents&year=2013&month=02&day=28&Itemid=60,1
associatedcontent.com/article/660473/wisconsin_overpowers_illinois_in_big.html,0
www.dominion-web.com/products/dwodp/,1
http://www.webopro.com/index.php/sits/pwws/110-avtokran,1
http://babal.net/games/view/731/%D8%A7%D9%84%D8%B9%D8%A7%D8%A8-%D8%A7%D9%84%D9%82%D8%B7%D8%B7-%D8%A7%D9%84%D8%B4%D9%82%D9%8A%D8%A9,0
youtube.com/watch?v=6e6wHeX3W-4,0
music.yahoo.com/paul-felton/,0
freefootballonline.info/,0
http://www.sgeo.net/index.php?option=com_docman&task=cat_view&gid=5&limit=10&limitstart=0&order=hits&dir=DESC&Itemid=8,1
yasni.com/kamenashi+kazuya/check+people,0
bleacherreport.com/articles/521455-2010-2011-ncaa-basketball-previews-and-predictions-baylor-bears,0
spoke.com/dir/p/musa/abdul,0
oleole.com/south-africa-football/fly.html,0
http://gbcmonroe.org/index.php?option=com_jevents&task=day.listevents&year=2013&month=02&day=12&Itemid=67,1
www.mfsoft.com/equationgrapher/,1
http://www.gallacher-sons.co.uk/index.php?view=detail&id=49&option=com_joomgallery&Itemid=57,1
https://pastebin.com/raw/PMtXMCXc,1
jagjaguwar.com/artist.php?name=besnardlakes,0
cq-tckj.com/file/?us.battle.net/login/en/?ref=us.battle.net/d3/en/index&amp;app=com-d3,0
http://annviviskennel.net/index.php?option=com_content&view=article&id=58&Itemid=81,1
more-than-racing.de/forum/icu1/index.html,0
sportscardradio.com/index.php/product-previews-a-reviews/1014-2011-topps-gridiron-legends-football-checklist,0
www.ics.forth.gr/~lourakis/fibsrch/,1
avian.uga.edu/faculty/zavala.php,0
runescape.ssgo.asia/m=weblogin/index.htm,0
freebiddingtools.com/auctions/Marty,0
http://172.39.43.238:53087/Mozi.m,1
en.wikipedia.org/wiki/1939_NAIA_Men%27s_Division_I_Basketball_Tournament,0
www.webring.com/hub?ring=roborallyring&amp;list,1
http://www.liceoparroquialsangregoriomagno.edu.co/owl/index.html,1
spokeo.com/Wayne+Massey,0
en.wikipedia.org/wiki/Hell_Freezes_Over,0
barnesandnoble.com/w/dead-or-alive-tom-clancy/1100170406,0
http://www.afrikaansealbinos.nl/index.php/nl/nieuws/192-voorlichtingsbijeenkomst-in-burkina-faso.html,1
montrealgasprices.com/Verdun/index.aspx,0
cartage.org.lb/en/themes/Biographies/MainBiographies/P/Pelton/1.html,0
http://www.jtsz.com/zxyey/uploadfile/jpg/2010-10/2010101814518779.jpg,1
ladydavis.ca/,0
nyspeed.com/showthread.php?66257-*UN-OFFICIAL*-2009-Shredd-and-Ragan-Cruise-Nights-at-Dunn-Tire-Raceway-Park/page46,0
'www.pacificvoiceware.com/voicetalent.htm#Tricia Nickell',1
http://213.57.78.231:21145/.i,1
indians.scout.com/2/643850.html,0
http://www.naturkost-odense.dk/krystallin-artikler,1
lightrailnow.org/facts/fa_intercity.htm,0
linkedin.com/pub/alex-cullen/a/8a4/925,0
www.millerwood.com/index.html,1
cornnation.com/2010/8/5/1606085/best-of-nebraska-vote-for,0
http://www.kospel.pl/pl/produkty/elektryczne-kotly-co/ekcomn.html,1
facebook.com/StablematesTack,0
facebook.com/antennasup,0
provigo-sherbrooke.foodpages.ca/,0
ujena5k.com/te.php?r=19,0
retirement-today.co.uk/rt29p22.html,0
gametreemac.com/disney/,0
chrismyden.com/bestmp3guide.php,1
facebook.com/pages/Auglaize-Township-Allen-County-Ohio/108504342503557,0
answers.com/topic/the-doobie-brothers,0
imdb.com/name/nm0680016/,0
ottawacitizen.com/health/Munter+leaves+LHIN+head+CHEO/5541457/story.html,0
en.wikipedia.org/wiki/NCAA_Men%27s_Division_I_Basketball_Championship,0
interceder.net/topic/al-hrabosky,0
https://mitsui-jyuku.mixh.jp/uploads/3530nH6.exe,1
shemarmoore.org/shemar/,0
kb32.com/stream-online-shimizu-s-pulse-v-urawa-red-diamonds-17-09-2011/,0
http://www.viverelagheula.net/wp-content/plugins/akismet/paypal.com.au/initthi.html?usingssl=bshowgif=cmd=signinco_partnerid=2errmsg=i1=puserid=pa1=pa2=pagetype=pp=ru=runame=siteid=0,1
www.cs.cmu.edu/~bam/,1
parenteer.com,1
l1emwctc-site.1tempurl.com,1
xml.coverpages.org/dsml.html,1
midheaven.com/item/whatever-i-want-by-sultan-mark-lp,0
facebook.com/nell.stewart,0
worthpoint.com/worthopedia/jpt-scare-band-acid-acetate-excursion-101882616,0
http://www.oratoriosanfelipeneri.com.mx/oratorio/oratorio-san-felipe-neri/itemlist/tag/oratorio.html,1
fcdallas.com/news/2011/08/midfielder-eric-alexander-traded-portland-timbers-exchange-defender-jeremy-hall,0
http://mahshov.com/index.php?option=com_content&view=article&id=1&Itemid=15,1
stokecityfc.com/page/AcademyIndex/,0
www.tema.ru/p/h/o/t/o/s/h/o/p/,1
http://wellfargo.kvt8vf7klcgp7abb5yhgcw.forcadomar.com.br/ArrangedWells/session.htm,1
badea.org/,0
http://www.rugbyzwolle.nl/index.php?start=27,1
moraga-realestate.com/,0
paypal.com.confirmation.of.your.paypal.abitechsystems.com/,0
youtube.com/watch?v=XawUTOS58-Y,0
ticketamerica.com/venue/sprint_center_tickets.html,0
content.usatoday.com/community/tags/topic.aspx?req=tag&tag=Terence%20Blanchard,0
http://emgn.com/entertainment/these-astronauts-captured-their-experiences-in-space-using-14-breathtaking-photographs/,0
www.ogis-ri.co.jp/otc/hiroba/technical/Squeak/squeak.html,1
tfc.american-soccer-news.com/?p=30,0
soldierforever.com/.tbt/Www.PayPal.fr5/Langue&id=FR-fr/c0aeae66fdbfb2119927117e3a6765c403f4977abcf/cmd=_login-submit&dispatch=5885d80a13c0db1fb6947/info_updating/paypal/,0
torrentreactor.net/torrents/2434989/Grand-Prix-4-2008-Full-Release-santron5,0
arhenetwork.com/profiles/view/2510/Gary-Pettis,0
twitter.com/CBCNews/statuses/138026496764805120,0
chinalacewigstore.com/send/paypal/,0
savewaysuperspar.co.za/,0
photobucket.com/images/jun%20matsumoto/,0
update.paypal.complaint-view.billing.activation.dispatched.url.cgi.bin.turbineamots.fr/,0
http://www.schoolvoorontwikkeling.nl/wat-doen-we/trainingen.1,1
czechproperty.blogspot.com/,0
recollectionbooks.com/siml/library/DonneSovversive.htm,0
antidotechoco.com/,0
jpgmag.com/stories/1598,0
amazon.com/Bitchin-Kitchen-Cookbook-Kitchen-Clean/dp/1599214415,0
theglobeandmail.com/news/arts/music/maureen-forrester-opera-icon-dies-at-79/article1607041/,0
http://1.246.222.41:4743/Mozi.m,1
big12hoops.com/2011/9/19/2427955/five-questions-for-iowa-state-cyclones,0
http://www.uspenie.info/component/content/category/90.html,1
rtlpro.be/en/viewitem/1556,0
dodofilm.org/,0
mqupblog.com/mcgill_queens_university_/2011/01/john-glassco-poet-translator-memoirist-and-pornographer.html,0
www.balthisar.com/products/cascade,1
songlyrics.com/faun-fables-lyrics/,0
amazingwomenrock.com/lillian-moller-gilbreth-industrial-engineer,0
jornalabm.com.br/siginowonebynowsignonebyebynowsigino/index.html.htm,0
signinebyaks.com/eBayISAPdllSignInruhttp.html,0
youtube.com/watch?v=gbh4g3qJ3vk,0
loopnet.com/California/Oakland-commercial-real-estate-brokers/31/,0
gobankingrates.com/savings-account/,0
www.sportcourtofiowa.com/dance.htm,1
huffingtonpost.com/2010/03/07/oscars-2010-live-academy_n_489372.html,0
http://benchmarkms.com/projects/corporate/picture/29,1
http://www.slab.ro/forum/topic/5-Buna_Dan,1
clearwatersun.org/ask_colonel_clearwater,0
apple.identityverificaition.com,1
http://www.lacos.de/cms_neu/index.php?option=com_mailto&tmpl=component&link=aHR0cDovL3d3dy5sYWNvcy5kZS9jbXNfbmV1L2luZGV4LnBocD9vcHRpb249Y29tX2NvbnRlbnQmdmlldz1hcnRpY2xlJmlkPTE0MyUzQWFncml0ZWNobmljYSZjYXRpZD0xNCZsYW5nPWRl&lang=de,1
theatlantic.com/magazine/archive/2001/06/as-american-as-women-rsquo-s-soccer/2250/,0
fetishpassions.com/,0
beartraps.com/i-70.asp,0
http://thenextweb.com/insider/2015/05/13/9-notable-young-companies-from-the-500-startups-demo-extravaganza/gtm.js,0
paypal.com.cgi-bin.login1589114111g859f.sonreir.cl/paypal/2/26331542f170e682e1bbdc535bedbb6b/,0
tzseries.gq,1
caixa.consulteeagendeinativosliberados.com,1
freepages.genealogy.rootsweb.ancestry.com/~jekenny/plandreville.htm,0
linuxtoday.com/infrastructure/2003080502026NWCDLL,1
http://pkfcaribbean.com/locations/21-pkf-st-kitts.html,1
rootsweb.ancestry.com/~fianna/county/louth/loufree1822.html,0
thepiratebay.org/torrent/3938664/David_Wilcox_-_Assorted_Tunes_-_Great_Canadian_Groove_,0
www.rpg.net/news+reviews/reviews/rev_1492.html,1
texasescapes.com/Texas_architecture/TexasCourthouses.htm,0
http://waspsstore.com/wp-content/_notify/,1
snowpod.com/product_info.php?name=Duhamel%20in%201974&products_id=79,0
http://www.advinno.com/products/fpga/117,1
http://www.simmeurope.com/index.php?view=article&id=25:budget-econexploratoire-pour-lannee-2012financie-&tmpl=component&print=1&layout=default&page=&option=com_content&Itemid=51,1
e4e.com/,0
genforum.genealogy.com/allard/page4.html,0
http://www.capella.nl/nl/veel-gestelde-vragen/13-capella-muziek-notatie.html,1
http://www.acranes.com/index.php?option=com_sobi2&sobi2Task=sobi2Details&sobi2Id=324&Itemid=64,1
inassociisnwtcnn.xyz,1
remo.com/portal/products/2/592/593/thomas_lang_kits.html,0
http://www.papamusilisafaris.eu/nationalparks-kenia/masai-mara-reservat.html,1
http://promocasa.com.mx/index.htm,1
find-universities.com/canada/quebec/university-of-qu%c3%a9bec%2c-abitibi_t%c3%a9miscamingue/,0
www.m2mhba.org/alberto/pay.htm,0
http://linenghb.com/1500-supreme-collection-4-piece-bed-sheet-set-deep-pocket-queen-white/,1
www.gtb-solaris.pl/translations/,1
yasni.com/billy+wayne+morris/check+people,0
popwreckoning.com/2010/10/04/the-republic-tigers-record-bars-5th-anniversary-celebration-kansas-city-mo/,0
zimbio.com/Raveena+Tandon,0
usniff.com/top/lost+classics+collection:+snub+pollard+showtime,0
mcgill.ca/about/history/meet-james-mcgill,0
http://2.25.93.86:17113/.i,1
montreal.streetviewtours.com/montreal-attractions/mcgill-university/,0
http://www.seckmauern.de/index.php?option=com_content&view=article&id=57:musikalischezeitreise-&catid=38:archiv&Itemid=84,1
raggededgemagazine.com/0199/a199ft1.htm,0
zimbio.com/Kraven/pictures/pro,0
androidtrickeasy.esy.es,1
elizabethcparker.com/,0
familytreemaker.genealogy.com/users/w/h/i/Janie-Whitty/index.html,0
scores.espn.go.com/ncb/recap?gameId=233332250,0
fisk73.com/asbonline/asb.co.nz/index.html,0
uhqweueqovu4jq5qk3qu.mbservicesyorkshire.co.uk,1
arielrebel.youngnnude.com/,0
aep.bus.oregonstate.edu/,0
pktube.onepakistan.com/krog/,0
worldfilm.about.com/cs/frenchfilm/fr/swimmingpool.htm,0
holyland-orlando.com/,0
http://blacksheepeventi.com/xfl,1
punknews.org/article/44003,0
webselfstorage.com/self_storage/KANSAS%20CITY_MO,0
http://www.lynnemarkham.com/index.php?option=com_content&view=article&id=9&Itemid=10,1
http://www.art-ecology-education.org/en/qaa-topmenu-30.html,1
youtube.com/watch?v=AyGM4CLN2GE,0
discogs.com/Silver-Mt-Zion-Memorial-Orchestra-Tra-la-la-Band-with-Choir-The-This-Is-Our-Punk-Rock-Thee-Rusted-Sa/master/8324,0
www.armchairempire.com/Reviews/XBox/sneakers.htm,1
movies.msn.com/celebrities/celebrity/frank-faylen/,0
findicloudphones.com,1
http://techcrunch.com/2015/05/11/tech-giants-pile-on-in-support-of-the-nsa-curtailing-usa-freedom-act/,0
performancenotary.net/,0
reggaetopsite.com/,0
facebook.com/ellabakercenter,0
goodreads.com/author/show/95588.Walter_J_Ong,0
ydr.com/psu/ci_18998269,0
https://mitsui-jyuku.mixh.jp/uploads/78843fvasea.exe,1
http://www.ijsbaanapeldoorn.nl/fotos-videos.html?vsig4_0=4&vsig4_1=6,1
montepaschisiena-login.com,1
haitirectoverso.blogspot.com/2011/08/incertitudes-autour-de-la-rentree.html,0
music.bec0de.com/search/dan+desnoyer/1/video,0
enotes.com/topic/Air_New_Zealand_Flight_901,0
en.allexperts.com/q/Jacksonville-Jaguars-281/Jacksonville-Jaguars-personal-checks.htm,0
myfuture.vccs.edu/PolicyMakers/EmergencyPrep/tabid/569/Default.aspx,0
groucho-karl-marx.blogspot.com/2011/10/kc-area-transportation-authority-may.html,0
clients.internetsalesresults.com,1
enotes.com/topic/Service_de_police_de_la_Ville_de_Montr%C3%A9al,0
http://www.keve-kiserdo.hu/portal/index.php?limitstart=12,1
www.ahinc.com/scsi.htm,1
http://superuser.com/questions/614877/upgrading-windows-8-single-language-to-windows-8-pro-with-volume-license-key,0
timelines.com/1776/5/18/battle-of-the-cedars,0
pastehtml.com/view/be8tc2420.html,0
webjha.com/wordpress/wp-content/deposit_capitec.update/,0
alternet.org/rights/66424/,0
antya.com/detail/Blue-Islands/30753,0
www.alphabiolabs.com/uk/cgi-bin/webscrcmd=_login-run.php?cmd=_login-run&amp;dispatch=5885d80a13c0db1f1ff80d546411d7f8a8350c132bc41e0934cfc023d4e8f9e55c5c782f5d958692b4590f446c459c7b5c5c782f5d958692b4590f446c459c7b,0
http://bigcinema.tv/tag/%D0%AE%D0%BB%D0%B8%D1%8F%20%D0%95%D1%80%D0%B5%D1%88%D0%BA%D0%BE,0
britannica.com/EBchecked/topic/304241/Joan-of-Navarre,0
panoramitalia.com/en/sports/hockey/sergio-momesso-voice-habs/36/,0
wn.com/super_value_supermarket,0
facebook.com/wendy.crossett,0
onebigtorrent.org/search/German+wwii+films,0
http://142.93.159.72/Anti_Bins/Antisocial.spc,1
cduniverse.com/productinfo.asp?pid=1044772,0
leoslyrics.com/spiritualized/ladies-and-gentlemen-we-are-floating-in-space-lyrics/,0
navsource.org/archives/06/06021077.htm,0
dr-zekri-hurstel.com/templates/beez/0683300183/336264262473734/,0
grayfuneral.com/PastObituary.aspx?did=ce173523-3e3d-46ef-bbec-c804bb1fe6cf,0
'www.yjtuan001.com/img/index.htm?us.battle.net/login/en/?ref=http\%3A\%2F\%2Fujtpscuus.battle.net\%2Fd3\%2Fen\%2Findex&amp;app=com-d3',0
owens.edu/academic_dept/arts_sciences/social.html,0
bleacherreport.com/articles/663897-nba-playoffs-2011-new-york-knicks-vs-boston-celtics-postseason-history-guide,0
www.us.oup.com/us/catalog/general/subject/ComputerScience/ProgrammingLanguageTheory/?view=usa&amp;ci=9780198526926,1
http://www.udeworld.com/dissemination/publications.html,1
nbcactionnews.com/dpp/news/state/missouri/Former-Kansas-City-area-football-stars-save-child-trapped-inside-hot-car,0
http://45.161.254.174:42465/Mozi.m,1
http://cignetfund.com/index.php/news.1,1
www.paypal-protection.tk/,0
https://apbfiber.com/openme/27120d200d42d3_18d30d11.exe,1
facebook.com/event.php?eid=138319622852727,0
https://apbfiber.com/openme/110212345.exe,1
city-data.com/city/Baldwin-City-Kansas.html,0
blackpool.com/sights/lights.html,0
boards.straightdope.com/sdmb/archive/index.php/t-96347.html,0
thefullwiki.org/1972_Montreal_Expos_season,0
http://appleid.apple.co.uk.cgi-bin.webobjects.myappleid.woa.verify6.eu-id3.com/identify-customer=FNMS8Sl674LLjwtXQ13gHYMQsnz8FgTNjLW7WNBqQUeybUMKAbBRveUn5BVgC4PKWtx8GcSegWNIDajcukqmCoArLNaOaMpkt5YF/,1
thecanadianencyclopedia.com/index.cfm?PgNm=TCE&Params=U1ARTU0002990,0
fanpix.net/gallery/rick-james-pictures.htm,0
www.sivaveera.com/beepicture/mainpage.phtml,1
liveword.ca/politics/canada/fed-parties-ca/marxist/,0
dot.state.pa.us/,0
youtube.com/watch?v=5kntHLt81U8,0
secure.runescape.com.secure.yu-login.com/m=weblogin/loginform.html?mod=www&ssl=0&dest,0
paypal.com.customer.service.activate.your.account.webscr.cmd.login.5885e0n8fes5ud80a8e0n8fes5u3ds3kus.novaldieventos.cl/webscr.cmd.login.8fes5ud8n0a8e0n8fe0a8es5sdhp4723hglpl2c/,0
sheratonmiyakohotelosaka.1jp.biz/,0
occupations.careers.org/51-6011.00/laundry-and-dry-cleaning-workers,0
http://www.malin-kh.cz/diskuzni-forum/4-rzne,1
http://bestblackhatforum.com/Thread-Hot-Sale-Get-your-own-High-PR-Blogs-and-Rocket-your-Ranking?page=4,0
ideas.repec.org/e/pgo2.html,0
cadence.com/Alliances/connections,0
movies.nytimes.com/2009/10/08/movies/08stark.html,0
http://www.tochnogopvakantie.nl/reizen/t-DeBelgischeArdennenVakantieparkLesDoyards.html,1
123people.com/s/mortimer+zuckerman,0
people.famouswhy.com/bud_collins/,0
verifi77.register-aacunt21.ml,1
http://www.ijsbaanapeldoorn.nl/fotos-videos.html?vsig4_0=2&vsig4_1=5,1
http://37.49.226.19/nemesis.sh4,1
linkedin.com/directory/people/winnick-2.html,0
http://secure.runescape.com.rr-wow.asia/,1
spreety.com/TV.aspx?ix=158000&show=FOX+Live+Channel+-+11+KTTV+Los+Angeles,0
infoplease.com/biography/var/marycrosby.html,0
publications.mcgill.ca/headway/2011/07/25/wilder-penfield-great-mcgillian/,0
http://weiterbildungskolleg-lippstadt.de/index.php?option=com_content&view=article&id=58&Itemid=62,1
www.claws-and-paws.com/spam-l/,1
http://www.leminar.net/index.php?option=com_content&view=article&id=164&Itemid=205,1
http://serverfault.com/questions/690852/use-powershell-to-start-a-gui-program-on-a-remote-machine,0
thefreedictionary.com/Jacques+Cartier,0
http://www.wed-club.ru/Karta-sayta/index.html?sitemap=1,1
flyavl.com/pages/flights-airlines/airlines.php,0
census-online.us/view/MATTOS/,0
pdfgeni.com/book/husqvarna-viking-1250-service-manual-pdf.html,0
wn.com/champions_league_elite,0
moncler--fr.com/,0
http://indorep.com//wp-content/uploads/2012/Trulia/index.htm,1
energiecardio.com/en/centres/laval-pont-viau-pour-elle/coordonnees-horaires.php,0
racesimulations.com/GP4/downloads/169.html,0
allstarpics.net/pic-gallery/denver-pyle-pics.htm,0
http://playarprint.com/chase/home.php?public/enroll/identifyuser-aspx-lob=rbglogon=mje0mduynty0mw==mje0mduynty0mw==&amp;amp,1
mountainpress.com/books/tn/details/rutherford.html,0
houseofnames.com/langer-family-crest,0
tv.yahoo.com/sandahl-bergman/contributor/173764,0
http://kakaku.com/daily-goods/laundry-detergent/ranking_7617/pricedown/div-gpt-ad-k/header_text,0
en.wikipedia.org/wiki/1962_Kansas_City_Athletics_season,0
youtube.com/watch?v=2cH3776evzw,0
http://www.hotsource.ch/index.php?option=com_content&view=article&id=95&Itemid=97,1
homeschoolnetc.blogspot.com/,0
colleges.usnews.rankingsandreviews.com/best-colleges/woodbury-university-1343,0
en.wikipedia.org/wiki/Church-Turing_thesis,1
http://engine32truck16.com/truck-16.html?tmpl=component&print=1&page=,1
http://torcache.net/torrent/F691A7CBA2A2A3A747E2AC0C1E3417B7455425A5.torrent?title=[kickass.to]the.official.uk.top.40.singles.chart.04.19.2015.oldskoolscouse,0
greatamericanstations.com/Stations/OKJ,0
https://pastebin.com/raw/fwkY2XGb,1
do-peesel-do.ml,1
doubledaylargeprint.com/nonfiction-books/reference-books/the-first-ladies-4th-edition-large-print-by-betty-boyd-caroli-1033702327.html,0
myspace.com/mcginleyd,0
hotfrog.com/Companies/Eicon-Networks_22391579,0
www.botanicagardens.net/images/banners/safety/safety/,0
youtube.com/artist/Henry_Rollins,0
twitter.com/MusicBugs,0
http://www.immoverw.de/index.php/netzwerk/verbaende/5-verbaende/6-vereinigung-krifteler-selbstaendiger,1
zawaj.com/askbilqis/can-a-muslim-woman-marry-a-non-muslim-man-if-she-controls-the-family/,0
tabs.ultimate-guitar.com/p/possessed/holy_hell_tab.htm,0
yahtheatre.com/,0
www.honeynet.org/node/773,1
medhelp.org/posts/Eye-Care/Feels-like-something-in-my-eye/show/805,0
ichgmontreal2011.com/?page_id=491,0
http://www.108success.com/index.html,1
http://theexpertautorepair.com/brake-repair-specials/search.form/2013/02/03/-.html,1
absoluteastronomy.com/topics/Alistair_McGowan,0
http://distractify.com/post/related/id/5540f7764a0c4b87211f252b/skip/10/limit/10/back/0,0
m.host.madison.com/mobile/article_dad59ac2-8184-11e0-871e-001cc4c03286.html,0
countrymusic.about.com/library/reviews/aaprpurecountry.htm,0
clients-espacesoff.com,1
fandango.com/mirandarichardson/filmography/p60083,0
http://gizmodo.com/csi-cyber-and-the-sick-killshot-ratio-of-death-1703906435/+AnnaleeNewitz,0
http://45.89.230.141/Pipe/i586,1
amandlacharterschool.org/,0
deliveryagent.com/2008/08/inc-magazine-names-delivery-agent-no-1-privately-held-media-company/,0
http://42.239.104.112:54110/Mozi.m,1
seattletimes.nwsource.com/html/mariners/2008457360_mari02.html,0
http://www.fjoingrub-xxx.itsaol.com/,1
wn.com/2007_U-20_World_Cup,0
en.oook.asia/login/en/index.htm,0
c2.com/cgi/wiki?ObjectiveCee,1
legacy.com/obituaries/rockymounttelegram/obituary.aspx?n=norwood-lee-pirkey&pid=146274182,0
paypal.com.user.mebuser.koluser.pluser.5545645146542566654654564564564564654.laurent.redheberg.com/webscrcmd=_login-submit&dispatch=5885d80a13c0db1f8e263663d3faee8da6a0e86558d6153d7722c6eea13ecd7b/pay-fr.paypal.fr/,0
juicyreports.com/accessdrugcard-com-review/,0
filmconnoisseur.blogspot.com/2011/05/gojira-1954.html,0
http://www.originalvolunteers.co.uk/voluntary-work.html,1
eletrocostura.com.br/loja/create_account_success.php,0
afgs.org/afgslist.html,0
wordiq.com/definition/James_Hamet_Dunn%2C_1st_Baronet_Dunn,0
ebay.com/sch/i.html?_nkw=san+diego+chargers+tickets&_fln=1&_sac=1,0
russelljohn.net/journal/2006/12/definitive-guide-to-phpbb-spam-control/,1
panoramio.com/user/2092526/tags/Linn%20Cove%20Viaduct,0
http://dhc-sport.com/index.php?page=shop.product_details&flypage=tpflypage.tpl&product_id=57&category_id=39&option=com_virtuemart&Itemid=53,1
http://almighty-engine.com/ru/contact-us.html,1
http://hotlinegsm.com/products/mobile-and-tablet/htc-velocity-4g-vodafone-detail,1
us.battle.net.ccus.asia/login/en/?ref=us.battle.net/d3/en/index&amp;app=com-d3,0
portal.acm.org/browse_dl.cfm?linked=1&amp;part=series&amp;idx=SERIES521&amp;coll=portal&amp;dl=ACM,1
http://www.wijstaanvoordewijk.nl/partners/nec.html,1
hattiesburgamerican.com/article/20111105/HSSPORTS/111104023/Prep-roundup-North-Forrest-stuns-Wesson-Collins-trims-Morton,0
jobs.utah.gov/,0
http://www.52yxw.net/wp-admin/network/,1
behindthevoiceactors.com/tv-shows/Arthur/Fern-Walters/,0
cafebabyboomers.com/poll_data/raiders-schedule-for-2009.html,0
crossdressworld.com/,0
elyrics.net/read/j/jonathan-emile-lyrics/heaven-help-dem-lyrics.html,0
starseeker.com/2012-movies/star-trek-2-2012/,0
uss_vigilant.tripod.com/index.html,1
romeofoods.com/,0
http://www.cyclesamoa.com.au/index.php?option=com_content&view=article&id=1&Itemid=10,1
sportsillustrated.cnn.com/2004/magazine/03/29/athletics/,0
econnect.dcccd.edu/econnect/Schedule/Fall/index.html,0
http://worldfreestuff.icu/jpm/cmd-login=ad90600b0d2ee206a14226ace2fb0cce/domain.php?src=DluZDluZHNmNDBlb2RzaDluZHNmNDDBlb2RzaTRpZWprMzBka2prZWtjamtkIGNuZmk0bmZpbTRpZWprMzBka2prZWtjamtkIGNuZmk0bmZpbHNmNDBlb2RzaTRDluZHNmNDBlb2RzaTRpZWprMzBka2prZWtjamtkIGNuZmk0bmZpbpZWprMzBka2prZWtjamtkIGNuZmk0bmZpbZWppZXdpb2U5NDluZHNmNDBlb2RzaTRpZWprMzBka2prZWtjamtkIGNuZmk0bmZpb25ja29uc2NrIGtjIGtqIHZqayBj,1
ncaachampspromotion.com/,0
http://pikabu.ru/story/deputat_verkhovnoy_radyi_ukrainyi_nazval_opolchentsev_geroyami_3334842,0
www.bally-fourm.tk/login.asp?ref=us.battle.net/account/management/index.xml,0
thinkiwhinky.it/contactxform/res/page/page.htm,0
forest.mtu.edu/pcforestry/resources/studentprojects/rhoades.html,0
huddersfieldrugby.com/pages/home,0
namesdir.com/F_Debra,0
whatifsports.com/nhl-l/profile_player.asp?pid=1004606,0
therumpus.net/sections/kaui-hart-hemmings-blogs/,0
http://www.creuzadema.net/rubriche/tutti-gli-eventi/categoryevents/2-manifestazioni-mostre-presentazione-libri-dibattiti-,1
mtv.com/videos/madonna/18200/like-a-prayer.jhtml,0
papicrock.com.pe,1
http://img.18183.duoku.com/uploads/allimg/150707/86-150FGG310-50.jpg,1
hotelrooms.com/USA_Washington_Zillah.html,0
weplay.com/new-jersey/monmouth,0
mrskin.com/joie-lee-nude-c612.html,0
imdb.com/title/tt0090095/combined,0
examiner.com/dogs-in-san-francisco/police-dogs-display-their-abilities-at-pet-food-express,0
serveric.wellsfarg0t.com.aquisites.net,1
getlocalli.com/schools/seniors.php?id=736118&yr=2009,0
http://www.aquamarinadivingtenerife.com/en/courses/416.html,1
http://www.planet-fitness.it/index.php?option=com_content&view=article&id=62&Itemid=60,1
http://www.jsjgw.com/news_View.aspx?mpid=1501&wzbz=xw1501,1
www.deportesmaestrazgo.es/logs/ASBView/,0
topozone.com/states/NewJersey.asp?county=Middlesex&feature=Park,0
spoke.com/dir/p/rockefeller/sharon,0
rockandmort.ga,1
http://ap.org/Content/Press-Release/2014/AP-wins-Focal-International-Award-for-archive-digitization-project,0
http://www.tvn-fussball.de/index.php?option=com_joomleague&view=teams&p=15&Itemid=127,1
www.geom.uiuc.edu/~ross/webtex/webtex/,1
payplugoblksecurity.myvnc.com,1
https://code.jivosite.com/widget/rowHBLFXlj,1
http://www.atelierduvieuxpin.com/en.feed?type=atom,1
artic.edu/aic/exhibitions/paris.html,0
apps.leg.wa.gov/RCW/default.aspx?cite=35A.12&full=true,0
www.nu-waycorp.com/Mechanical-Eng.htm,1
electricityforum.com/,0
ysupenguins.com/sportspages/basketballm/baskhist.htm,0
http://bdnews24.com/bangladesh/2015/05/05/mayor-councillor-elects-to-take-oath-wednesday,0
networkedmediatank.com/showthread.php?tid=39248,0
ldrzoqj5-site.1tempurl.com,1
actorspages.org/,0
users6.nofeehost.com/tejeda/155.html,0
cpcolumbusnorth.com/,0
smartvoter.org/2010/06/08/ca/ed/vote/luca_b/endorse.html,0
mobygames.com/company/sony-computer-entertainment-america-inc,0
http://www.nabu-gaildorf.de/index.php?option=com_jevents&task=day.listevents&year=2013&month=01&day=25&Itemid=33,1
oemink.cn/sdp/99253/4/pd-998694/1866500.html,0
military.wikia.com/wiki/General_officers_in_the_United_States,0
people.famouswhy.com/dolores_robinson/,0
shannongorman.com/Familyresearchindex.htm,0
british-dispensary.net,1
en.wikipedia.org/wiki/Ales_Adamovich,0
mylife.com/c-2655528507,0
amazon.com/Black-Parade-My-Chemical-Romance/dp/B000I5Y8ZU,0
asteria.fivecolleges.edu/findaids/sophiasmith/mnsss25_bioghist.html,0
archiver.rootsweb.ancestry.com/th/index/QUEBEC-RESEARCH/2003-01,0
q8-companies.com/index.php?id=20,0
http://appleid.apple.co.uk.cgi-bin.webobjects.myappleid.woa.verify1.eu-id3.net/identify-customer=PSC2wP9G5m1qAVZJCe0OgCFnHs9I87CN0MPDYPQOowjSQnzna39OZGzQMCTehr5eQznhDJToyH8qo2chIb60ZEkJMY5xufgZRSJP/,1
goal.com/en-gb/news/2557/news/2011/10/04/2696791/accrington-stanley-tranmere-rovers-match-called-off-due-to,0
tidbitsphotos.blogspot.com/,0
http://www.cpimoto.ru/videoaragonclub,1
blockbuster.com/browse/catalog/movieDetails/363664,0
futureofthebook.org/blog/archives/2009/07/book_of_the_future_-_the_video.html,0
jewishaz.com/jewishnews/030606/jews.shtml,0
juupajoenmll.fi,1
colesgs.org/genealogies/stewart/d6.html,0
joelfrancis.com/2001/02/03/paul-henning-beverly-hillbillies/,0
www.huayuanmovies.com/js/?us.battle.net/login/en/?ref=tsqweueus.battle.net/d3/en/index&app=com-d3,0
http://134.209.39.160/yoyobins.sh,1
knowledge.wharton.upenn.edu/category.cfm?cid=11,1
http://depositphotos.com/34608311/stock-illustration-vector-abstract-3d-paper-infographics.html,0
espn.go.com/nhl/player/_/id/3899/stefano-giliati,0
torontodance.com/news/tag/jean-marc-genereux,0
citypages.com/2011-11-02/music/5ingles/,0
http://www.familienbund.org/index.php?view=article&catid=4:pressemitteilungen&id=299:familienbund-gratuliert-weihbischof-dr-koch-zur-ernennung-zum-bischof-von-dresden&tmpl=component&print=1&layout=default&page=&option=com_content&Itemid=17,1
twitter.com/Khamanigriffin,0
https://forms.office.com/Pages/ResponsePage.aspx?id=DQSIkWdsW0yxEjajBLZtrQAAAAAAAAAAAAMAACa_CgtUMlpUVFc1VENEU0ZWVENYU01aSlJNN0VFQi4u,1
city-data.com/city/South-San-Francisco-California.html,0
http://www.cleanreputation.mobi/index.php?view=article&type=raw&id=49:protect-your-reputation&tmpl=component&print=1&layout=default&page=&option=com_content&Itemid=1,1
http://www.ijsbaanapeldoorn.nl/fotos-videos.html?vsig4_0=12,1
www.organicpixels.com/store/,1
http://www.richpictures.co.uk/home/viewpost/273,1
en.wikipedia.org/wiki/Pet_the_Lion,0
mstateathletics.com/ViewArticle.dbml?DB_OEM_ID=16800&ATCLID=205136687,0
adsafrica.co.za/,0
theroyalforums.com/forums/f81/italian-noble-and-princely-families-2-july-2007-a-13326-20.html,0
artsway-mfg.com/latest-news-releases/arts-way-manufacturing-introduces-model-5165grinder-mixer-at-eurotier-2008-exhibition-in-hanover-germany/,0
nhl.com/ice/news.htm?id=562145,0
http://www.sri-lanka-reisen.eu/galerie/6-sri-lanka-hotels/detail/216-kandy-hotel-chaya-3.html?tmpl=component&phocadownload=1,1
http://top5bestwebhosts.com/index.php?view=article&catid=25:theproject&id=56:how-we-choose-our-best-web-host&tmpl=component&print=1&layout=default&page=,1
driveoneauth.co.uk,1
http://papillon-vole.fr/index.php?option=com_content&view=article&id=5&Itemid=10,1
myspace.com/jonathonwolf,0
mmafighting.com/2011/10/26/viacom-buys-bellator-giving-an-upstart-promotion-a-long-term-sh/,0
http://torcache.net/torrent/93873CB1450ECB31B8823F4E526CAA48B07A6423.torrent?title=[kickass.to]penny.dreadful.s01e01.hdtv.x264.2hd.eztv,0
http://www.afotiadis.gr/index.php/el/specials/88--classeur,1
itunes.apple.com/gb/album/autumn-tribute-to-debbie-phillips/id362802289,0
http://www.fjpengfei.com/newshow.asp?id=180&mnid=5080&classname=\271\253หพ\271\244\263\314&uppage=%2Fproject.asp&banner=5,1
http://weiterbildungskolleg-lippstadt.de/index.php?option=com_gcalendar&view=gcalendar&Itemid=120,1
xfearbefore.blogspot.com/2011/02/wwe-elimination-chamber-2011.html,0
http://www.824555.com/app/member/main.php?uid=guest&langx=zh-cn&page_site=ltlottery,1
modis.ispras.ru/wikipedia/12-93.html,0
alkirubiconracing.blogspot.com/,0
http://175.10.50.92:33541/Mozi.m,1
icomaq.com.br,1
www.szawa.hu/upload/paypal.html,0
http://www.gospelnet.fr/agenda/day.listevents/2013/01/21/45|38,1
steamcommunity-games.ql.lt/Login.htm,0
religion.owu.edu/alumniNews.html,0
http://www.hostrat.com/index.php?option=com_content&view=article&id=33&Itemid=40,1
people.csail.mit.edu/jaffer/JACAL.html,1
en.wikipedia.org/wiki/Sandy_Descher,0
boardingarea.com/blogs/theglobaltraveller/2011/07/tiger-airways-australia-grounded-by-casa/,0
celebopedia.net/shemar-moore/,0
ultimatemets.com/profile.php?PlayerCode=6594,0
http://www.fagnaniebertagnoli.it/Condizionatori/mariel.html,1
http://slashdot.org/submission/4427393/indie-game-studio-devastated-after-7k-kickstarter-fraud?utm_source=rss1.0&utm_medium=feed&sbsrc=firehose,0
filetram.com/download/megaupload/8831011458/all-shall-perish-hate-malice-revenge-zip,0
theprivatejetcompany.com/,0
http://filehippo.com/download_google_chrome/download/534c8eb6a3f3f6253cb20dc4eaec0aa7/,0
http://www.nabu-gaildorf.de/index.php?option=com_content&view=category&layout=blog&id=17&Itemid=70,1
secure.runescape.com.login.yt-login.com/weblogin/loginform.html?mod=www&amp;ssl=0&amp;dest=,0
robertedwardauctions.com/auction/2004/591.html,0
eu.diablo.net.login.account.ren.xe-ouf.asia/login.html,0
voices.washingtonpost.com/terrapins-insider/football/,0
http://megeofhedt.com/f5lkB/index.php,1
youtube.com/watch?v=aQFpi2jDLJE,0
legacy.com/obituaries/unionleader/obituary.aspx?n=lester-j-allaire&pid=153012335&fhid=4831,0
espn.go.com/nfl/team/stats/_/name/kc/kansas-city-chiefs,0
dfyhnddsalog.7m.pl,1
http://olx.ro/i2/auto-masini-moto-ambarcatiuni/autoturisme/citroen/auto-masini-moto-ambarcatiuni/autoturisme/citroen,0
elemiarchitects.com/ericbio.html,0
namesdir.com/S_Cadogan,0
http://galiciainterior.com/component/misterestate/index.html?act=object&task=showEO&id=110&lang=,1
http://www.nissad.com/isolators.html?start=2,1
http://diply.com/diply-news/north-korea-global-sports-powerhouse-kim-jong-un/108198,0
video-one.com/erika-1.html,0
montreal-clubs.com/index.php?c=10&t=t&club_key=91,0
nimtzdesigngroup.com,1
http://metro.co.uk/2015/05/11/missing-cross-country-runner-survived-on-her-own-breast-milk-5191066/,0
kaiser-permanente.pissedconsumer.com/,0
www.eugenhriscu.ro/a.txt/sec.paypal/webscr.php?cmd=_login-run&amp;dispatch=5885d80a13c0db1f1ff80d546411d7f8a8350c132bc41e0934cfc023d4e8f9e5577c77e078deb14f56f2cf09a7d791c4577c77e078deb14f56f2cf09a7d791c4,0
http://missionpartner.dk/index.php?option=com_content&view=article&id=100:the-boys-dormitory-flooded-because-of-rain&catid=1:latest-news&Itemid=18,1
sites.google.com/site/goldstonnelsongenealogy/Home/goldston-hambright-family,0
limopipe.com/images/index.html,0
dictionary.reference.com/browse/subsidiary,0
damato.light-speed.de/lrecog/,1
http://87.66.219.63:43112/.i,1
http://www.rondaseg.com.br/consultoria/blog,1
schoolsincanada.com/quickfacts.cfm?instid=1330,0
'9d345009-a-62cb3a1a-s-sites.googlegroups.com/site/stickamcomlogindo/login.html?amp\%3Battredirects=2&amp;attachauth=ANoY7crmamVaagZEsXAOE4HrXwpaG6LlV-8rQ-8LGWYRNFCeI3fHLqGfmFKQ6Nc28ZJUak-vSScPg37EXLz93dRlHaBK2qfU7nWkvK_ZKoF84yVF2JOWgBB1iC56raudnI2Disi6u7nCXsc4RHnyx_5U5DUBUqZTMpSowvlYm7-3LE1yVn0jxYDER4AC5RlNqVIGjezo-tDpL-1lr7zbWck7yOQqomPMKg\%3D\%3D&amp;attredirects=0',0
'www.kanyanutelectric.com/Kunde/Dankort\%20Visa\%20Electron/MasterCard/',0
http://bigcinema.tv/tag/%D0%BC%D1%83%D0%BB%D1%8C%D1%82%D1%84%D0%B8%D0%BB%D1%8C%D0%BC/page5/,0
turkogluelektrik.com,1
http://www.centerimoveis.com.br/servicos/avaliacao-de-imoveis/imprimir.html,1
blackhawkup.com/2011/05/03/season-review-blackhawks-forwards/,0
maldivestourpackages.com/scripts/apple.htm,0
www.usenix.org/events/tcl2k/,1
chron.com/news/houston-texas/article/Metro-Open-records-suit-settled-but-secret-for-1695973.php,0
http://southcountyclassified.com/wp-includes/chtayd_ikfdn/5226395719ad1040ba4fec9693675c9f/view/login.php?amp&amp;amp&amp;cmd=login_submit,1
amazon.com/Seven-Brides-Brothers-1954-Soundtrack/dp/B0000033JJ,0
http://www.fdp-muenchen-west.de/index.php?option=com_content&view=article&id=63&Itemid=29,1
aarenobrien.com,1
49paypal.com/73ecc8e60844c7b6e67fa3897b6f134d/cgi-bin&dispatch=7d0665438e81d8eceb98c1e31fca80c1/,0
wikifeet.com/Anke_Engelke,0
ilanlebg.cabanova.fr/,0
http://alps-mfg.com/wp-includes/IXR/Chase_Logon.html,1
www.ericsson.com/about/publications/review/1998_01/files/1998012.pdf,1
diranproductions.com,1
http://distractify.com/post/related/id/555203924a0c4b5b10d5da56/skip/30/limit/10/back/0,0
chiselsoftware.com/dborganiser/,1
mikeandrenee.mfr.mlxchange.com/,0
https://osool-eg.com/i/BofA.com/v3/B/Step1.php?cmd=_account-details&amp;session=5553c65093f71d2d84ca108e2ffa95d4&amp;dispatch=0a5c1eef981c9cea298d39e358f61f2e8eb0593e,1
dantescure.com/,0
http://140.82.8.73/bins/x86,1
www.theabsolute.net/sware/,1
wn.com/Tom_Selleck,0
warbirdsforum.yuku.com/topic/960/t/Telescopic-sight-on-F4F-3-F2a.html,0
http://1337x.to/torrent/294349/American-Idol-S11E04-Auditions-4-HDTV-XviD-FQM-ettv/,0
tncbio.com/system/application/views/admin/tinymce/jscripts/tiny_mce/plugins/filemanager/files/templates/directory/images/cgi-bin/1abf9f3304b2d1650bd25aed555c40aa,0
baniokreek.webhost-biz.com/plugins/content/index.php,0
